frame,timestamp,cx,cy,radius_px,bbox_w,bbox_h,x,y,z,ex_norm,ey_norm,radius_norm,guidance
222,1774867527.012444,328.000000,481.000000,57.008869,115.000000,33.000000,-2.736416,0.008771,2.806581,-0.487500,0.002083,0.059384,MOVE_LEFT
223,1774867527.076511,327.850006,481.000000,57.500099,116.000000,34.000000,-2.714343,0.008696,2.782604,-0.487734,0.002083,0.059896,MOVE_LEFT
224,1774867527.129546,327.894989,481.000000,58.008720,117.000000,35.000000,-2.690156,0.008619,2.758206,-0.487664,0.002083,0.060426,MOVE_LEFT
225,1774867527.190764,327.777771,481.000000,58.504375,118.000000,35.000000,-2.668366,0.008546,2.734838,-0.487847,0.002083,0.060942,MOVE_LEFT
226,1774867527.257843,327.694458,480.849976,58.502235,118.000000,36.000000,-2.669176,0.007264,2.734938,-0.487977,0.001771,0.060940,MOVE_LEFT
227,1774867527.339889,327.636139,480.894958,59.500099,120.000000,37.000000,-2.624902,0.007521,2.689071,-0.488069,0.001864,0.061979,MOVE_LEFT
228,1774867527.455932,327.595306,481.226471,59.500099,120.000000,37.000000,-2.625245,0.010306,2.689071,-0.488132,0.002555,0.061979,MOVE_LEFT
230,1774867527.559404,327.566711,481.158508,60.500099,122.000000,38.000000,-2.582089,0.009574,2.644624,-0.488177,0.002414,0.063021,MOVE_LEFT
231,1774867527.620831,327.546692,481.110962,60.500099,122.000000,39.000000,-2.582255,0.009181,2.644624,-0.488208,0.002315,0.063021,MOVE_LEFT
233,1774867527.746212,327.386383,481.077698,61.020584,123.000000,40.000000,-2.561542,0.008831,2.622066,-0.488459,0.002245,0.063563,MOVE_LEFT
237,1774867527.975292,327.570465,481.204407,62.018242,125.000000,43.000000,-2.518852,0.009710,2.579886,-0.488171,0.002509,0.064602,MOVE_LEFT
238,1774867528.023885,327.699310,481.293091,62.002117,125.000000,43.000000,-2.518468,0.010428,2.580557,-0.487970,0.002694,0.064586,MOVE_LEFT
239,1774867528.077888,327.639526,481.355164,62.518097,126.000000,44.000000,-2.498160,0.010838,2.559259,-0.488063,0.002823,0.065123,MOVE_LEFT
240,1774867528.144221,327.747681,481.398621,63.017952,127.000000,44.000000,-2.477487,0.011097,2.538959,-0.487894,0.002914,0.065644,MOVE_LEFT
244,1774867528.370665,327.825745,481.429047,63.010017,127.000000,46.000000,-2.477180,0.011340,2.539279,-0.487772,0.002977,0.065635,MOVE_LEFT
245,1774867528.431086,328.028015,481.450348,63.502068,128.000000,46.000000,-2.456392,0.011420,2.519603,-0.487456,0.003022,0.066148,MOVE_LEFT
246,1774867528.493846,328.026642,481.465240,64.025490,129.000000,47.000000,-2.436322,0.011443,2.499005,-0.487458,0.003053,0.066693,MOVE_LEFT
247,1774867528.551341,328.168640,481.625671,64.500099,130.000000,47.000000,-2.417294,0.012602,2.480616,-0.487236,0.003387,0.067188,MOVE_LEFT
248,1774867528.606665,328.415710,481.587982,64.009865,129.000000,48.000000,-2.433877,0.012404,2.499615,-0.486850,0.003308,0.066677,MOVE_LEFT
249,1774867528.678702,328.591003,481.561584,64.017677,129.000000,48.000000,-2.432211,0.012197,2.499310,-0.486577,0.003253,0.066685,MOVE_LEFT
250,1774867528.758934,328.713715,481.393127,64.007912,129.000000,49.000000,-2.431624,0.010882,2.499691,-0.486385,0.002902,0.066675,MOVE_LEFT
251,1774867528.829942,328.799591,481.275208,65.000099,131.000000,49.000000,-2.393846,0.009809,2.461535,-0.486251,0.002657,0.067708,MOVE_LEFT
254,1774867529.000837,328.859711,481.342651,65.017403,131.000000,50.000000,-2.392746,0.010325,2.460880,-0.486157,0.002797,0.067726,MOVE_LEFT
260,1774867529.389487,329.051819,481.239868,65.530624,132.000000,52.000000,-2.372541,0.009460,2.441607,-0.485857,0.002583,0.068261,MOVE_LEFT
261,1774867529.444985,329.186279,481.167908,65.530624,132.000000,52.000000,-2.371515,0.008911,2.441607,-0.485646,0.002433,0.068261,MOVE_LEFT
262,1774867529.497461,329.280396,480.967529,65.547791,132.000000,53.000000,-2.370176,0.007380,2.440967,-0.485499,0.002016,0.068279,MOVE_LEFT
263,1774867529.557077,329.346283,480.827271,65.547791,132.000000,53.000000,-2.369673,0.006310,2.440967,-0.485396,0.001723,0.068279,MOVE_LEFT
264,1774867529.617911,329.392395,480.729065,65.547791,132.000000,53.000000,-2.369322,0.005561,2.440967,-0.485324,0.001519,0.068279,MOVE_LEFT
265,1774867529.682113,329.570129,480.660339,66.032272,133.000000,54.000000,-2.350592,0.005000,2.423058,-0.485047,0.001376,0.068784,MOVE_LEFT
266,1774867529.728002,329.549072,480.612244,66.501976,134.000000,54.000000,-2.334148,0.004603,2.405944,-0.485080,0.001276,0.069273,MOVE_LEFT
267,1774867529.785487,329.534363,480.578552,66.501976,134.000000,54.000000,-2.334259,0.004350,2.405944,-0.485103,0.001205,0.069273,MOVE_LEFT
270,1774867529.956746,329.521820,480.554993,66.509506,134.000000,55.000000,-2.334089,0.004172,2.405671,-0.485122,0.001156,0.069281,MOVE_LEFT
271,1774867530.015789,329.513031,480.538513,66.509506,134.000000,55.000000,-2.334155,0.004048,2.405671,-0.485136,0.001122,0.069281,MOVE_LEFT
272,1774867530.077533,329.502350,480.526978,66.524529,134.000000,56.000000,-2.333708,0.003961,2.405128,-0.485153,0.001098,0.069296,MOVE_LEFT
273,1774867530.124216,329.351654,480.518860,67.001968,135.000000,57.000000,-2.318203,0.003872,2.387990,-0.485388,0.001081,0.069794,MOVE_LEFT
274,1774867530.186474,329.246155,480.513184,67.001968,135.000000,57.000000,-2.318990,0.003830,2.387990,-0.485553,0.001069,0.069794,MOVE_LEFT
277,1774867530.355533,329.172302,480.509216,67.016891,135.000000,57.000000,-2.319025,0.003799,2.387458,-0.485668,0.001061,0.069809,MOVE_LEFT
278,1774867530.420935,329.113892,480.506470,67.024361,135.000000,57.000000,-2.319202,0.003778,2.387192,-0.485760,0.001055,0.069817,MOVE_LEFT
279,1774867530.481308,328.929718,480.504517,67.501953,136.000000,59.000000,-2.304158,0.003737,2.370302,-0.486047,0.001051,0.070315,MOVE_LEFT
281,1774867530.585765,328.800781,480.503174,67.501953,136.000000,59.000000,-2.305113,0.003727,2.370302,-0.486249,0.001048,0.070315,MOVE_LEFT
282,1774867530.645910,328.708313,480.502197,67.509354,136.000000,59.000000,-2.305545,0.003719,2.370042,-0.486393,0.001046,0.070322,MOVE_LEFT
283,1774867530.708085,328.643585,480.501526,67.509354,136.000000,60.000000,-2.306024,0.003714,2.370042,-0.486494,0.001045,0.070322,MOVE_LEFT
284,1774867530.766546,328.593842,480.501099,67.524170,136.000000,60.000000,-2.305887,0.003711,2.369522,-0.486572,0.001044,0.070338,MOVE_LEFT
285,1774867530.808469,328.415680,480.350769,67.067230,135.000000,59.000000,-2.322925,0.002615,2.385666,-0.486851,0.000731,0.069862,MOVE_LEFT
286,1774867530.866848,328.290985,480.245544,67.067230,135.000000,59.000000,-2.323855,0.001831,2.385666,-0.487045,0.000512,0.069862,MOVE_LEFT
287,1774867530.922643,328.063690,480.171875,67.533440,136.000000,59.000000,-2.309495,0.001273,2.369197,-0.487400,0.000358,0.070347,MOVE_LEFT
288,1774867530.972458,327.903473,480.120300,67.537132,136.000000,60.000000,-2.310555,0.000891,2.369067,-0.487651,0.000251,0.070351,MOVE_LEFT
290,1774867531.094474,327.782440,480.084198,67.566734,136.000000,61.000000,-2.310438,0.000623,2.368029,-0.487840,0.000175,0.070382,MOVE_LEFT
291,1774867531.158737,327.697723,480.058929,67.529724,136.000000,61.000000,-2.312332,0.000436,2.369327,-0.487972,0.000123,0.070343,MOVE_LEFT
292,1774867531.211715,327.638397,480.041260,67.566734,136.000000,61.000000,-2.311504,0.000305,2.368029,-0.488065,0.000086,0.070382,MOVE_LEFT
293,1774867531.268274,327.596893,480.028870,67.566734,136.000000,61.000000,-2.311811,0.000214,2.368029,-0.488130,0.000060,0.070382,MOVE_LEFT
294,1774867531.332855,327.567841,480.020203,67.566734,136.000000,61.000000,-2.312026,0.000150,2.368029,-0.488175,0.000042,0.070382,MOVE_LEFT
295,1774867531.391814,327.400787,480.014130,68.018471,137.000000,61.000000,-2.297899,0.000104,2.352302,-0.488436,0.000029,0.070853,MOVE_LEFT
296,1774867531.445477,327.282745,480.159912,68.009293,137.000000,62.000000,-2.299077,0.001176,2.352620,-0.488621,0.000333,0.070843,MOVE_LEFT
297,1774867531.498370,327.197937,480.261963,68.016640,137.000000,62.000000,-2.299452,0.001926,2.352366,-0.488753,0.000546,0.070851,MOVE_LEFT
298,1774867531.558857,327.138550,480.333374,68.016640,137.000000,62.000000,-2.299889,0.002451,2.352366,-0.488846,0.000695,0.070851,MOVE_LEFT
299,1774867531.611568,327.093689,480.533386,68.018494,137.000000,62.000000,-2.300156,0.003921,2.352301,-0.488916,0.001111,0.070853,MOVE_LEFT
300,1774867531.667031,327.062286,480.673340,68.018494,137.000000,62.000000,-2.300387,0.004950,2.352301,-0.488965,0.001403,0.070853,MOVE_LEFT
301,1774867531.721875,327.036987,480.621338,68.023987,137.000000,63.000000,-2.300387,0.004567,2.352111,-0.489005,0.001294,0.070858,MOVE_LEFT
302,1774867531.793161,327.021484,480.584961,68.031342,137.000000,63.000000,-2.300252,0.004299,2.351857,-0.489029,0.001219,0.070866,MOVE_LEFT
303,1774867531.837556,326.865051,481.009460,68.500099,138.000000,63.000000,-2.285653,0.007368,2.335763,-0.489273,0.002103,0.071354,MOVE_LEFT
304,1774867531.900110,326.755524,481.156616,68.501923,138.000000,63.000000,-2.286392,0.008442,2.335701,-0.489444,0.002410,0.071356,MOVE_LEFT
305,1774867531.957200,326.528870,481.109619,68.066246,137.000000,63.000000,-2.302691,0.008151,2.350651,-0.489799,0.002312,0.070902,MOVE_LEFT
306,1774867532.014846,326.375732,481.076721,68.047867,137.000000,63.000000,-2.304439,0.007911,2.351286,-0.490038,0.002243,0.070883,MOVE_LEFT
307,1774867532.069907,326.268524,481.053711,68.047867,137.000000,63.000000,-2.305226,0.007742,2.351286,-0.490205,0.002195,0.070883,MOVE_LEFT
308,1774867532.114381,326.187988,481.187592,68.046036,137.000000,63.000000,-2.305880,0.008726,2.351349,-0.490331,0.002474,0.070881,MOVE_LEFT
309,1774867532.175080,326.131592,481.131287,68.066246,137.000000,63.000000,-2.305610,0.008310,2.350651,-0.490419,0.002357,0.070902,MOVE_LEFT
311,1774867532.285085,325.943207,481.391907,68.503761,138.000000,63.000000,-2.292259,0.010159,2.335638,-0.490714,0.002900,0.071358,MOVE_LEFT
313,1774867532.400142,325.808075,481.724335,68.509232,138.000000,64.000000,-2.293063,0.012585,2.335452,-0.490925,0.003592,0.071364,MOVE_LEFT
314,1774867532.459439,325.712372,481.807037,68.518341,138.000000,64.000000,-2.293456,0.013187,2.335141,-0.491074,0.003765,0.071373,MOVE_LEFT
315,1774867532.508265,325.498657,481.714935,68.090111,137.000000,64.000000,-2.309449,0.012593,2.349827,-0.491408,0.003573,0.070927,MOVE_LEFT
316,1774867532.563263,325.349060,481.650452,68.090111,137.000000,64.000000,-2.310548,0.012120,2.349827,-0.491642,0.003438,0.070927,MOVE_LEFT
317,1774867532.633947,325.244354,481.455322,68.117645,137.000000,64.000000,-2.310383,0.010682,2.348877,-0.491806,0.003032,0.070956,MOVE_LEFT
318,1774867532.694568,325.027618,481.468719,68.523834,138.000000,64.000000,-2.298269,0.010717,2.334954,-0.492144,0.003060,0.071379,MOVE_LEFT
320,1774867532.814375,324.869324,481.628113,68.529289,138.000000,65.000000,-2.299241,0.011879,2.334768,-0.492392,0.003392,0.071385,MOVE_LEFT
322,1774867532.924390,324.745392,481.589691,68.545715,138.000000,64.000000,-2.299594,0.011596,2.334209,-0.492585,0.003312,0.071402,MOVE_LEFT
323,1774867532.982527,324.521790,481.262817,68.148834,137.000000,64.000000,-2.314627,0.009265,2.347802,-0.492935,0.002631,0.070988,MOVE_LEFT
324,1774867533.042731,324.365265,481.183960,68.117645,137.000000,64.000000,-2.316835,0.008691,2.348877,-0.493179,0.002467,0.070956,MOVE_LEFT
325,1774867533.100397,324.122101,481.128784,68.562134,138.000000,64.000000,-2.303589,0.008232,2.333650,-0.493559,0.002352,0.071419,MOVE_LEFT
326,1774867533.149415,323.943146,481.090149,68.591293,138.000000,65.000000,-2.303914,0.007947,2.332658,-0.493839,0.002271,0.071449,MOVE_LEFT
327,1774867533.208396,323.815674,481.063110,68.547531,138.000000,65.000000,-2.306314,0.007755,2.334147,-0.494038,0.002215,0.071404,MOVE_LEFT
328,1774867533.268056,323.720978,481.044189,68.565758,138.000000,65.000000,-2.306392,0.007615,2.333526,-0.494186,0.002175,0.071423,MOVE_LEFT
329,1774867533.332357,323.654663,481.030945,68.565758,138.000000,65.000000,-2.306876,0.007518,2.333526,-0.494290,0.002148,0.071423,MOVE_LEFT
330,1774867533.387850,323.608276,481.021667,68.565758,138.000000,66.000000,-2.307214,0.007450,2.333526,-0.494362,0.002128,0.071423,MOVE_LEFT
331,1774867533.441880,323.564850,480.865173,68.553009,138.000000,65.000000,-2.307960,0.006310,2.333960,-0.494430,0.001802,0.071409,MOVE_LEFT
332,1774867533.500919,323.545410,480.455627,68.589455,138.000000,65.000000,-2.306875,0.003321,2.332720,-0.494460,0.000949,0.071447,MOVE_LEFT
333,1774867533.573193,323.531799,480.168945,68.589455,138.000000,65.000000,-2.306974,0.001232,2.332720,-0.494482,0.000352,0.071447,MOVE_LEFT
334,1774867533.618866,323.522278,479.818268,68.616791,138.000000,66.000000,-2.306124,-0.001324,2.331791,-0.494496,-0.000379,0.071476,MOVE_LEFT
335,1774867533.691856,323.502441,479.572784,68.573067,138.000000,66.000000,-2.307740,-0.003115,2.333278,-0.494527,-0.000890,0.071430,MOVE_LEFT
336,1774867533.750964,323.488586,479.400970,68.573067,138.000000,65.000000,-2.307841,-0.004368,2.333278,-0.494549,-0.001248,0.071430,MOVE_LEFT
337,1774867533.796722,323.343079,479.580688,69.003731,139.000000,65.000000,-2.294491,-0.003038,2.318715,-0.494776,-0.000874,0.071879,MOVE_LEFT
338,1774867533.846333,323.240143,479.556488,69.001907,139.000000,66.000000,-2.295298,-0.003214,2.318776,-0.494937,-0.000924,0.071877,MOVE_LEFT
339,1774867533.909614,323.318115,479.089539,68.616791,138.000000,66.000000,-2.307612,-0.006634,2.331791,-0.494815,-0.001897,0.071476,MOVE_LEFT
340,1774867533.965762,323.372681,478.612671,68.647751,138.000000,66.000000,-2.306174,-0.010105,2.330739,-0.494730,-0.002890,0.071508,MOVE_LEFT
341,1774867534.022543,323.391174,478.278870,68.582207,138.000000,66.000000,-2.308243,-0.012548,2.332967,-0.494701,-0.003586,0.071440,MOVE_LEFT
342,1774867534.070286,323.404114,478.045197,68.582207,138.000000,66.000000,-2.308149,-0.014252,2.332967,-0.494681,-0.004073,0.071440,MOVE_LEFT
343,1774867534.130864,323.413177,477.881622,68.582207,138.000000,67.000000,-2.308083,-0.015444,2.332967,-0.494667,-0.004413,0.071440,MOVE_LEFT
344,1774867534.178858,323.290314,478.217133,69.003731,139.000000,66.000000,-2.294874,-0.012919,2.318715,-0.494859,-0.003714,0.071879,MOVE_LEFT
345,1774867534.234797,323.337891,478.001984,68.596756,138.000000,66.000000,-2.308142,-0.014563,2.332472,-0.494785,-0.004163,0.071455,MOVE_LEFT
346,1774867534.292467,323.371185,477.851379,68.596756,138.000000,66.000000,-2.307899,-0.015661,2.332472,-0.494733,-0.004476,0.071455,MOVE_LEFT
347,1774867534.357776,323.394501,477.745972,68.596756,138.000000,66.000000,-2.307729,-0.016430,2.332472,-0.494696,-0.004696,0.071455,MOVE_LEFT
348,1774867534.411210,323.410828,477.672180,68.596756,138.000000,66.000000,-2.307610,-0.016967,2.332472,-0.494671,-0.004850,0.071455,MOVE_LEFT
349,1774867534.462212,323.431000,477.620514,68.567574,138.000000,66.000000,-2.308445,-0.017351,2.333465,-0.494639,-0.004957,0.071425,MOVE_LEFT
350,1774867534.518429,323.451721,477.584351,68.589455,138.000000,67.000000,-2.307558,-0.017609,2.332720,-0.494607,-0.005033,0.071447,MOVE_LEFT
351,1774867534.580598,323.466187,477.559052,68.589455,138.000000,67.000000,-2.307452,-0.017794,2.332720,-0.494584,-0.005085,0.071447,MOVE_LEFT
352,1774867534.639666,323.476318,477.541321,68.589455,138.000000,67.000000,-2.307379,-0.017923,2.332720,-0.494568,-0.005122,0.071447,MOVE_LEFT
353,1774867534.683194,323.483429,477.678955,68.565758,138.000000,67.000000,-2.308124,-0.016926,2.333526,-0.494557,-0.004836,0.071423,MOVE_LEFT
354,1774867534.740972,323.488403,477.775269,68.565758,138.000000,67.000000,-2.308088,-0.016223,2.333526,-0.494549,-0.004635,0.071423,MOVE_LEFT
355,1774867534.800794,323.491882,477.842712,68.565758,138.000000,67.000000,-2.308063,-0.015732,2.333526,-0.494544,-0.004494,0.071423,MOVE_LEFT
356,1774867534.864443,323.494324,478.039917,68.545708,138.000000,67.000000,-2.308720,-0.014298,2.334209,-0.494540,-0.004084,0.071402,MOVE_LEFT
357,1774867534.922816,323.496033,478.027954,68.565758,138.000000,67.000000,-2.308032,-0.014381,2.333526,-0.494537,-0.004108,0.071423,MOVE_LEFT
358,1774867534.980619,323.497223,478.019592,68.565758,138.000000,67.000000,-2.308024,-0.014442,2.333526,-0.494536,-0.004126,0.071423,MOVE_LEFT
359,1774867535.027257,323.498047,478.013733,68.565758,138.000000,67.000000,-2.308018,-0.014484,2.333526,-0.494534,-0.004138,0.071423,MOVE_LEFT
360,1774867535.090960,323.506287,478.009644,68.591278,138.000000,67.000000,-2.307099,-0.014509,2.332658,-0.494521,-0.004147,0.071449,MOVE_LEFT
361,1774867535.149039,323.512054,478.006775,68.591278,138.000000,67.000000,-2.307057,-0.014530,2.332658,-0.494512,-0.004153,0.071449,MOVE_LEFT
362,1774867535.217193,323.521576,478.004761,68.573067,138.000000,66.000000,-2.307600,-0.014548,2.333278,-0.494498,-0.004157,0.071430,MOVE_LEFT
363,1774867535.263349,323.538086,478.003357,68.605911,138.000000,66.000000,-2.306375,-0.014552,2.332161,-0.494472,-0.004160,0.071464,MOVE_LEFT
364,1774867535.318412,323.813538,478.002380,68.573074,138.000000,67.000000,-2.305471,-0.014566,2.333277,-0.494041,-0.004162,0.071430,MOVE_LEFT
365,1774867535.376781,324.006348,478.001648,68.573074,138.000000,67.000000,-2.304065,-0.014571,2.333277,-0.493740,-0.004163,0.071430,MOVE_LEFT
366,1774867535.440508,324.147888,478.151123,68.567574,138.000000,67.000000,-2.303218,-0.013482,2.333465,-0.493519,-0.003852,0.071425,MOVE_LEFT
367,1774867535.495358,324.246948,478.255798,68.567574,138.000000,67.000000,-2.302495,-0.012719,2.333465,-0.493364,-0.003634,0.071425,MOVE_LEFT
368,1774867535.552801,324.322876,478.479065,68.565758,138.000000,68.000000,-2.302003,-0.011091,2.333526,-0.493246,-0.003169,0.071423,MOVE_LEFT
369,1774867535.604584,324.376038,478.635345,68.565758,138.000000,68.000000,-2.301615,-0.009951,2.333526,-0.493162,-0.002843,0.071423,MOVE_LEFT
370,1774867535.668656,324.413208,478.744751,68.565758,138.000000,67.000000,-2.301344,-0.009154,2.333526,-0.493104,-0.002615,0.071423,MOVE_LEFT
371,1774867535.727459,324.444733,478.821320,68.547531,138.000000,67.000000,-2.301726,-0.008598,2.334147,-0.493055,-0.002456,0.071404,MOVE_LEFT
372,1774867535.783473,324.468994,478.874939,68.591293,138.000000,67.000000,-2.300081,-0.008201,2.332658,-0.493017,-0.002344,0.071449,MOVE_LEFT
373,1774867535.830664,324.478302,478.612488,68.616791,138.000000,67.000000,-2.299158,-0.010111,2.331791,-0.493003,-0.002891,0.071476,MOVE_LEFT
374,1774867535.888138,324.504517,478.578735,68.582191,138.000000,67.000000,-2.300127,-0.010362,2.332967,-0.492962,-0.002961,0.071440,MOVE_LEFT
375,1774867535.942502,324.653168,478.405090,68.183678,137.000000,67.000000,-2.312480,-0.011696,2.346603,-0.492729,-0.003323,0.071025,MOVE_LEFT
376,1774867535.995346,324.757233,478.133545,68.148834,137.000000,67.000000,-2.312899,-0.013694,2.347802,-0.492567,-0.003888,0.070988,MOVE_LEFT
377,1774867536.048678,324.841095,477.943481,68.185509,137.000000,68.000000,-2.311040,-0.015080,2.346540,-0.492436,-0.004284,0.071027,MOVE_LEFT
378,1774867536.116235,325.022339,477.960449,68.562141,138.000000,68.000000,-2.297023,-0.014874,2.333649,-0.492153,-0.004249,0.071419,MOVE_LEFT
379,1774867536.175672,325.149231,477.972290,68.562141,138.000000,67.000000,-2.296098,-0.014787,2.333649,-0.491954,-0.004224,0.071419,MOVE_LEFT
380,1774867536.237063,325.248993,477.980591,68.547531,138.000000,67.000000,-2.295860,-0.014730,2.334147,-0.491798,-0.004207,0.071404,MOVE_LEFT
381,1774867536.281166,325.324280,477.986389,68.565758,138.000000,67.000000,-2.294700,-0.014684,2.333526,-0.491681,-0.004195,0.071423,MOVE_LEFT
382,1774867536.339034,325.376984,477.990479,68.565758,138.000000,68.000000,-2.294316,-0.014654,2.333526,-0.491598,-0.004187,0.071423,MOVE_LEFT
384,1774867536.445034,325.408417,477.693329,68.547531,138.000000,67.000000,-2.294697,-0.016825,2.334147,-0.491549,-0.004806,0.071404,MOVE_LEFT
385,1774867536.495219,325.435883,477.485321,68.565758,138.000000,67.000000,-2.293886,-0.018338,2.333526,-0.491506,-0.005239,0.071423,MOVE_LEFT
386,1774867536.557032,325.455109,477.339722,68.565758,138.000000,67.000000,-2.293746,-0.019399,2.333526,-0.491476,-0.005542,0.071423,MOVE_LEFT
387,1774867536.618432,325.468567,477.237793,68.565758,138.000000,68.000000,-2.293648,-0.020143,2.333526,-0.491455,-0.005755,0.071423,MOVE_LEFT
388,1774867536.665654,325.477997,477.166443,68.565758,138.000000,68.000000,-2.293579,-0.020663,2.333526,-0.491441,-0.005903,0.071423,MOVE_LEFT
390,1774867536.779044,325.473633,476.966522,68.553009,138.000000,68.000000,-2.294038,-0.022125,2.333960,-0.491447,-0.006320,0.071409,MOVE_LEFT
391,1774867536.844704,325.468414,476.676575,68.573067,138.000000,68.000000,-2.293405,-0.024233,2.333278,-0.491456,-0.006924,0.071430,MOVE_LEFT
392,1774867536.905032,325.464752,476.473572,68.573067,138.000000,68.000000,-2.293431,-0.025713,2.333278,-0.491461,-0.007347,0.071430,MOVE_LEFT
393,1774867536.972518,325.458893,476.331482,68.562141,138.000000,68.000000,-2.293840,-0.026753,2.333649,-0.491470,-0.007643,0.071419,MOVE_LEFT
394,1774867537.034417,325.451538,476.082031,68.582207,138.000000,68.000000,-2.293222,-0.028564,2.332967,-0.491482,-0.008162,0.071440,MOVE_LEFT
395,1774867537.094647,325.446350,475.907410,68.582207,138.000000,68.000000,-2.293260,-0.029837,2.332967,-0.491490,-0.008526,0.071440,MOVE_LEFT
396,1774867537.140093,325.312439,475.785217,68.222160,137.000000,68.000000,-2.306344,-0.030890,2.345279,-0.491699,-0.008781,0.071065,MOVE_LEFT
397,1774867537.199295,325.218719,475.549652,68.183678,137.000000,68.000000,-2.308333,-0.032635,2.346603,-0.491846,-0.009272,0.071025,MOVE_LEFT
398,1774867537.258643,325.153107,475.384766,68.183678,137.000000,68.000000,-2.308814,-0.033844,2.346603,-0.491948,-0.009615,0.071025,MOVE_LEFT
399,1774867537.320035,324.987854,475.419312,68.618675,138.000000,68.000000,-2.295382,-0.033378,2.331727,-0.492206,-0.009543,0.071478,MOVE_LEFT
400,1774867537.365094,324.856842,475.443542,68.596756,138.000000,68.000000,-2.297070,-0.033212,2.332472,-0.492411,-0.009493,0.071455,MOVE_LEFT
401,1774867537.422732,324.765106,475.460510,68.596756,138.000000,68.000000,-2.297739,-0.033088,2.332472,-0.492555,-0.009457,0.071455,MOVE_LEFT
402,1774867537.482714,324.700897,475.472351,68.596756,138.000000,68.000000,-2.298207,-0.033002,2.332472,-0.492655,-0.009433,0.071455,MOVE_LEFT
403,1774867537.545985,324.655945,475.480652,68.596756,138.000000,68.000000,-2.298535,-0.032941,2.332472,-0.492725,-0.009415,0.071455,MOVE_LEFT
404,1774867537.588437,324.624481,475.486450,68.596756,138.000000,69.000000,-2.298764,-0.032899,2.332472,-0.492774,-0.009403,0.071455,MOVE_LEFT
405,1774867537.649003,324.602478,475.490540,68.596756,138.000000,68.000000,-2.298924,-0.032869,2.332472,-0.492809,-0.009395,0.071455,MOVE_LEFT
406,1774867537.707380,324.580505,475.493408,68.618622,138.000000,68.000000,-2.298352,-0.032838,2.331729,-0.492843,-0.009389,0.071478,MOVE_LEFT
407,1774867537.765944,324.706360,476.395386,69.001907,139.000000,68.000000,-2.284673,-0.026120,2.318776,-0.492646,-0.007510,0.071877,MOVE_LEFT
408,1774867537.808136,324.794464,477.026794,69.001907,139.000000,68.000000,-2.284035,-0.021544,2.318776,-0.492509,-0.006194,0.071877,MOVE_LEFT
409,1774867537.868375,324.986420,476.868774,68.655075,138.000000,68.000000,-2.294175,-0.022804,2.330490,-0.492209,-0.006523,0.071516,MOVE_LEFT
410,1774867537.922623,325.122986,476.908142,68.624084,138.000000,69.000000,-2.294217,-0.022527,2.331543,-0.491995,-0.006441,0.071483,MOVE_LEFT
411,1774867537.973023,325.236084,476.935699,68.616791,138.000000,69.000000,-2.293636,-0.022329,2.331791,-0.491819,-0.006384,0.071476,MOVE_LEFT
412,1774867538.026341,325.315247,476.954987,68.616791,138.000000,68.000000,-2.293059,-0.022189,2.331791,-0.491695,-0.006344,0.071476,MOVE_LEFT
413,1774867538.090341,325.370667,477.118500,68.589455,138.000000,68.000000,-2.293569,-0.021005,2.332720,-0.491608,-0.006003,0.071447,MOVE_LEFT
414,1774867538.137753,325.409454,477.532959,68.589455,138.000000,68.000000,-2.293287,-0.017984,2.332720,-0.491548,-0.005140,0.071447,MOVE_LEFT
415,1774867538.195799,325.436615,477.673096,68.616791,138.000000,69.000000,-2.292175,-0.016956,2.331791,-0.491505,-0.004848,0.071476,MOVE_LEFT
416,1774867538.254916,325.455627,477.621155,68.647751,138.000000,69.000000,-2.291003,-0.017326,2.330739,-0.491476,-0.004956,0.071508,MOVE_LEFT
417,1774867538.315985,325.477722,477.584808,68.618622,138.000000,69.000000,-2.291814,-0.017599,2.331729,-0.491441,-0.005032,0.071478,MOVE_LEFT
418,1774867538.356791,325.634399,478.309357,69.007347,139.000000,68.000000,-2.277769,-0.012250,2.318594,-0.491196,-0.003522,0.071883,MOVE_LEFT
419,1774867538.412190,325.874359,478.366577,68.655075,138.000000,68.000000,-2.287709,-0.011896,2.330490,-0.490821,-0.003403,0.071516,MOVE_LEFT
420,1774867538.476624,326.053284,478.406616,68.618607,138.000000,69.000000,-2.287621,-0.011610,2.331729,-0.490542,-0.003320,0.071478,MOVE_LEFT
421,1774867538.522692,326.187286,478.584625,68.616791,138.000000,69.000000,-2.286705,-0.010314,2.331791,-0.490332,-0.002949,0.071476,MOVE_LEFT
422,1774867538.577843,326.281097,478.859253,68.589455,138.000000,69.000000,-2.286932,-0.008316,2.332720,-0.490186,-0.002377,0.071447,MOVE_LEFT
423,1774867538.637208,326.346771,479.201477,68.616791,138.000000,69.000000,-2.285543,-0.005819,2.331791,-0.490083,-0.001664,0.071476,MOVE_LEFT
424,1774867538.700239,326.392731,479.141052,68.616791,138.000000,69.000000,-2.285208,-0.006259,2.331791,-0.490011,-0.001789,0.071476,MOVE_LEFT
425,1774867538.756160,326.424927,479.248749,68.647751,138.000000,69.000000,-2.283943,-0.005472,2.330739,-0.489961,-0.001565,0.071508,MOVE_LEFT
426,1774867538.812831,326.457306,479.174133,68.649567,138.000000,69.000000,-2.283647,-0.006015,2.330677,-0.489910,-0.001721,0.071510,MOVE_LEFT
427,1774867538.864082,326.479980,479.121887,68.649567,138.000000,69.000000,-2.283481,-0.006396,2.330677,-0.489875,-0.001829,0.071510,MOVE_LEFT
428,1774867538.928218,326.635986,479.985321,69.007347,139.000000,69.000000,-2.270512,-0.000106,2.318594,-0.489631,-0.000031,0.071883,MOVE_LEFT
429,1774867538.987776,326.875488,479.839722,68.655075,138.000000,69.000000,-2.280418,-0.001167,2.330490,-0.489257,-0.000334,0.071516,MOVE_LEFT
430,1774867539.048821,327.045319,479.887787,68.624115,138.000000,69.000000,-2.280209,-0.000818,2.331542,-0.488992,-0.000234,0.071483,MOVE_LEFT
431,1774867539.093601,327.171875,479.921448,68.649590,138.000000,69.000000,-2.278441,-0.000572,2.330677,-0.488794,-0.000164,0.071510,MOVE_LEFT
432,1774867539.151506,327.270325,479.945007,68.616791,138.000000,69.000000,-2.278813,-0.000401,2.331791,-0.488640,-0.000115,0.071476,MOVE_LEFT
433,1774867539.211533,327.339233,480.111511,68.589455,138.000000,69.000000,-2.279219,0.000813,2.332720,-0.488532,0.000232,0.071447,MOVE_LEFT
434,1774867539.276671,327.387482,480.228088,68.589455,138.000000,69.000000,-2.278867,0.001663,2.332720,-0.488457,0.000475,0.071447,MOVE_LEFT
435,1774867539.329632,327.421234,480.159668,68.616791,138.000000,69.000000,-2.277713,0.001163,2.331791,-0.488404,0.000333,0.071476,MOVE_LEFT
436,1774867539.384351,327.444855,480.111755,68.616791,138.000000,69.000000,-2.277541,0.000814,2.331791,-0.488367,0.000233,0.071476,MOVE_LEFT
437,1774867539.437725,327.461395,480.078217,68.682335,138.000000,69.000000,-2.275247,0.000569,2.329566,-0.488342,0.000163,0.071544,MOVE_LEFT
438,1774867539.499293,327.472992,480.054749,68.682335,138.000000,69.000000,-2.275163,0.000399,2.329566,-0.488323,0.000114,0.071544,MOVE_LEFT
439,1774867539.554615,327.481110,480.038330,68.682335,138.000000,70.000000,-2.275104,0.000279,2.329566,-0.488311,0.000080,0.071544,MOVE_LEFT
440,1774867539.607611,327.486786,479.876831,68.720551,138.000000,70.000000,-2.273797,-0.000896,2.328270,-0.488302,-0.000257,0.071584,MOVE_LEFT
441,1774867539.662118,327.490753,479.763794,68.720551,138.000000,70.000000,-2.273769,-0.001719,2.328270,-0.488296,-0.000492,0.071584,MOVE_LEFT
442,1774867539.722115,327.523102,479.534668,68.664207,138.000000,70.000000,-2.275399,-0.003388,2.330181,-0.488245,-0.000969,0.071525,MOVE_LEFT
443,1774867539.773920,327.666168,479.374268,68.264290,137.000000,70.000000,-2.287681,-0.004583,2.343832,-0.488022,-0.001304,0.071109,MOVE_LEFT
444,1774867539.829137,327.890045,479.411987,68.633232,138.000000,70.000000,-2.273752,-0.004284,2.331232,-0.487672,-0.001225,0.071493,MOVE_LEFT
445,1774867539.883249,328.062073,479.438385,68.684166,138.000000,70.000000,-2.270814,-0.004088,2.329503,-0.487403,-0.001170,0.071546,MOVE_LEFT
446,1774867539.948573,328.184692,479.456879,68.618607,138.000000,69.000000,-2.272090,-0.003958,2.331729,-0.487211,-0.001132,0.071478,MOVE_LEFT
447,1774867540.006537,328.270508,479.469818,68.618607,138.000000,69.000000,-2.271465,-0.003863,2.331729,-0.487077,-0.001105,0.071478,MOVE_LEFT
451,1774867540.221046,328.339355,479.478882,68.589455,138.000000,70.000000,-2.271928,-0.003799,2.332720,-0.486970,-0.001086,0.071447,MOVE_LEFT
452,1774867540.272072,328.380981,479.485229,68.567574,138.000000,70.000000,-2.272350,-0.003754,2.333465,-0.486905,-0.001072,0.071425,MOVE_LEFT
453,1774867540.327173,328.416687,479.489655,68.589455,138.000000,70.000000,-2.271365,-0.003720,2.332720,-0.486849,-0.001063,0.071447,MOVE_LEFT
454,1774867540.387836,328.441681,479.492767,68.589455,138.000000,69.000000,-2.271182,-0.003698,2.332720,-0.486810,-0.001057,0.071447,MOVE_LEFT
455,1774867540.451608,328.459167,479.494934,68.589455,138.000000,69.000000,-2.271055,-0.003682,2.332720,-0.486783,-0.001052,0.071447,MOVE_LEFT
456,1774867540.520180,328.471436,479.346466,68.616791,138.000000,69.000000,-2.270061,-0.004762,2.331791,-0.486763,-0.001362,0.071476,MOVE_LEFT
457,1774867540.565426,328.480011,479.242523,68.616791,138.000000,69.000000,-2.269998,-0.005520,2.331791,-0.486750,-0.001578,0.071476,MOVE_LEFT
458,1774867540.622339,328.486023,479.169769,68.616791,138.000000,69.000000,-2.269954,-0.006050,2.331791,-0.486741,-0.001730,0.071476,MOVE_LEFT
459,1774867540.681293,328.505554,478.968811,68.596771,138.000000,70.000000,-2.270475,-0.007516,2.332471,-0.486710,-0.002148,0.071455,MOVE_LEFT
460,1774867540.749835,328.519226,478.828186,68.596771,138.000000,70.000000,-2.270375,-0.008541,2.332471,-0.486689,-0.002441,0.071455,MOVE_LEFT
461,1774867540.809738,328.533173,478.729736,68.582191,138.000000,70.000000,-2.270756,-0.009261,2.332967,-0.486667,-0.002646,0.071440,MOVE_LEFT
462,1774867540.874861,328.536377,478.510803,68.573074,138.000000,69.000000,-2.271034,-0.010858,2.333277,-0.486662,-0.003102,0.071430,MOVE_LEFT
463,1774867540.926328,328.538605,478.357544,68.573074,138.000000,69.000000,-2.271018,-0.011976,2.333277,-0.486658,-0.003422,0.071430,MOVE_LEFT
464,1774867540.980343,328.664886,477.950287,68.223999,137.000000,69.000000,-2.281713,-0.015022,2.345216,-0.486461,-0.004270,0.071067,MOVE_LEFT
465,1774867541.034584,328.753296,477.665192,68.223999,137.000000,69.000000,-2.281065,-0.017111,2.345216,-0.486323,-0.004864,0.071067,MOVE_LEFT
466,1774867541.095917,328.815186,477.465637,68.223999,137.000000,69.000000,-2.280611,-0.018574,2.345216,-0.486226,-0.005280,0.071067,MOVE_LEFT
467,1774867541.160853,328.870636,477.175964,68.222160,137.000000,69.000000,-2.280266,-0.020697,2.345279,-0.486140,-0.005883,0.071065,MOVE_LEFT
468,1774867541.209842,328.909454,476.973175,68.222160,137.000000,69.000000,-2.279982,-0.022184,2.345279,-0.486079,-0.006306,0.071065,MOVE_LEFT
469,1774867541.265695,328.936615,476.831238,68.222160,137.000000,69.000000,-2.279783,-0.023224,2.345279,-0.486037,-0.006602,0.071065,MOVE_LEFT
470,1774867541.319192,328.955627,476.731873,68.222160,137.000000,69.000000,-2.279643,-0.023952,2.345279,-0.486007,-0.006809,0.071065,MOVE_LEFT
471,1774867541.384864,328.968933,476.512329,68.264290,137.000000,69.000000,-2.278139,-0.025545,2.343832,-0.485986,-0.007266,0.071109,MOVE_LEFT
472,1774867541.443567,328.978241,476.358643,68.264290,137.000000,69.000000,-2.278071,-0.026671,2.343832,-0.485972,-0.007586,0.071109,MOVE_LEFT
473,1774867541.491489,328.972626,476.251038,68.223999,137.000000,69.000000,-2.279457,-0.027475,2.345216,-0.485980,-0.007810,0.071067,MOVE_LEFT
474,1774867541.541618,328.836304,476.475739,68.547531,138.000000,69.000000,-2.269693,-0.025707,2.334147,-0.486193,-0.007342,0.071404,MOVE_LEFT
475,1774867541.604275,328.873291,476.333008,68.223999,137.000000,69.000000,-2.280185,-0.026875,2.345216,-0.486135,-0.007640,0.071067,MOVE_LEFT
476,1774867541.658504,328.766785,476.533112,68.547531,138.000000,69.000000,-2.270200,-0.025288,2.334147,-0.486302,-0.007223,0.071404,MOVE_LEFT
477,1774867541.710222,328.692230,476.673187,68.547531,138.000000,69.000000,-2.270744,-0.024266,2.334147,-0.486418,-0.006931,0.071404,MOVE_LEFT
478,1774867541.764068,328.640045,476.771240,68.547531,138.000000,69.000000,-2.271125,-0.023551,2.334147,-0.486500,-0.006727,0.071404,MOVE_LEFT
479,1774867541.825682,328.606812,476.839874,68.536598,138.000000,69.000000,-2.271729,-0.023054,2.334519,-0.486552,-0.006584,0.071392,MOVE_LEFT
480,1774867541.873353,328.583527,476.887909,68.536598,138.000000,69.000000,-2.271899,-0.022704,2.334519,-0.486588,-0.006484,0.071392,MOVE_LEFT
481,1774867541.929329,328.567230,476.921539,68.536598,138.000000,69.000000,-2.272018,-0.022459,2.334519,-0.486614,-0.006413,0.071392,MOVE_LEFT
482,1774867541.987451,328.686035,476.495056,68.185524,137.000000,68.000000,-2.282845,-0.025702,2.346539,-0.486428,-0.007302,0.071027,MOVE_LEFT
483,1774867542.048630,328.769196,476.196533,68.185524,137.000000,68.000000,-2.282235,-0.027891,2.346539,-0.486298,-0.007924,0.071027,MOVE_LEFT
484,1774867542.093483,328.827393,475.987549,68.185524,137.000000,68.000000,-2.281808,-0.029423,2.346539,-0.486207,-0.008359,0.071027,MOVE_LEFT
485,1774867542.150372,328.868134,475.841309,68.185524,137.000000,68.000000,-2.281510,-0.030495,2.346539,-0.486144,-0.008664,0.071027,MOVE_LEFT
486,1774867542.210086,328.896667,475.738892,68.185524,137.000000,68.000000,-2.281300,-0.031246,2.346539,-0.486099,-0.008877,0.071027,MOVE_LEFT
487,1774867542.270175,328.916626,475.667236,68.185524,137.000000,68.000000,-2.281154,-0.031772,2.346539,-0.486068,-0.009027,0.071027,MOVE_LEFT
488,1774867542.306294,328.941650,475.617065,68.148834,137.000000,68.000000,-2.282199,-0.032157,2.347802,-0.486029,-0.009131,0.070988,MOVE_LEFT
489,1774867542.367625,328.959167,475.581970,68.148834,137.000000,69.000000,-2.282070,-0.032415,2.347802,-0.486001,-0.009204,0.070988,MOVE_LEFT
490,1774867542.422650,328.971405,475.557373,68.148834,137.000000,69.000000,-2.281980,-0.032595,2.347802,-0.485982,-0.009255,0.070988,MOVE_LEFT
491,1774867542.473052,328.979980,475.690186,68.117645,137.000000,69.000000,-2.282962,-0.031635,2.348877,-0.485969,-0.008979,0.070956,MOVE_LEFT
492,1774867542.526329,328.985992,475.783142,68.117645,137.000000,69.000000,-2.282918,-0.030953,2.348877,-0.485959,-0.008785,0.070956,MOVE_LEFT
493,1774867542.589339,328.990204,475.848206,68.117645,137.000000,69.000000,-2.282887,-0.030475,2.348877,-0.485953,-0.008650,0.070956,MOVE_LEFT
494,1774867542.642973,328.993134,475.893738,68.117645,137.000000,68.000000,-2.282866,-0.030141,2.348877,-0.485948,-0.008555,0.070956,MOVE_LEFT
495,1774867542.696466,328.995209,476.075623,68.090111,137.000000,68.000000,-2.283774,-0.028818,2.349827,-0.485945,-0.008176,0.070927,MOVE_LEFT
496,1774867542.750810,328.996643,476.202942,68.090111,137.000000,68.000000,-2.283763,-0.027883,2.349827,-0.485943,-0.007911,0.070927,MOVE_LEFT
497,1774867542.817816,328.997650,476.292053,68.090111,137.000000,68.000000,-2.283756,-0.027228,2.349827,-0.485941,-0.007725,0.070927,MOVE_LEFT
498,1774867542.869672,328.998352,476.354431,68.090111,137.000000,68.000000,-2.283750,-0.026770,2.349827,-0.485940,-0.007595,0.070927,MOVE_LEFT
499,1774867542.931796,328.998840,476.398102,68.090111,137.000000,68.000000,-2.283747,-0.026449,2.349827,-0.485939,-0.007504,0.070927,MOVE_LEFT
500,1774867542.985065,329.006897,476.578674,68.091942,137.000000,68.000000,-2.283626,-0.025123,2.349764,-0.485927,-0.007128,0.070929,MOVE_LEFT
501,1774867543.050026,329.004822,476.705078,68.117645,137.000000,68.000000,-2.282780,-0.024186,2.348877,-0.485930,-0.006864,0.070956,MOVE_LEFT
502,1774867543.110688,329.003387,476.793549,68.117645,137.000000,68.000000,-2.282790,-0.023536,2.348877,-0.485932,-0.006680,0.070956,MOVE_LEFT
503,1774867543.164450,329.002380,476.855499,68.117645,137.000000,67.000000,-2.282798,-0.023081,2.348877,-0.485934,-0.006551,0.070956,MOVE_LEFT
504,1774867543.215703,329.001678,476.898865,68.117645,137.000000,67.000000,-2.282803,-0.022763,2.348877,-0.485935,-0.006461,0.070956,MOVE_LEFT
505,1774867543.278664,329.001190,476.929199,68.117645,137.000000,67.000000,-2.282807,-0.022540,2.348877,-0.485936,-0.006398,0.070956,MOVE_LEFT
506,1774867543.338651,329.000824,477.100433,68.090111,137.000000,68.000000,-2.283732,-0.021292,2.349827,-0.485936,-0.006041,0.070927,MOVE_LEFT
507,1774867543.399963,329.000580,477.220306,68.090111,137.000000,68.000000,-2.283734,-0.020412,2.349827,-0.485937,-0.005791,0.070927,MOVE_LEFT
508,1774867543.457035,329.000397,477.304199,68.090111,137.000000,68.000000,-2.283735,-0.019796,2.349827,-0.485937,-0.005616,0.070927,MOVE_LEFT
509,1774867543.514258,329.000275,477.362946,68.090111,137.000000,68.000000,-2.283736,-0.019364,2.349827,-0.485937,-0.005494,0.070927,MOVE_LEFT
510,1774867543.583658,329.000183,477.404053,68.090111,137.000000,68.000000,-2.283737,-0.019063,2.349827,-0.485937,-0.005408,0.070927,MOVE_LEFT
511,1774867543.644785,329.000122,477.432831,68.090111,137.000000,68.000000,-2.283737,-0.018851,2.349827,-0.485937,-0.005348,0.070927,MOVE_LEFT
512,1774867543.710735,329.000092,477.452972,68.090111,137.000000,68.000000,-2.283738,-0.018703,2.349827,-0.485937,-0.005306,0.070927,MOVE_LEFT
513,1774867543.773224,329.000061,477.467072,68.148834,137.000000,68.000000,-2.281770,-0.018584,2.347802,-0.485937,-0.005277,0.070988,MOVE_LEFT
514,1774867543.834424,329.000031,477.476959,68.148834,137.000000,68.000000,-2.281770,-0.018511,2.347802,-0.485937,-0.005256,0.070988,MOVE_LEFT
515,1774867543.892646,329.000031,477.483856,68.148834,137.000000,68.000000,-2.281770,-0.018461,2.347802,-0.485937,-0.005242,0.070988,MOVE_LEFT
516,1774867543.951644,329.000031,477.488708,68.148834,137.000000,68.000000,-2.281770,-0.018425,2.347802,-0.485937,-0.005232,0.070988,MOVE_LEFT
517,1774867544.011126,329.000031,477.492096,68.148834,137.000000,68.000000,-2.281770,-0.018400,2.347802,-0.485937,-0.005225,0.070988,MOVE_LEFT
518,1774867544.078714,329.000031,477.494476,68.148834,137.000000,68.000000,-2.281770,-0.018383,2.347802,-0.485937,-0.005220,0.070988,MOVE_LEFT
519,1774867544.144403,329.000031,477.496124,68.148834,137.000000,68.000000,-2.281770,-0.018371,2.347802,-0.485937,-0.005216,0.070988,MOVE_LEFT
520,1774867544.193422,329.000031,477.497284,68.148834,137.000000,68.000000,-2.281770,-0.018362,2.347802,-0.485937,-0.005214,0.070988,MOVE_LEFT
521,1774867544.255393,329.000031,477.648132,68.117645,137.000000,67.000000,-2.282815,-0.017263,2.348877,-0.485937,-0.004900,0.070956,MOVE_LEFT
522,1774867544.310459,329.000031,477.753723,68.117645,137.000000,67.000000,-2.282815,-0.016488,2.348877,-0.485937,-0.004680,0.070956,MOVE_LEFT
523,1774867544.361405,329.000031,477.827637,68.117645,137.000000,67.000000,-2.282815,-0.015946,2.348877,-0.485937,-0.004526,0.070956,MOVE_LEFT
524,1774867544.415886,329.000031,477.879333,68.117645,137.000000,68.000000,-2.282815,-0.015566,2.348877,-0.485937,-0.004418,0.070956,MOVE_LEFT
525,1774867544.479111,329.000031,477.915527,68.117645,137.000000,68.000000,-2.282815,-0.015301,2.348877,-0.485937,-0.004343,0.070956,MOVE_LEFT
526,1774867544.536285,329.000031,477.940857,68.183678,137.000000,68.000000,-2.280604,-0.015100,2.346603,-0.485937,-0.004290,0.071025,MOVE_LEFT
527,1774867544.586221,329.000031,477.958618,68.183678,137.000000,68.000000,-2.280604,-0.014970,2.346603,-0.485937,-0.004253,0.071025,MOVE_LEFT
528,1774867544.643354,329.000031,477.971008,68.183678,137.000000,68.000000,-2.280604,-0.014879,2.346603,-0.485937,-0.004227,0.071025,MOVE_LEFT
529,1774867544.701809,329.000031,477.979736,68.183678,137.000000,68.000000,-2.280604,-0.014815,2.346603,-0.485937,-0.004209,0.071025,MOVE_LEFT
530,1774867544.759410,328.856598,478.435822,68.523834,138.000000,68.000000,-2.270330,-0.011413,2.334954,-0.486162,-0.003259,0.071379,MOVE_LEFT
531,1774867544.817835,328.756195,478.755066,68.523834,138.000000,68.000000,-2.271062,-0.009084,2.334954,-0.486318,-0.002594,0.071379,MOVE_LEFT
532,1774867544.864070,328.683716,478.978546,68.531105,138.000000,68.000000,-2.271350,-0.007452,2.334706,-0.486432,-0.002128,0.071387,MOVE_LEFT
535,1774867545.035845,328.628601,479.134979,68.516518,138.000000,68.000000,-2.272236,-0.006312,2.335203,-0.486518,-0.001802,0.071371,MOVE_LEFT
536,1774867545.078918,328.590027,479.244476,68.516518,138.000000,67.000000,-2.272518,-0.005513,2.335203,-0.486578,-0.001574,0.071371,MOVE_LEFT
537,1774867545.136198,328.563019,479.171143,68.529289,138.000000,67.000000,-2.272291,-0.006047,2.334768,-0.486620,-0.001727,0.071385,MOVE_LEFT
538,1774867545.192457,328.544128,479.119812,68.529289,138.000000,67.000000,-2.272429,-0.006422,2.334768,-0.486650,-0.001834,0.071385,MOVE_LEFT
539,1774867545.243588,328.527588,479.083862,68.518341,138.000000,67.000000,-2.272913,-0.006685,2.335141,-0.486676,-0.001909,0.071373,MOVE_LEFT
540,1774867545.295512,328.510559,479.058716,68.536598,138.000000,67.000000,-2.272431,-0.006867,2.334519,-0.486702,-0.001961,0.071392,MOVE_LEFT
541,1774867545.357697,328.497528,479.041107,68.532936,138.000000,68.000000,-2.272648,-0.006996,2.334644,-0.486723,-0.001998,0.071388,MOVE_LEFT
542,1774867545.419260,328.359314,478.578766,68.185509,137.000000,68.000000,-2.285241,-0.010422,2.346540,-0.486939,-0.002961,0.071027,MOVE_LEFT
543,1774867545.465955,328.251526,478.105133,68.183678,137.000000,68.000000,-2.286093,-0.013895,2.346603,-0.487107,-0.003948,0.071025,MOVE_LEFT
544,1774867545.518198,328.176056,477.773590,68.183678,137.000000,68.000000,-2.286647,-0.016327,2.346603,-0.487225,-0.004638,0.071025,MOVE_LEFT
545,1774867545.575000,328.123230,477.541504,68.183678,137.000000,67.000000,-2.287034,-0.018028,2.346603,-0.487307,-0.005122,0.071025,MOVE_LEFT
546,1774867545.638045,328.086273,477.379059,68.183678,137.000000,67.000000,-2.287305,-0.019220,2.346603,-0.487365,-0.005460,0.071025,MOVE_LEFT
547,1774867545.678569,328.060394,477.415344,68.148834,137.000000,67.000000,-2.288664,-0.018963,2.347802,-0.487406,-0.005385,0.070988,MOVE_LEFT
548,1774867545.733094,328.042267,477.440735,68.148834,137.000000,67.000000,-2.288797,-0.018777,2.347802,-0.487434,-0.005332,0.070988,MOVE_LEFT
549,1774867545.790606,328.029572,477.308502,68.183678,137.000000,67.000000,-2.287721,-0.019737,2.346603,-0.487454,-0.005607,0.071025,MOVE_LEFT
550,1774867545.855086,328.020691,477.215942,68.183678,137.000000,67.000000,-2.287786,-0.020416,2.346603,-0.487468,-0.005800,0.071025,MOVE_LEFT
551,1774867545.912889,328.004578,477.151154,68.150665,137.000000,67.000000,-2.289012,-0.020901,2.347739,-0.487493,-0.005935,0.070990,MOVE_LEFT
552,1774867545.968447,327.993286,477.105804,68.150665,137.000000,67.000000,-2.289095,-0.021234,2.347739,-0.487511,-0.006030,0.070990,MOVE_LEFT
553,1774867546.019570,327.985382,477.074066,68.150665,137.000000,67.000000,-2.289153,-0.021467,2.347739,-0.487523,-0.006096,0.070990,MOVE_LEFT
554,1774867546.072460,327.845245,477.051849,68.547531,138.000000,67.000000,-2.276922,-0.021504,2.334147,-0.487742,-0.006142,0.071404,MOVE_LEFT
555,1774867546.135769,327.747131,477.036285,68.547531,138.000000,67.000000,-2.277638,-0.021618,2.334147,-0.487895,-0.006174,0.071404,MOVE_LEFT
556,1774867546.196975,327.683960,477.175385,68.553009,138.000000,67.000000,-2.277916,-0.020602,2.333960,-0.487994,-0.005885,0.071409,MOVE_LEFT
557,1774867546.254267,327.639709,477.272766,68.553009,138.000000,67.000000,-2.278239,-0.019891,2.333960,-0.488063,-0.005682,0.071409,MOVE_LEFT
558,1774867546.306113,327.608765,477.340942,68.553009,138.000000,67.000000,-2.278465,-0.019394,2.333960,-0.488111,-0.005540,0.071409,MOVE_LEFT
559,1774867546.358045,327.584900,477.538635,68.536598,138.000000,67.000000,-2.279184,-0.017957,2.334519,-0.488149,-0.005128,0.071392,MOVE_LEFT
560,1774867546.420069,327.568207,477.677063,68.536598,138.000000,67.000000,-2.279306,-0.016947,2.334519,-0.488175,-0.004839,0.071392,MOVE_LEFT
561,1774867546.477147,327.553223,477.773926,68.547531,138.000000,67.000000,-2.279052,-0.016237,2.334147,-0.488198,-0.004638,0.071404,MOVE_LEFT
562,1774867546.538363,327.548218,477.991760,68.553009,138.000000,66.000000,-2.278906,-0.014647,2.333960,-0.488206,-0.004184,0.071409,MOVE_LEFT
563,1774867546.590802,327.683746,477.994263,68.183678,137.000000,66.000000,-2.290257,-0.014708,2.346603,-0.487994,-0.004179,0.071025,MOVE_LEFT
564,1774867546.637610,327.778625,477.995972,68.117645,137.000000,67.000000,-2.291780,-0.014710,2.348877,-0.487846,-0.004175,0.070956,MOVE_LEFT
565,1774867546.696904,327.845032,477.997192,68.117645,137.000000,67.000000,-2.291293,-0.014701,2.348877,-0.487742,-0.004173,0.070956,MOVE_LEFT
566,1774867546.755745,327.891510,478.148010,68.090111,137.000000,67.000000,-2.291878,-0.013600,2.349827,-0.487670,-0.003858,0.070927,MOVE_LEFT
567,1774867546.807167,327.924042,478.403625,68.117645,137.000000,67.000000,-2.290713,-0.011718,2.348877,-0.487619,-0.003326,0.070956,MOVE_LEFT
568,1774867546.858908,327.946838,478.582550,68.117645,137.000000,66.000000,-2.290546,-0.010404,2.348877,-0.487583,-0.002953,0.070956,MOVE_LEFT
569,1774867546.919949,327.962799,478.707794,68.117645,137.000000,66.000000,-2.290429,-0.009485,2.348877,-0.487558,-0.002692,0.070956,MOVE_LEFT
570,1774867546.978661,327.973969,478.645447,68.148834,137.000000,66.000000,-2.289298,-0.009938,2.347802,-0.487541,-0.002822,0.070988,MOVE_LEFT
571,1774867547.036932,327.981781,478.601807,68.148834,137.000000,66.000000,-2.289241,-0.010258,2.347802,-0.487528,-0.002913,0.070988,MOVE_LEFT
572,1774867547.084041,327.987244,478.571289,68.148834,137.000000,67.000000,-2.289201,-0.010482,2.347802,-0.487520,-0.002976,0.070988,MOVE_LEFT
573,1774867547.138127,328.132324,478.999908,68.536583,138.000000,67.000000,-2.275191,-0.007296,2.334520,-0.487293,-0.002084,0.071392,MOVE_LEFT
574,1774867547.197710,328.233887,479.299927,68.536583,138.000000,67.000000,-2.274450,-0.005107,2.334520,-0.487135,-0.001458,0.071392,MOVE_LEFT
575,1774867547.239766,328.304962,479.509949,68.536583,138.000000,67.000000,-2.273932,-0.003575,2.334520,-0.487024,-0.001021,0.071392,MOVE_LEFT
576,1774867547.294145,328.356903,479.806946,68.523804,138.000000,67.000000,-2.273977,-0.001409,2.334955,-0.486942,-0.000402,0.071379,MOVE_LEFT
577,1774867547.358052,328.393250,480.014893,68.523804,138.000000,67.000000,-2.273712,0.000109,2.334955,-0.486886,0.000031,0.071379,MOVE_LEFT
578,1774867547.417922,328.418701,480.160400,68.523804,138.000000,67.000000,-2.273526,0.001170,2.334955,-0.486846,0.000334,0.071379,MOVE_LEFT
579,1774867547.479383,328.436523,480.262268,68.523804,138.000000,67.000000,-2.273396,0.001914,2.334955,-0.486818,0.000546,0.071379,MOVE_LEFT
580,1774867547.539972,328.449005,480.333618,68.523804,138.000000,67.000000,-2.273305,0.002434,2.334955,-0.486798,0.000695,0.071379,MOVE_LEFT
581,1774867547.601918,328.457733,480.383545,68.523804,138.000000,67.000000,-2.273241,0.002799,2.334955,-0.486785,0.000799,0.071379,MOVE_LEFT
582,1774867547.644659,328.470398,480.418457,68.545708,138.000000,66.000000,-2.272422,0.003052,2.334209,-0.486765,0.000872,0.071402,MOVE_LEFT
583,1774867547.701920,328.479279,480.442932,68.545708,138.000000,66.000000,-2.272358,0.003231,2.334209,-0.486751,0.000923,0.071402,MOVE_LEFT
584,1774867547.763160,328.485474,480.460083,68.545708,138.000000,66.000000,-2.272312,0.003356,2.334209,-0.486741,0.000959,0.071402,MOVE_LEFT
585,1774867547.822120,328.479980,480.322052,68.532936,138.000000,66.000000,-2.272776,0.002350,2.334644,-0.486750,0.000671,0.071388,MOVE_LEFT
586,1774867547.864491,328.476135,480.225433,68.532936,138.000000,66.000000,-2.272804,0.001645,2.334644,-0.486756,0.000470,0.071388,MOVE_LEFT
587,1774867547.920160,328.473450,480.157806,68.532936,138.000000,66.000000,-2.272824,0.001151,2.334644,-0.486760,0.000329,0.071388,MOVE_LEFT
588,1774867547.981761,328.468262,479.960480,68.545715,138.000000,67.000000,-2.272438,-0.000288,2.334209,-0.486768,-0.000082,0.071402,MOVE_LEFT
589,1774867548.039732,328.464661,479.822327,68.545715,138.000000,67.000000,-2.272464,-0.001296,2.334209,-0.486774,-0.000370,0.071402,MOVE_LEFT
590,1774867548.081295,328.325256,479.425598,68.148834,137.000000,66.000000,-2.286721,-0.004214,2.347802,-0.486992,-0.001197,0.070988,MOVE_LEFT
591,1774867548.141619,328.361267,479.297913,68.562141,138.000000,66.000000,-2.272674,-0.005120,2.333649,-0.486936,-0.001463,0.071419,MOVE_LEFT
592,1774867548.202089,328.252899,479.058533,68.148834,137.000000,66.000000,-2.287252,-0.006907,2.347802,-0.487105,-0.001961,0.070988,MOVE_LEFT
593,1774867548.261794,328.177032,478.740967,68.117645,137.000000,66.000000,-2.288856,-0.009242,2.348877,-0.487223,-0.002623,0.070956,MOVE_LEFT
594,1774867548.310648,328.123932,478.518677,68.117645,137.000000,66.000000,-2.289246,-0.010873,2.348877,-0.487306,-0.003086,0.070956,MOVE_LEFT
595,1774867548.360326,328.086761,478.213074,68.148834,137.000000,66.000000,-2.288471,-0.013110,2.347802,-0.487364,-0.003723,0.070988,MOVE_LEFT
596,1774867548.417582,328.060730,477.999146,68.148834,137.000000,66.000000,-2.288662,-0.014680,2.347802,-0.487405,-0.004168,0.070988,MOVE_LEFT
597,1774867548.461446,327.901276,477.999390,68.536598,138.000000,66.000000,-2.276876,-0.014595,2.334519,-0.487654,-0.004168,0.071392,MOVE_LEFT
598,1774867548.517469,327.789642,477.999573,68.536598,138.000000,66.000000,-2.277691,-0.014594,2.334519,-0.487829,-0.004168,0.071392,MOVE_LEFT
599,1774867548.573327,327.708221,477.999695,68.547531,138.000000,66.000000,-2.277921,-0.014591,2.334147,-0.487956,-0.004167,0.071404,MOVE_LEFT
600,1774867548.639602,327.650146,478.149780,68.531105,138.000000,66.000000,-2.278891,-0.013499,2.334706,-0.488047,-0.003855,0.071387,MOVE_LEFT
601,1774867548.698840,327.605103,478.104858,68.529289,138.000000,66.000000,-2.279280,-0.013827,2.334768,-0.488117,-0.003948,0.071385,MOVE_LEFT
602,1774867548.759057,327.573578,478.073425,68.529289,138.000000,66.000000,-2.279510,-0.014057,2.334768,-0.488166,-0.004014,0.071385,MOVE_LEFT
603,1774867548.804006,327.551514,478.051392,68.529289,138.000000,66.000000,-2.279671,-0.014217,2.334768,-0.488201,-0.004060,0.071385,MOVE_LEFT
604,1774867548.860871,327.530579,478.035950,68.547531,138.000000,66.000000,-2.279217,-0.014326,2.334147,-0.488233,-0.004092,0.071404,MOVE_LEFT
605,1774867548.920856,327.515930,478.025146,68.547531,138.000000,67.000000,-2.279324,-0.014405,2.334147,-0.488256,-0.004114,0.071404,MOVE_LEFT
606,1774867548.979928,327.502380,478.017578,68.536583,138.000000,67.000000,-2.279787,-0.014463,2.334520,-0.488278,-0.004130,0.071392,MOVE_LEFT
607,1774867549.024934,327.485229,478.012329,68.562141,138.000000,67.000000,-2.279062,-0.014495,2.333649,-0.488304,-0.004141,0.071419,MOVE_LEFT
608,1774867549.081280,327.473236,478.008606,68.562141,138.000000,67.000000,-2.279150,-0.014523,2.333649,-0.488323,-0.004149,0.071419,MOVE_LEFT
609,1774867549.138032,327.341187,478.006042,68.150681,137.000000,67.000000,-2.293879,-0.014629,2.347739,-0.488529,-0.004154,0.070990,MOVE_LEFT
610,1774867549.187085,327.238831,477.854218,68.148834,137.000000,66.000000,-2.294692,-0.015743,2.347802,-0.488689,-0.004470,0.070988,MOVE_LEFT
611,1774867549.239017,327.030334,477.897949,68.573074,138.000000,66.000000,-2.282016,-0.015327,2.333277,-0.489015,-0.004379,0.071430,MOVE_LEFT
612,1774867549.299520,326.884369,477.928589,68.573067,138.000000,66.000000,-2.283080,-0.015104,2.333278,-0.489243,-0.004315,0.071430,MOVE_LEFT
613,1774867549.361804,326.782196,477.950012,68.573067,138.000000,66.000000,-2.283825,-0.014947,2.333278,-0.489403,-0.004271,0.071430,MOVE_LEFT
614,1774867549.412644,326.704102,478.114990,68.567604,138.000000,66.000000,-2.284577,-0.013746,2.333463,-0.489525,-0.003927,0.071425,MOVE_LEFT
616,1774867549.526386,326.642883,478.380493,68.565758,138.000000,67.000000,-2.285085,-0.011810,2.333526,-0.489621,-0.003374,0.071423,MOVE_LEFT
617,1774867549.586438,326.600006,478.566345,68.565758,138.000000,67.000000,-2.285397,-0.010455,2.333526,-0.489688,-0.002987,0.071423,MOVE_LEFT
618,1774867549.643955,326.570007,478.846436,68.545708,138.000000,66.000000,-2.286285,-0.008415,2.334209,-0.489734,-0.002403,0.071402,MOVE_LEFT
619,1774867549.707293,326.549011,479.192505,68.565758,138.000000,66.000000,-2.285769,-0.005888,2.333526,-0.489767,-0.001682,0.071423,MOVE_LEFT
620,1774867549.750487,326.534302,479.434753,68.565758,138.000000,67.000000,-2.285876,-0.004122,2.333526,-0.489790,-0.001178,0.071423,MOVE_LEFT
621,1774867549.804031,326.518524,479.604309,68.547531,138.000000,67.000000,-2.286599,-0.002886,2.334147,-0.489815,-0.000824,0.071404,MOVE_LEFT
622,1774867549.860826,326.512970,479.723022,68.565758,138.000000,67.000000,-2.286032,-0.002020,2.333526,-0.489823,-0.000577,0.071423,MOVE_LEFT
623,1774867549.923530,326.509094,479.656128,68.589455,138.000000,67.000000,-2.285270,-0.002507,2.332720,-0.489830,-0.000716,0.071447,MOVE_LEFT
624,1774867549.985295,326.506378,479.609283,68.589455,138.000000,67.000000,-2.285290,-0.002848,2.332720,-0.489834,-0.000814,0.071447,MOVE_LEFT
625,1774867550.036433,326.491333,479.726501,68.573074,138.000000,67.000000,-2.285946,-0.001994,2.333277,-0.489857,-0.000570,0.071430,MOVE_LEFT
626,1774867550.084461,326.480804,479.808533,68.573074,138.000000,67.000000,-2.286023,-0.001396,2.333277,-0.489874,-0.000399,0.071430,MOVE_LEFT
627,1774867550.143712,326.473419,479.865967,68.573074,138.000000,67.000000,-2.286076,-0.000977,2.333277,-0.489885,-0.000279,0.071430,MOVE_LEFT
628,1774867550.202416,326.468262,479.906158,68.573074,138.000000,67.000000,-2.286114,-0.000684,2.333277,-0.489893,-0.000196,0.071430,MOVE_LEFT
629,1774867550.247009,326.464661,479.934296,68.573074,138.000000,67.000000,-2.286140,-0.000479,2.333277,-0.489899,-0.000137,0.071430,MOVE_LEFT
630,1774867550.301386,326.325256,480.404022,69.001907,139.000000,67.000000,-2.272943,0.002928,2.318776,-0.490117,0.000842,0.071877,MOVE_LEFT
631,1774867550.358107,326.227661,480.732819,69.001907,139.000000,67.000000,-2.273650,0.005310,2.318776,-0.490269,0.001527,0.071877,MOVE_LEFT
632,1774867550.419194,326.159363,480.962982,69.001907,139.000000,67.000000,-2.274145,0.006978,2.318776,-0.490376,0.002006,0.071877,MOVE_LEFT
633,1774867550.462159,326.111572,481.124084,69.001907,139.000000,67.000000,-2.274491,0.008145,2.318776,-0.490451,0.002342,0.071877,MOVE_LEFT
634,1774867550.519521,326.078094,481.236877,69.001907,139.000000,67.000000,-2.274734,0.008963,2.318776,-0.490503,0.002577,0.071877,MOVE_LEFT
635,1774867550.589357,326.054688,481.315826,69.001907,139.000000,67.000000,-2.274903,0.009535,2.318776,-0.490540,0.002741,0.071877,MOVE_LEFT
636,1774867550.649415,326.038269,481.371094,69.001907,139.000000,67.000000,-2.275022,0.009935,2.318776,-0.490565,0.002856,0.071877,MOVE_LEFT
637,1774867550.703206,325.903076,480.809753,68.633240,138.000000,67.000000,-2.288227,0.005899,2.331232,-0.490776,0.001687,0.071493,MOVE_LEFT
638,1774867550.763750,325.799683,480.266846,68.624115,138.000000,67.000000,-2.289285,0.001944,2.331542,-0.490938,0.000556,0.071483,MOVE_LEFT
639,1774867550.844672,325.727295,479.886810,68.624115,138.000000,67.000000,-2.289812,-0.000825,2.331542,-0.491051,-0.000236,0.071483,MOVE_LEFT
640,1774867550.922708,325.682098,479.620789,68.605911,138.000000,66.000000,-2.290749,-0.002764,2.332161,-0.491122,-0.000790,0.071464,MOVE_LEFT
641,1774867550.978103,325.644989,479.434570,68.624115,138.000000,66.000000,-2.290412,-0.004120,2.331542,-0.491180,-0.001178,0.071483,MOVE_LEFT
642,1774867551.037711,325.611359,479.304199,68.649590,138.000000,67.000000,-2.289807,-0.005068,2.330677,-0.491232,-0.001450,0.071510,MOVE_LEFT
643,1774867551.106312,325.587799,479.212952,68.649590,138.000000,67.000000,-2.289979,-0.005732,2.330677,-0.491269,-0.001640,0.071510,MOVE_LEFT
644,1774867551.168940,325.561462,478.999084,68.647751,138.000000,67.000000,-2.290232,-0.007290,2.330739,-0.491310,-0.002085,0.071508,MOVE_LEFT
645,1774867551.224808,325.558350,478.849365,68.596771,138.000000,67.000000,-2.291957,-0.008387,2.332471,-0.491315,-0.002397,0.071455,MOVE_LEFT
647,1774867551.354622,325.556152,478.744568,68.596771,138.000000,67.000000,-2.291973,-0.009151,2.332471,-0.491319,-0.002615,0.071455,MOVE_LEFT
648,1774867551.401228,325.548065,478.671204,68.618607,138.000000,66.000000,-2.291302,-0.009682,2.331729,-0.491331,-0.002768,0.071478,MOVE_LEFT
649,1774867551.455948,325.542419,478.619812,68.618607,138.000000,67.000000,-2.291343,-0.010057,2.331729,-0.491340,-0.002875,0.071478,MOVE_LEFT
650,1774867551.529560,325.538452,478.583862,68.618607,138.000000,67.000000,-2.291372,-0.010319,2.331729,-0.491346,-0.002950,0.071478,MOVE_LEFT
651,1774867551.588634,325.526917,478.408691,68.616791,138.000000,67.000000,-2.291517,-0.011596,2.331791,-0.491364,-0.003315,0.071476,MOVE_LEFT
652,1774867551.647785,325.531982,478.286072,68.573074,138.000000,67.000000,-2.292941,-0.012497,2.333277,-0.491356,-0.003571,0.071430,MOVE_LEFT
653,1774867551.701963,325.535522,478.200256,68.573074,138.000000,67.000000,-2.292915,-0.013123,2.333277,-0.491351,-0.003749,0.071430,MOVE_LEFT
654,1774867551.751337,325.532532,478.140198,68.591293,138.000000,66.000000,-2.292328,-0.013557,2.332658,-0.491355,-0.003875,0.071449,MOVE_LEFT
655,1774867551.811683,325.522766,477.948120,68.589455,138.000000,67.000000,-2.292461,-0.014958,2.332720,-0.491371,-0.004275,0.071447,MOVE_LEFT
656,1774867551.870869,325.515930,477.813690,68.589455,138.000000,67.000000,-2.292510,-0.015938,2.332720,-0.491381,-0.004555,0.071447,MOVE_LEFT
657,1774867551.920750,325.511139,477.719574,68.589455,138.000000,67.000000,-2.292545,-0.016624,2.332720,-0.491389,-0.004751,0.071447,MOVE_LEFT
658,1774867551.978712,325.507782,477.653687,68.589455,138.000000,67.000000,-2.292570,-0.017104,2.332720,-0.491394,-0.004888,0.071447,MOVE_LEFT
659,1774867552.036299,325.505432,477.607574,68.589455,138.000000,67.000000,-2.292587,-0.017440,2.332720,-0.491398,-0.004984,0.071447,MOVE_LEFT
660,1774867552.087847,325.503815,477.575287,68.589455,138.000000,67.000000,-2.292599,-0.017676,2.332720,-0.491400,-0.005051,0.071447,MOVE_LEFT
661,1774867552.138311,325.502655,477.552704,68.589455,138.000000,66.000000,-2.292607,-0.017840,2.332720,-0.491402,-0.005099,0.071447,MOVE_LEFT
662,1774867552.217796,325.501862,477.386902,68.565758,138.000000,66.000000,-2.293405,-0.019055,2.333526,-0.491403,-0.005444,0.071423,MOVE_LEFT
663,1774867552.273706,325.501312,477.270844,68.565758,138.000000,66.000000,-2.293409,-0.019902,2.333526,-0.491404,-0.005686,0.071423,MOVE_LEFT
664,1774867552.336878,325.500916,477.039612,68.589455,138.000000,66.000000,-2.292620,-0.021580,2.332720,-0.491405,-0.006167,0.071447,MOVE_LEFT
665,1774867552.389233,325.494080,476.877747,68.567604,138.000000,66.000000,-2.293400,-0.022768,2.333463,-0.491416,-0.006505,0.071425,MOVE_LEFT
666,1774867552.438684,325.495850,476.764435,68.589455,138.000000,66.000000,-2.292657,-0.023586,2.332720,-0.491413,-0.006741,0.071447,MOVE_LEFT
667,1774867552.501248,325.497101,476.685120,68.589455,138.000000,66.000000,-2.292648,-0.024165,2.332720,-0.491411,-0.006906,0.071447,MOVE_LEFT
668,1774867552.561064,325.491394,476.629578,68.567604,138.000000,66.000000,-2.293420,-0.024577,2.333463,-0.491420,-0.007022,0.071425,MOVE_LEFT
669,1774867552.610452,325.487427,476.590698,68.567574,138.000000,66.000000,-2.293450,-0.024861,2.333465,-0.491426,-0.007103,0.071425,MOVE_LEFT
670,1774867552.660651,325.484619,476.563507,68.567574,138.000000,66.000000,-2.293470,-0.025059,2.333465,-0.491430,-0.007159,0.071425,MOVE_LEFT
671,1774867552.721352,325.482666,476.544464,68.567574,138.000000,66.000000,-2.293484,-0.025198,2.333465,-0.491433,-0.007199,0.071425,MOVE_LEFT
672,1774867552.779500,325.481293,476.531128,68.567574,138.000000,66.000000,-2.293495,-0.025295,2.333465,-0.491435,-0.007227,0.071425,MOVE_LEFT
673,1774867552.827627,325.486908,476.521790,68.589455,138.000000,67.000000,-2.292722,-0.025355,2.332720,-0.491427,-0.007246,0.071447,MOVE_LEFT
674,1774867552.885641,325.490845,476.515259,68.589455,138.000000,67.000000,-2.292693,-0.025403,2.332720,-0.491421,-0.007260,0.071447,MOVE_LEFT
675,1774867552.943971,325.493591,476.510681,68.589455,138.000000,67.000000,-2.292673,-0.025436,2.332720,-0.491416,-0.007269,0.071447,MOVE_LEFT
676,1774867552.987788,325.495514,476.507477,68.589455,138.000000,67.000000,-2.292659,-0.025460,2.332720,-0.491413,-0.007276,0.071447,MOVE_LEFT
677,1774867553.049230,325.496857,476.505249,68.589455,138.000000,67.000000,-2.292649,-0.025476,2.332720,-0.491411,-0.007281,0.071447,MOVE_LEFT
678,1774867553.124831,325.497803,476.503693,68.589455,138.000000,67.000000,-2.292642,-0.025487,2.332720,-0.491410,-0.007284,0.071447,MOVE_LEFT
679,1774867553.181580,325.498474,476.502594,68.589455,138.000000,67.000000,-2.292638,-0.025495,2.332720,-0.491409,-0.007286,0.071447,MOVE_LEFT
680,1774867553.237427,325.498932,476.501831,68.589455,138.000000,67.000000,-2.292634,-0.025501,2.332720,-0.491408,-0.007288,0.071447,MOVE_LEFT
681,1774867553.300157,325.499237,476.501282,68.589455,138.000000,67.000000,-2.292632,-0.025505,2.332720,-0.491407,-0.007289,0.071447,MOVE_LEFT
682,1774867553.363583,325.499451,476.650909,68.565758,138.000000,67.000000,-2.293423,-0.024422,2.333526,-0.491407,-0.006977,0.071423,MOVE_LEFT
683,1774867553.423417,325.499603,476.755646,68.565758,138.000000,67.000000,-2.293422,-0.023659,2.333526,-0.491407,-0.006759,0.071423,MOVE_LEFT
684,1774867553.499484,325.499725,476.828949,68.565758,138.000000,67.000000,-2.293421,-0.023124,2.333526,-0.491407,-0.006606,0.071423,MOVE_LEFT
685,1774867553.584947,325.499817,476.880280,68.565758,138.000000,67.000000,-2.293420,-0.022750,2.333526,-0.491407,-0.006499,0.071423,MOVE_LEFT
686,1774867553.656512,325.507538,476.916199,68.591293,138.000000,67.000000,-2.292510,-0.022480,2.332658,-0.491394,-0.006425,0.071449,MOVE_LEFT
687,1774867553.708989,325.512939,476.941345,68.591293,138.000000,67.000000,-2.292471,-0.022296,2.332658,-0.491386,-0.006372,0.071449,MOVE_LEFT
688,1774867553.764082,325.516724,476.958954,68.591293,138.000000,67.000000,-2.292443,-0.022168,2.332658,-0.491380,-0.006336,0.071449,MOVE_LEFT
689,1774867553.830878,325.520477,476.821289,68.618607,138.000000,67.000000,-2.291503,-0.023162,2.331729,-0.491374,-0.006622,0.071478,MOVE_LEFT
690,1774867553.891327,325.529663,476.724915,68.596771,138.000000,67.000000,-2.292166,-0.023872,2.332471,-0.491360,-0.006823,0.071455,MOVE_LEFT
691,1774867553.944604,325.536072,476.657440,68.596771,138.000000,67.000000,-2.292119,-0.024364,2.332471,-0.491350,-0.006964,0.071455,MOVE_LEFT
693,1774867554.093727,325.675232,477.060242,69.007347,139.000000,67.000000,-2.277473,-0.021300,2.318594,-0.491132,-0.006124,0.071883,MOVE_LEFT
694,1774867554.149806,325.771576,477.342163,69.003716,139.000000,67.000000,-2.276895,-0.019259,2.318716,-0.490982,-0.005537,0.071879,MOVE_LEFT
695,1774867554.214883,325.840088,477.689514,69.001907,139.000000,67.000000,-2.276458,-0.016742,2.318776,-0.490875,-0.004814,0.071877,MOVE_LEFT
696,1774867554.276347,325.888062,477.932678,69.001907,139.000000,67.000000,-2.276111,-0.014980,2.318776,-0.490800,-0.004307,0.071877,MOVE_LEFT
697,1774867554.339357,325.923828,478.102844,69.009140,139.000000,67.000000,-2.275613,-0.013746,2.318533,-0.490744,-0.003952,0.071885,MOVE_LEFT
698,1774867554.392811,325.948853,478.221985,69.009140,139.000000,66.000000,-2.275432,-0.012882,2.318533,-0.490705,-0.003704,0.071885,MOVE_LEFT
699,1774867554.452354,325.966370,478.305359,69.009140,139.000000,66.000000,-2.275305,-0.012278,2.318533,-0.490678,-0.003531,0.071885,MOVE_LEFT
700,1774867554.536077,325.976440,478.363770,69.016403,139.000000,67.000000,-2.274992,-0.011854,2.318289,-0.490662,-0.003409,0.071892,MOVE_LEFT
701,1774867554.597822,325.983521,478.404663,69.016403,139.000000,67.000000,-2.274941,-0.011558,2.318289,-0.490651,-0.003324,0.071892,MOVE_LEFT
702,1774867554.647094,325.988464,478.433289,69.016403,139.000000,67.000000,-2.274905,-0.011350,2.318289,-0.490643,-0.003264,0.071892,MOVE_LEFT
703,1774867554.710572,325.995178,478.603302,69.018211,139.000000,67.000000,-2.274797,-0.010118,2.318229,-0.490633,-0.002910,0.071894,MOVE_LEFT
705,1774867554.853076,325.996643,478.872314,69.016403,139.000000,67.000000,-2.274846,-0.008170,2.318289,-0.490630,-0.002349,0.071892,MOVE_LEFT
706,1774867554.919475,325.997650,479.060608,69.016403,139.000000,67.000000,-2.274839,-0.006806,2.318289,-0.490629,-0.001957,0.071892,MOVE_LEFT
707,1774867554.980256,325.994019,479.192413,69.030891,139.000000,68.000000,-2.274387,-0.005849,2.317803,-0.490634,-0.001682,0.071907,MOVE_LEFT
708,1774867555.044733,325.989319,479.284698,69.023659,139.000000,67.000000,-2.274660,-0.005182,2.318046,-0.490642,-0.001490,0.071900,MOVE_LEFT
709,1774867555.105360,325.988159,479.349304,69.030891,139.000000,67.000000,-2.274430,-0.004713,2.317803,-0.490644,-0.001356,0.071907,MOVE_LEFT
710,1774867555.162984,325.978668,479.394501,69.045395,139.000000,67.000000,-2.274021,-0.004385,2.317316,-0.490658,-0.001261,0.071922,MOVE_LEFT
711,1774867555.237373,325.972015,479.426147,69.045380,139.000000,67.000000,-2.274070,-0.004156,2.317317,-0.490669,-0.001196,0.071922,MOVE_LEFT
712,1774867555.297038,325.967346,479.448303,69.045380,139.000000,67.000000,-2.274103,-0.003995,2.317317,-0.490676,-0.001149,0.071922,MOVE_LEFT
713,1774867555.352544,325.966278,479.463806,69.052635,139.000000,68.000000,-2.273872,-0.003883,2.317073,-0.490678,-0.001117,0.071930,MOVE_LEFT
714,1774867555.405829,325.956848,479.474670,69.081604,139.000000,68.000000,-2.272987,-0.003802,2.316101,-0.490692,-0.001094,0.071960,MOVE_LEFT
715,1774867555.469402,325.819794,479.332275,68.682335,138.000000,68.000000,-2.287198,-0.004861,2.329566,-0.490907,-0.001391,0.071544,MOVE_LEFT
716,1774867555.535756,325.723846,479.382599,68.647751,138.000000,68.000000,-2.289049,-0.004497,2.330739,-0.491057,-0.001286,0.071508,MOVE_LEFT
717,1774867555.585359,325.521912,479.417816,69.096069,139.000000,68.000000,-2.275658,-0.004213,2.315617,-0.491372,-0.001213,0.071975,MOVE_LEFT
718,1774867555.648424,325.365356,479.442474,69.146683,139.000000,68.000000,-2.275125,-0.004031,2.313922,-0.491617,-0.001162,0.072028,MOVE_LEFT
719,1774867555.706657,325.255768,479.459747,69.088814,139.000000,67.000000,-2.277823,-0.003910,2.315860,-0.491788,-0.001126,0.071968,MOVE_LEFT
720,1774867555.755678,325.179047,479.621826,69.115944,139.000000,68.000000,-2.277484,-0.002736,2.314951,-0.491908,-0.000788,0.071996,MOVE_LEFT
721,1774867555.815740,325.125336,479.735260,69.115944,139.000000,68.000000,-2.277873,-0.001915,2.314951,-0.491992,-0.000552,0.071996,MOVE_LEFT
722,1774867555.882311,325.087738,479.964661,69.088814,139.000000,68.000000,-2.279039,-0.000256,2.315860,-0.492050,-0.000074,0.071968,MOVE_LEFT
723,1774867555.939348,325.061432,480.125244,69.088814,139.000000,68.000000,-2.279230,0.000906,2.315860,-0.492092,0.000261,0.071968,MOVE_LEFT
724,1774867555.997582,325.042999,480.237671,69.088814,139.000000,68.000000,-2.279363,0.001720,2.315860,-0.492120,0.000495,0.071968,MOVE_LEFT
725,1774867556.064201,325.030090,480.616364,69.088814,139.000000,68.000000,-2.279457,0.004461,2.315860,-0.492140,0.001284,0.071968,MOVE_LEFT
726,1774867556.116822,325.021057,480.881470,69.088814,139.000000,68.000000,-2.279522,0.006379,2.315860,-0.492155,0.001836,0.071968,MOVE_LEFT
727,1774867556.164961,325.008240,481.067047,69.067108,139.000000,69.000000,-2.280331,0.007725,2.316588,-0.492175,0.002223,0.071945,MOVE_LEFT
728,1774867556.231610,324.999268,481.196930,69.067108,139.000000,69.000000,-2.280396,0.008665,2.316588,-0.492189,0.002494,0.071945,MOVE_LEFT
729,1774867556.287243,324.992981,481.287872,69.067108,139.000000,69.000000,-2.280442,0.009323,2.316588,-0.492198,0.002683,0.071945,MOVE_LEFT
730,1774867556.338831,324.979858,481.351532,69.096062,139.000000,68.000000,-2.279581,0.009780,2.315617,-0.492219,0.002816,0.071975,MOVE_LEFT
731,1774867556.393259,324.970703,481.396088,69.096069,139.000000,68.000000,-2.279647,0.010103,2.315617,-0.492233,0.002909,0.071975,MOVE_LEFT
732,1774867556.460479,324.970795,481.427277,69.117752,139.000000,68.000000,-2.278931,0.010325,2.314890,-0.492233,0.002973,0.071998,MOVE_LEFT
733,1774867556.516564,324.970856,481.449097,69.117752,139.000000,68.000000,-2.278931,0.010483,2.314890,-0.492233,0.003019,0.071998,MOVE_LEFT
734,1774867556.576710,324.970917,481.464386,69.117752,139.000000,68.000000,-2.278930,0.010593,2.314890,-0.492233,0.003051,0.071998,MOVE_LEFT
735,1774867556.640654,324.970947,481.475067,69.117752,139.000000,68.000000,-2.278930,0.010671,2.314890,-0.492233,0.003073,0.071998,MOVE_LEFT
736,1774867556.708992,324.829651,481.932556,69.507294,140.000000,68.000000,-2.267175,0.013902,2.301917,-0.492454,0.004026,0.072403,MOVE_LEFT
737,1774867556.780414,324.730774,482.252808,69.507294,140.000000,68.000000,-2.267886,0.016206,2.301917,-0.492608,0.004693,0.072403,MOVE_LEFT
738,1774867556.835847,324.661560,482.626953,69.516281,140.000000,69.000000,-2.268091,0.018895,2.301619,-0.492716,0.005473,0.072413,MOVE_LEFT
739,1774867556.892869,324.613098,483.038879,69.507294,140.000000,68.000000,-2.268732,0.021860,2.301917,-0.492792,0.006331,0.072403,MOVE_LEFT
740,1774867556.951322,324.577026,483.177185,69.509087,140.000000,68.000000,-2.268933,0.022854,2.301857,-0.492848,0.006619,0.072405,MOVE_LEFT
741,1774867557.011247,324.423492,482.674042,69.153946,139.000000,68.000000,-2.281696,0.019334,2.313679,-0.493088,0.005571,0.072035,MOVE_LEFT
742,1774867557.071630,324.316010,482.321838,69.153946,139.000000,68.000000,-2.282473,0.016787,2.313679,-0.493256,0.004837,0.072035,MOVE_LEFT
743,1774867557.132507,324.221222,482.075287,69.146683,139.000000,69.000000,-2.283398,0.015006,2.313922,-0.493404,0.004324,0.072028,MOVE_LEFT
744,1774867557.187904,324.154846,481.902710,69.146683,139.000000,69.000000,-2.283878,0.013759,2.313922,-0.493508,0.003964,0.072028,MOVE_LEFT
745,1774867557.246364,324.108398,481.781891,69.146683,139.000000,69.000000,-2.284214,0.012885,2.313922,-0.493581,0.003712,0.072028,MOVE_LEFT
746,1774867557.304656,324.075867,481.847321,69.115944,139.000000,69.000000,-2.285465,0.013364,2.314951,-0.493631,0.003849,0.071996,MOVE_LEFT
747,1774867557.360091,324.053101,481.743134,69.146683,139.000000,69.000000,-2.284614,0.012605,2.313922,-0.493667,0.003632,0.072028,MOVE_LEFT
748,1774867557.415982,324.028473,481.670197,69.117760,139.000000,69.000000,-2.285748,0.012082,2.314890,-0.493706,0.003480,0.071998,MOVE_LEFT
749,1774867557.485913,324.002533,481.469116,69.123215,139.000000,69.000000,-2.285755,0.010627,2.314707,-0.493746,0.003061,0.072003,MOVE_LEFT
750,1774867557.556021,323.990906,481.178406,69.182831,139.000000,69.000000,-2.283869,0.008517,2.312713,-0.493764,0.002455,0.072065,MOVE_LEFT
751,1774867557.618054,323.846863,481.424896,69.518097,140.000000,69.000000,-2.273891,0.010248,2.301559,-0.493989,0.002969,0.072415,MOVE_LEFT
752,1774867557.670048,323.742798,481.597443,69.507294,140.000000,69.000000,-2.274993,0.011491,2.301917,-0.494152,0.003328,0.072403,MOVE_LEFT
753,1774867557.734852,323.667786,481.568207,69.509087,140.000000,69.000000,-2.275474,0.011281,2.301857,-0.494269,0.003267,0.072405,MOVE_LEFT
755,1774867557.861221,323.487000,480.947754,69.153946,139.000000,69.000000,-2.288467,0.006852,2.313679,-0.494552,0.001974,0.072035,MOVE_LEFT
756,1774867557.929101,323.351776,480.513428,69.182846,139.000000,69.000000,-2.288488,0.003711,2.312712,-0.494763,0.001070,0.072065,MOVE_LEFT
757,1774867557.991642,323.246246,480.209412,69.146683,139.000000,69.000000,-2.290448,0.001514,2.313922,-0.494928,0.000436,0.072028,MOVE_LEFT
758,1774867558.072338,323.172363,479.996582,69.146683,139.000000,70.000000,-2.290982,-0.000025,2.313922,-0.495043,-0.000007,0.072028,MOVE_LEFT
759,1774867558.126453,323.120667,479.847595,69.146683,139.000000,70.000000,-2.291356,-0.001102,2.313922,-0.495124,-0.000318,0.072028,MOVE_LEFT
760,1774867558.177434,323.084473,479.743317,69.146683,139.000000,69.000000,-2.291618,-0.001856,2.313922,-0.495181,-0.000535,0.072028,MOVE_LEFT
761,1774867558.234464,323.059143,479.520325,69.115944,139.000000,69.000000,-2.292820,-0.003470,2.314951,-0.495220,-0.000999,0.071996,MOVE_LEFT
762,1774867558.311383,323.041412,479.214233,69.146683,139.000000,69.000000,-2.291929,-0.005682,2.313922,-0.495248,-0.001637,0.072028,MOVE_LEFT
763,1774867558.389726,323.028992,478.999939,69.146683,139.000000,70.000000,-2.292019,-0.007231,2.313922,-0.495267,-0.002083,0.072028,MOVE_LEFT
764,1774867558.446343,323.020294,478.699951,69.181023,139.000000,70.000000,-2.290944,-0.009396,2.312773,-0.495281,-0.002708,0.072064,MOVE_LEFT
765,1774867558.496202,322.996796,478.489990,69.123215,139.000000,70.000000,-2.293030,-0.010923,2.314707,-0.495318,-0.003146,0.072003,MOVE_LEFT
766,1774867558.549084,322.978180,478.192993,69.153938,139.000000,70.000000,-2.292146,-0.013065,2.313679,-0.495347,-0.003765,0.072035,MOVE_LEFT
767,1774867558.609864,322.958649,477.985077,69.132263,139.000000,69.000000,-2.293006,-0.014573,2.314404,-0.495377,-0.004198,0.072013,MOVE_LEFT
768,1774867558.670107,322.821045,477.689545,68.762367,138.000000,69.000000,-2.306341,-0.016800,2.326854,-0.495592,-0.004813,0.071627,MOVE_LEFT
769,1774867558.739485,322.586700,477.482697,69.220772,139.000000,70.000000,-2.292760,-0.018183,2.311445,-0.495958,-0.005244,0.072105,MOVE_LEFT
770,1774867558.803722,322.436768,477.487885,69.132286,139.000000,70.000000,-2.296779,-0.018169,2.314403,-0.496193,-0.005234,0.072013,MOVE_LEFT
771,1774867558.869462,322.323120,477.341522,69.123192,139.000000,70.000000,-2.297904,-0.019230,2.314708,-0.496370,-0.005538,0.072003,MOVE_LEFT
772,1774867558.934465,322.234863,477.389069,69.117752,139.000000,70.000000,-2.298723,-0.018888,2.314890,-0.496508,-0.005439,0.071998,MOVE_LEFT
773,1774867559.002194,322.173096,477.422333,69.117752,139.000000,70.000000,-2.299170,-0.018647,2.314890,-0.496605,-0.005370,0.071998,MOVE_LEFT
774,1774867559.073330,322.121155,477.295624,69.115944,139.000000,69.000000,-2.299606,-0.019564,2.314951,-0.496686,-0.005634,0.071996,MOVE_LEFT
775,1774867559.143577,322.084808,477.206940,69.115944,139.000000,70.000000,-2.299869,-0.020206,2.314951,-0.496742,-0.005819,0.071996,MOVE_LEFT
776,1774867559.193776,322.059387,476.994873,69.146683,139.000000,70.000000,-2.299030,-0.021730,2.313922,-0.496782,-0.006261,0.072028,MOVE_LEFT
777,1774867559.253491,322.041565,476.696411,69.181023,139.000000,70.000000,-2.298018,-0.023876,2.312773,-0.496810,-0.006882,0.072064,MOVE_LEFT
778,1774867559.320703,322.029114,476.487488,69.181023,139.000000,70.000000,-2.298108,-0.025386,2.312773,-0.496830,-0.007318,0.072064,MOVE_LEFT
779,1774867559.374885,321.994293,476.191223,69.132263,139.000000,70.000000,-2.299980,-0.027547,2.314404,-0.496884,-0.007935,0.072013,MOVE_LEFT
780,1774867559.427780,321.846008,475.833862,68.762367,138.000000,70.000000,-2.313431,-0.030294,2.326854,-0.497116,-0.008679,0.071627,MOVE_LEFT
781,1774867559.490741,321.618286,475.733704,69.132286,139.000000,70.000000,-2.302699,-0.030856,2.314403,-0.497471,-0.008888,0.072013,MOVE_LEFT
782,1774867559.549179,321.443665,475.663574,69.182846,139.000000,69.000000,-2.302278,-0.031340,2.312712,-0.497744,-0.009034,0.072065,MOVE_LEFT
783,1774867559.598981,321.321442,475.614502,69.182846,139.000000,69.000000,-2.303162,-0.031695,2.312712,-0.497935,-0.009136,0.072065,MOVE_LEFT
784,1774867559.645927,321.233704,475.580139,69.117760,139.000000,69.000000,-2.305965,-0.031973,2.314890,-0.498072,-0.009208,0.071998,MOVE_LEFT
785,1774867559.699276,321.163574,475.556091,69.146683,139.000000,69.000000,-2.305508,-0.032134,2.313922,-0.498182,-0.009258,0.072028,MOVE_LEFT
786,1774867559.758857,321.114502,475.539246,69.146683,139.000000,69.000000,-2.305863,-0.032256,2.313922,-0.498259,-0.009293,0.072028,MOVE_LEFT
787,1774867559.820340,321.080139,475.527466,69.146683,139.000000,69.000000,-2.306111,-0.032341,2.313922,-0.498312,-0.009318,0.072028,MOVE_LEFT
788,1774867559.867577,321.056091,475.519226,69.146683,139.000000,69.000000,-2.306285,-0.032400,2.313922,-0.498350,-0.009335,0.072028,MOVE_LEFT
789,1774867559.923316,321.039246,475.513489,69.146683,139.000000,69.000000,-2.306407,-0.032442,2.313922,-0.498376,-0.009347,0.072028,MOVE_LEFT
790,1774867559.981177,321.027466,475.509460,69.088814,139.000000,69.000000,-2.308424,-0.032498,2.315860,-0.498395,-0.009355,0.071968,MOVE_LEFT
791,1774867560.039207,321.019226,475.506653,69.146683,139.000000,69.000000,-2.306552,-0.032491,2.313922,-0.498407,-0.009361,0.072028,MOVE_LEFT
792,1774867560.083228,321.013458,475.504639,69.146683,139.000000,69.000000,-2.306593,-0.032506,2.313922,-0.498416,-0.009365,0.072028,MOVE_LEFT
793,1774867560.147956,321.018127,475.503235,69.117760,139.000000,69.000000,-2.307525,-0.032530,2.314890,-0.498409,-0.009368,0.071998,MOVE_LEFT
794,1774867560.210619,321.027924,475.502258,69.096062,139.000000,69.000000,-2.308178,-0.032547,2.315617,-0.498394,-0.009370,0.071975,MOVE_LEFT
795,1774867560.256842,321.169556,475.351562,68.762367,138.000000,69.000000,-2.318350,-0.033801,2.326854,-0.498173,-0.009684,0.071627,MOVE_LEFT
796,1774867560.308496,321.268677,475.396118,68.720551,138.000000,69.000000,-2.319039,-0.033497,2.328270,-0.498018,-0.009591,0.071584,MOVE_LEFT
797,1774867560.364699,321.338074,475.427307,68.720551,138.000000,70.000000,-2.318534,-0.033270,2.328270,-0.497909,-0.009526,0.071584,MOVE_LEFT
798,1774867560.426306,321.386658,475.449097,68.720551,138.000000,70.000000,-2.318181,-0.033112,2.328270,-0.497833,-0.009481,0.071584,MOVE_LEFT
799,1774867560.479905,321.420654,475.464355,68.720551,138.000000,69.000000,-2.317934,-0.033001,2.328270,-0.497780,-0.009449,0.071584,MOVE_LEFT
800,1774867560.545247,321.444458,475.475037,68.720551,138.000000,69.000000,-2.317760,-0.032923,2.328270,-0.497743,-0.009427,0.071584,MOVE_LEFT
801,1774867560.599116,321.600250,475.782532,69.052635,139.000000,69.000000,-2.305486,-0.030538,2.317073,-0.497500,-0.008786,0.071930,MOVE_LEFT
802,1774867560.650705,321.714752,476.147766,69.047173,139.000000,69.000000,-2.304839,-0.027896,2.317256,-0.497321,-0.008025,0.071924,MOVE_LEFT
804,1774867560.761204,321.795959,476.553436,69.030891,139.000000,69.000000,-2.304795,-0.024964,2.317803,-0.497194,-0.007180,0.071907,MOVE_LEFT
805,1774867560.821348,321.861511,476.837402,69.030891,139.000000,69.000000,-2.304320,-0.022907,2.317803,-0.497091,-0.006589,0.071907,MOVE_LEFT
806,1774867560.865303,321.908508,476.886169,69.047195,139.000000,69.000000,-2.303435,-0.022549,2.317256,-0.497018,-0.006487,0.071924,MOVE_LEFT
807,1774867560.914113,321.944641,476.920319,69.036331,139.000000,69.000000,-2.303536,-0.022305,2.317620,-0.496962,-0.006416,0.071913,MOVE_LEFT
808,1774867560.983629,322.111267,476.644226,68.682335,138.000000,69.000000,-2.314196,-0.024430,2.329566,-0.496701,-0.006991,0.071544,MOVE_LEFT
809,1774867561.037947,322.227905,476.450928,68.682335,138.000000,69.000000,-2.313347,-0.025837,2.329566,-0.496519,-0.007394,0.071544,MOVE_LEFT
810,1774867561.092493,322.309540,476.315674,68.682335,138.000000,69.000000,-2.312752,-0.026821,2.329566,-0.496391,-0.007676,0.071544,MOVE_LEFT
811,1774867561.153395,322.366669,476.370972,68.647751,138.000000,69.000000,-2.313501,-0.026432,2.330739,-0.496302,-0.007560,0.071508,MOVE_LEFT
812,1774867561.215320,322.406677,476.409698,68.647751,138.000000,69.000000,-2.313210,-0.026150,2.330739,-0.496240,-0.007480,0.071508,MOVE_LEFT
813,1774867561.281710,322.434692,476.436798,68.647751,138.000000,69.000000,-2.313006,-0.025953,2.330739,-0.496196,-0.007423,0.071508,MOVE_LEFT
814,1774867561.335245,322.454285,476.455780,68.647751,138.000000,68.000000,-2.312863,-0.025815,2.330739,-0.496165,-0.007384,0.071508,MOVE_LEFT
815,1774867561.393715,322.468018,476.469055,68.647751,138.000000,68.000000,-2.312763,-0.025718,2.330739,-0.496144,-0.007356,0.071508,MOVE_LEFT
816,1774867561.462451,322.477631,476.478333,68.647751,138.000000,68.000000,-2.312693,-0.025650,2.330739,-0.496129,-0.007337,0.071508,MOVE_LEFT
817,1774867561.516262,322.484344,476.484833,68.647751,138.000000,68.000000,-2.312644,-0.025603,2.330739,-0.496118,-0.007323,0.071508,MOVE_LEFT
818,1774867561.568743,322.489044,476.639374,68.616791,138.000000,69.000000,-2.313653,-0.024488,2.331791,-0.496111,-0.007001,0.071476,MOVE_LEFT
819,1774867561.626634,322.492340,476.747559,68.616791,138.000000,69.000000,-2.313629,-0.023700,2.331791,-0.496106,-0.006776,0.071476,MOVE_LEFT
820,1774867561.685697,322.494629,476.823303,68.616791,138.000000,69.000000,-2.313613,-0.023148,2.331791,-0.496102,-0.006618,0.071476,MOVE_LEFT
821,1774867561.739416,322.496246,476.876312,68.616791,138.000000,69.000000,-2.313601,-0.022762,2.331791,-0.496100,-0.006508,0.071476,MOVE_LEFT
822,1774867561.795913,322.497375,476.913422,68.616791,138.000000,69.000000,-2.313593,-0.022491,2.331791,-0.496098,-0.006430,0.071476,MOVE_LEFT
823,1774867561.858510,322.498169,476.939392,68.616791,138.000000,69.000000,-2.313587,-0.022302,2.331791,-0.496097,-0.006376,0.071476,MOVE_LEFT
824,1774867561.919229,322.489960,477.107574,68.618607,138.000000,68.000000,-2.313586,-0.021076,2.331729,-0.496109,-0.006026,0.071478,MOVE_LEFT
825,1774867561.960220,322.484192,477.225311,68.618607,138.000000,68.000000,-2.313628,-0.020218,2.331729,-0.496118,-0.005781,0.071478,MOVE_LEFT
826,1774867562.019192,322.480164,477.307709,68.618607,138.000000,68.000000,-2.313657,-0.019618,2.331729,-0.496125,-0.005609,0.071478,MOVE_LEFT
827,1774867562.077346,322.475159,477.365387,68.684166,138.000000,68.000000,-2.311485,-0.019179,2.329503,-0.496133,-0.005489,0.071546,MOVE_LEFT
828,1774867562.131979,322.335876,477.855774,69.018211,139.000000,69.000000,-2.301307,-0.015534,2.318229,-0.496350,-0.004467,0.071894,MOVE_LEFT
829,1774867562.172496,322.235107,478.349030,69.016403,139.000000,69.000000,-2.302097,-0.011961,2.318289,-0.496508,-0.003440,0.071892,MOVE_LEFT
831,1774867562.280789,322.161316,478.844330,69.018219,139.000000,69.000000,-2.302571,-0.008372,2.318228,-0.496623,-0.002408,0.071894,MOVE_LEFT
832,1774867562.339078,322.106415,479.041046,69.023659,139.000000,69.000000,-2.302787,-0.006947,2.318046,-0.496709,-0.001998,0.071900,MOVE_LEFT
833,1774867562.389271,321.924500,478.728760,68.682335,138.000000,68.000000,-2.315555,-0.009254,2.329566,-0.496993,-0.002648,0.071544,MOVE_LEFT
834,1774867562.434978,321.797150,478.510132,68.682335,138.000000,68.000000,-2.316482,-0.010846,2.329566,-0.497192,-0.003104,0.071544,MOVE_LEFT
835,1774867562.493857,321.708008,478.507080,68.647751,138.000000,68.000000,-2.318299,-0.010874,2.330739,-0.497331,-0.003110,0.071508,MOVE_LEFT
836,1774867562.547344,321.645599,478.504944,68.647751,138.000000,68.000000,-2.318753,-0.010889,2.330739,-0.497429,-0.003115,0.071508,MOVE_LEFT
837,1774867562.611970,321.601929,478.653473,68.616791,138.000000,68.000000,-2.320118,-0.009812,2.331791,-0.497497,-0.002805,0.071476,MOVE_LEFT
838,1774867562.660821,321.571350,478.607422,68.647751,138.000000,69.000000,-2.319294,-0.010143,2.330739,-0.497545,-0.002901,0.071508,MOVE_LEFT
839,1774867562.709182,321.549957,478.575195,68.647751,138.000000,69.000000,-2.319450,-0.010378,2.330739,-0.497578,-0.002968,0.071508,MOVE_LEFT
840,1774867562.764334,321.389313,478.852631,69.030891,139.000000,69.000000,-2.307740,-0.008311,2.317803,-0.497829,-0.002390,0.071907,MOVE_LEFT
841,1774867562.823030,321.272522,479.196838,69.029076,139.000000,69.000000,-2.308647,-0.005818,2.317864,-0.498012,-0.001673,0.071905,MOVE_LEFT
842,1774867562.868515,321.190765,479.587769,69.016403,139.000000,69.000000,-2.309663,-0.002986,2.318289,-0.498139,-0.000859,0.071892,MOVE_LEFT
843,1774867562.917183,321.129181,479.861450,69.030891,139.000000,69.000000,-2.309624,-0.001004,2.317803,-0.498236,-0.000289,0.071907,MOVE_LEFT
844,1774867562.971491,321.081726,479.903015,69.036324,139.000000,69.000000,-2.309786,-0.000702,2.317621,-0.498310,-0.000202,0.071913,MOVE_LEFT
845,1774867563.027884,320.907196,479.482117,68.720551,138.000000,68.000000,-2.321669,-0.003768,2.328270,-0.498583,-0.001079,0.071584,MOVE_LEFT
846,1774867563.085487,320.785034,479.337494,68.682335,138.000000,68.000000,-2.323851,-0.004823,2.329566,-0.498773,-0.001380,0.071544,MOVE_LEFT
847,1774867563.139870,320.699524,479.236267,68.682335,138.000000,68.000000,-2.324473,-0.005560,2.329566,-0.498907,-0.001591,0.071544,MOVE_LEFT
848,1774867563.197317,320.639679,479.165405,68.682335,138.000000,68.000000,-2.324909,-0.006076,2.329566,-0.499000,-0.001739,0.071544,MOVE_LEFT
849,1774867563.245212,320.587921,479.115784,68.649567,138.000000,68.000000,-2.326395,-0.006440,2.330677,-0.499081,-0.001842,0.071510,MOVE_LEFT
850,1774867563.292092,320.561554,478.931030,68.647751,138.000000,68.000000,-2.326649,-0.007786,2.330739,-0.499123,-0.002227,0.071508,MOVE_LEFT
851,1774867563.358285,320.543091,478.651733,68.682335,138.000000,68.000000,-2.325612,-0.009815,2.329566,-0.499151,-0.002809,0.071544,MOVE_LEFT
852,1774867563.414920,320.530151,478.456238,68.682335,138.000000,68.000000,-2.325706,-0.011238,2.329566,-0.499172,-0.003216,0.071544,MOVE_LEFT
853,1774867563.463643,320.379822,478.619385,69.036331,139.000000,68.000000,-2.314869,-0.009999,2.317620,-0.499407,-0.002876,0.071913,MOVE_LEFT
854,1774867563.512905,320.274567,478.733582,69.036331,139.000000,68.000000,-2.315632,-0.009172,2.317620,-0.499571,-0.002638,0.071913,MOVE_LEFT
855,1774867563.566141,320.200897,478.813507,69.036331,139.000000,69.000000,-2.316165,-0.008593,2.317620,-0.499686,-0.002472,0.071913,MOVE_LEFT
856,1774867563.624460,320.149323,478.869476,69.036331,139.000000,69.000000,-2.316539,-0.008188,2.317620,-0.499767,-0.002355,0.071913,MOVE_LEFT
857,1774867563.688312,320.113220,478.908630,69.036331,139.000000,69.000000,-2.316800,-0.007904,2.317620,-0.499823,-0.002274,0.071913,MOVE_LEFT
858,1774867563.735040,320.087952,478.936035,69.036331,139.000000,69.000000,-2.316983,-0.007706,2.317620,-0.499863,-0.002217,0.071913,MOVE_LEFT
859,1774867563.784894,320.070282,478.955231,69.036324,139.000000,68.000000,-2.317111,-0.007567,2.317621,-0.499890,-0.002177,0.071913,MOVE_LEFT
860,1774867563.846114,320.058990,478.968658,69.032692,139.000000,68.000000,-2.317315,-0.007470,2.317742,-0.499908,-0.002149,0.071909,MOVE_LEFT
861,1774867563.900348,320.191284,478.378052,68.682335,138.000000,68.000000,-2.328173,-0.011808,2.329566,-0.499701,-0.003379,0.071544,MOVE_LEFT
862,1774867563.959039,320.283905,477.964630,68.682335,138.000000,68.000000,-2.327499,-0.014817,2.329566,-0.499556,-0.004240,0.071544,MOVE_LEFT
863,1774867564.016058,320.348724,477.675232,68.682335,138.000000,68.000000,-2.327027,-0.016924,2.329566,-0.499455,-0.004843,0.071544,MOVE_LEFT
864,1774867564.055702,320.394104,477.622650,68.647751,138.000000,68.000000,-2.327869,-0.017316,2.330739,-0.499384,-0.004953,0.071508,MOVE_LEFT
865,1774867564.109987,320.425873,477.585846,68.647751,138.000000,68.000000,-2.327637,-0.017584,2.330739,-0.499335,-0.005029,0.071508,MOVE_LEFT
866,1774867564.167990,320.448120,477.560089,68.647751,138.000000,69.000000,-2.327475,-0.017771,2.330739,-0.499300,-0.005083,0.071508,MOVE_LEFT
867,1774867564.225235,320.463684,477.542053,68.647751,138.000000,69.000000,-2.327362,-0.017903,2.330739,-0.499276,-0.005121,0.071508,MOVE_LEFT
868,1774867564.287758,320.474579,477.529419,68.647751,138.000000,69.000000,-2.327283,-0.017995,2.330739,-0.499258,-0.005147,0.071508,MOVE_LEFT
869,1774867564.333386,320.490967,477.520599,68.618607,138.000000,69.000000,-2.328152,-0.018067,2.331729,-0.499233,-0.005165,0.071478,MOVE_LEFT
870,1774867564.382751,320.502441,477.514404,68.618607,138.000000,68.000000,-2.328068,-0.018112,2.331729,-0.499215,-0.005178,0.071478,MOVE_LEFT
871,1774867564.441707,320.511566,477.360077,68.649590,138.000000,68.000000,-2.326951,-0.019228,2.330677,-0.499201,-0.005500,0.071510,MOVE_LEFT
872,1774867564.498399,320.517944,477.252045,68.649590,138.000000,68.000000,-2.326904,-0.020014,2.330677,-0.499191,-0.005725,0.071510,MOVE_LEFT
873,1774867564.557448,320.522430,477.176422,68.649590,138.000000,68.000000,-2.326872,-0.020565,2.330677,-0.499184,-0.005882,0.071510,MOVE_LEFT
874,1774867564.602892,320.525543,477.123505,68.649590,138.000000,68.000000,-2.326849,-0.020951,2.330677,-0.499179,-0.005993,0.071510,MOVE_LEFT
875,1774867564.652304,320.526642,476.936462,68.618607,138.000000,69.000000,-2.327892,-0.022323,2.331729,-0.499177,-0.006382,0.071478,MOVE_LEFT
876,1774867564.709916,320.528503,476.655518,68.649590,138.000000,69.000000,-2.326827,-0.024359,2.330677,-0.499174,-0.006968,0.071510,MOVE_LEFT
877,1774867564.771695,320.529816,476.458862,68.649590,138.000000,69.000000,-2.326818,-0.025791,2.330677,-0.499172,-0.007377,0.071510,MOVE_LEFT
878,1774867564.834962,320.530731,476.321228,68.649590,138.000000,69.000000,-2.326811,-0.026794,2.330677,-0.499171,-0.007664,0.071510,MOVE_LEFT
879,1774867564.891617,320.531372,476.224854,68.649590,138.000000,69.000000,-2.326807,-0.027496,2.330677,-0.499170,-0.007865,0.071510,MOVE_LEFT
880,1774867564.953625,320.531830,476.157410,68.649590,138.000000,69.000000,-2.326803,-0.027987,2.330677,-0.499169,-0.008005,0.071510,MOVE_LEFT
881,1774867565.006265,320.532135,476.110168,68.649590,138.000000,69.000000,-2.326801,-0.028331,2.330677,-0.499169,-0.008104,0.071510,MOVE_LEFT
882,1774867565.046637,320.532349,476.077087,68.649590,138.000000,69.000000,-2.326799,-0.028572,2.330677,-0.499168,-0.008173,0.071510,MOVE_LEFT
883,1774867565.095364,320.532501,476.053955,68.649590,138.000000,68.000000,-2.326798,-0.028740,2.330677,-0.499168,-0.008221,0.071510,MOVE_LEFT
884,1774867565.156478,320.532593,476.037781,68.649590,138.000000,68.000000,-2.326798,-0.028858,2.330677,-0.499168,-0.008255,0.071510,MOVE_LEFT
885,1774867565.213555,320.532684,476.026428,68.649590,138.000000,68.000000,-2.326797,-0.028941,2.330677,-0.499168,-0.008278,0.071510,MOVE_LEFT
886,1774867565.271894,320.532745,476.018494,68.649590,138.000000,68.000000,-2.326797,-0.028999,2.330677,-0.499168,-0.008295,0.071510,MOVE_LEFT
887,1774867565.333589,320.532776,476.012939,68.649590,138.000000,68.000000,-2.326796,-0.029039,2.330677,-0.499168,-0.008306,0.071510,MOVE_LEFT
888,1774867565.394034,320.532806,476.009033,68.649590,138.000000,68.000000,-2.326796,-0.029068,2.330677,-0.499168,-0.008315,0.071510,MOVE_LEFT
889,1774867565.443124,320.532806,476.006348,68.649590,138.000000,68.000000,-2.326796,-0.029087,2.330677,-0.499168,-0.008320,0.071510,MOVE_LEFT
890,1774867565.493588,320.532806,476.004456,68.649590,138.000000,68.000000,-2.326796,-0.029101,2.330677,-0.499168,-0.008324,0.071510,MOVE_LEFT
891,1774867565.549162,320.532806,476.003113,68.649590,138.000000,68.000000,-2.326796,-0.029111,2.330677,-0.499168,-0.008327,0.071510,MOVE_LEFT
892,1774867565.604470,320.532806,476.002197,68.649590,138.000000,68.000000,-2.326796,-0.029117,2.330677,-0.499168,-0.008329,0.071510,MOVE_LEFT
893,1774867565.658716,320.532806,476.001526,68.649590,138.000000,68.000000,-2.326796,-0.029122,2.330677,-0.499168,-0.008330,0.071510,MOVE_LEFT
894,1774867565.708489,320.532806,476.001038,68.649590,138.000000,68.000000,-2.326796,-0.029126,2.330677,-0.499168,-0.008331,0.071510,MOVE_LEFT
895,1774867565.765945,320.532806,476.000732,68.649590,138.000000,69.000000,-2.326796,-0.029128,2.330677,-0.499168,-0.008332,0.071510,MOVE_LEFT
896,1774867565.819828,320.522949,476.000488,68.682335,138.000000,69.000000,-2.325759,-0.029116,2.329566,-0.499183,-0.008332,0.071544,MOVE_LEFT
897,1774867565.882507,320.516052,476.000366,68.682335,138.000000,69.000000,-2.325809,-0.029117,2.329566,-0.499194,-0.008333,0.071544,MOVE_LEFT
898,1774867565.940208,320.511230,476.000244,68.682335,138.000000,69.000000,-2.325844,-0.029118,2.329566,-0.499201,-0.008333,0.071544,MOVE_LEFT
899,1774867565.990105,320.507874,476.000183,68.682335,138.000000,69.000000,-2.325868,-0.029118,2.329566,-0.499206,-0.008333,0.071544,MOVE_LEFT
900,1774867566.033425,320.515381,476.000122,68.649567,138.000000,69.000000,-2.326924,-0.029133,2.330677,-0.499195,-0.008333,0.071510,MOVE_LEFT
901,1774867566.088382,320.520630,476.000061,68.649567,138.000000,68.000000,-2.326886,-0.029133,2.330677,-0.499187,-0.008333,0.071510,MOVE_LEFT
902,1774867566.150206,320.514435,476.000061,68.682335,138.000000,68.000000,-2.325821,-0.029119,2.329566,-0.499196,-0.008333,0.071544,MOVE_LEFT
903,1774867566.204812,320.510101,476.000061,68.682335,138.000000,68.000000,-2.325852,-0.029119,2.329566,-0.499203,-0.008333,0.071544,MOVE_LEFT
904,1774867566.266130,320.507080,476.000061,68.682335,138.000000,69.000000,-2.325874,-0.029119,2.329566,-0.499208,-0.008333,0.071544,MOVE_LEFT
905,1774867566.321181,320.644104,476.450043,69.052635,139.000000,69.000000,-2.312409,-0.025705,2.317073,-0.498994,-0.007396,0.071930,MOVE_LEFT
906,1774867566.376511,320.742188,476.915039,69.036324,139.000000,69.000000,-2.312245,-0.022343,2.317621,-0.498840,-0.006427,0.071913,MOVE_LEFT
907,1774867566.446039,320.819519,477.240540,69.065285,139.000000,69.000000,-2.310716,-0.019977,2.316649,-0.498720,-0.005749,0.071943,MOVE_LEFT
908,1774867566.503124,320.873657,477.618347,69.045372,139.000000,68.000000,-2.310990,-0.017247,2.317317,-0.498635,-0.004962,0.071922,MOVE_LEFT
909,1774867566.562747,320.906128,478.032837,69.047173,139.000000,69.000000,-2.310695,-0.014245,2.317256,-0.498584,-0.004098,0.071924,MOVE_LEFT
911,1774867566.692662,320.940826,478.172974,69.067085,139.000000,69.000000,-2.309777,-0.013226,2.316588,-0.498530,-0.003806,0.071945,MOVE_LEFT
912,1774867566.747104,320.966187,478.121094,69.090622,139.000000,69.000000,-2.308807,-0.013597,2.315799,-0.498490,-0.003914,0.071969,MOVE_LEFT
913,1774867566.810161,321.126343,478.084778,68.682335,138.000000,69.000000,-2.321366,-0.013943,2.329566,-0.498240,-0.003990,0.071544,MOVE_LEFT
914,1774867566.876144,321.238434,478.059326,68.682335,138.000000,69.000000,-2.320550,-0.014128,2.329566,-0.498065,-0.004043,0.071544,MOVE_LEFT
915,1774867566.931978,321.316895,477.891510,68.720551,138.000000,69.000000,-2.318689,-0.015341,2.328270,-0.497942,-0.004393,0.071584,MOVE_LEFT
916,1774867566.985833,321.510956,478.074036,69.052635,139.000000,69.000000,-2.306132,-0.013946,2.317073,-0.497639,-0.004012,0.071930,MOVE_LEFT
917,1774867567.049310,321.652222,478.351837,69.047173,139.000000,69.000000,-2.305292,-0.011935,2.317256,-0.497418,-0.003434,0.071924,MOVE_LEFT
918,1774867567.117371,321.751129,478.546295,69.047173,139.000000,69.000000,-2.304576,-0.010527,2.317256,-0.497264,-0.003029,0.071924,MOVE_LEFT
919,1774867567.172120,321.825806,478.832397,69.045372,139.000000,69.000000,-2.304095,-0.008455,2.317317,-0.497147,-0.002433,0.071922,MOVE_LEFT
920,1774867567.233173,321.884583,478.732666,69.067108,139.000000,69.000000,-2.302944,-0.009175,2.316588,-0.497055,-0.002640,0.071945,MOVE_LEFT
921,1774867567.293345,321.930054,478.662842,69.052620,139.000000,70.000000,-2.303098,-0.009682,2.317074,-0.496984,-0.002786,0.071930,MOVE_LEFT
922,1774867567.347685,322.090088,478.313995,68.684166,138.000000,69.000000,-2.314288,-0.012274,2.329503,-0.496734,-0.003513,0.071546,MOVE_LEFT
923,1774867567.410971,322.202118,478.069794,68.684166,138.000000,69.000000,-2.313473,-0.014051,2.329503,-0.496559,-0.004021,0.071546,MOVE_LEFT
924,1774867567.481303,322.280518,477.898865,68.684166,138.000000,69.000000,-2.312902,-0.015296,2.329503,-0.496437,-0.004377,0.071546,MOVE_LEFT
925,1774867567.543977,322.346375,477.779205,68.720551,138.000000,69.000000,-2.311198,-0.016158,2.328270,-0.496334,-0.004627,0.071584,MOVE_LEFT
926,1774867567.593842,322.392456,477.545441,68.682335,138.000000,69.000000,-2.312149,-0.017869,2.329566,-0.496262,-0.005114,0.071544,MOVE_LEFT
927,1774867567.658852,322.424713,477.381805,68.682335,138.000000,70.000000,-2.311914,-0.019060,2.329566,-0.496211,-0.005455,0.071544,MOVE_LEFT
928,1774867567.713050,322.447296,477.117279,68.720551,138.000000,70.000000,-2.310464,-0.020974,2.328270,-0.496176,-0.006006,0.071584,MOVE_LEFT
929,1774867567.766031,322.463104,476.932098,68.720551,138.000000,69.000000,-2.310349,-0.022322,2.328270,-0.496151,-0.006391,0.071584,MOVE_LEFT
930,1774867567.831803,322.474182,476.802490,68.720551,138.000000,69.000000,-2.310268,-0.023265,2.328270,-0.496134,-0.006661,0.071584,MOVE_LEFT
931,1774867567.894201,322.481934,476.711761,68.720551,138.000000,69.000000,-2.310212,-0.023925,2.328270,-0.496122,-0.006850,0.071584,MOVE_LEFT
932,1774867567.947311,322.475311,476.498230,68.722397,138.000000,69.000000,-2.310198,-0.025478,2.328208,-0.496132,-0.007295,0.071586,MOVE_LEFT
933,1774867568.005100,322.347931,476.498779,69.096069,139.000000,69.000000,-2.298626,-0.025336,2.315617,-0.496331,-0.007294,0.071975,MOVE_LEFT
934,1774867568.068309,322.243561,476.499146,69.146683,139.000000,69.000000,-2.297698,-0.025315,2.313922,-0.496494,-0.007293,0.072028,MOVE_LEFT
935,1774867568.121776,322.170502,476.499420,69.146683,139.000000,69.000000,-2.298227,-0.025313,2.313922,-0.496609,-0.007293,0.072028,MOVE_LEFT
936,1774867568.179665,322.119354,476.499603,69.088814,139.000000,69.000000,-2.300522,-0.025333,2.315860,-0.496689,-0.007292,0.071968,MOVE_LEFT
937,1774867568.242683,322.083557,476.499725,69.088814,139.000000,69.000000,-2.300781,-0.025332,2.315860,-0.496744,-0.007292,0.071968,MOVE_LEFT
938,1774867568.288732,322.058472,476.499817,69.088814,139.000000,70.000000,-2.300962,-0.025331,2.315860,-0.496784,-0.007292,0.071968,MOVE_LEFT
939,1774867568.347470,322.040955,476.499878,69.088814,139.000000,70.000000,-2.301089,-0.025331,2.315860,-0.496811,-0.007292,0.071968,MOVE_LEFT
940,1774867568.416061,322.028687,476.499908,69.146683,139.000000,70.000000,-2.299252,-0.025309,2.313922,-0.496830,-0.007292,0.072028,MOVE_LEFT
941,1774867568.471087,322.020081,476.499939,69.146683,139.000000,70.000000,-2.299314,-0.025309,2.313922,-0.496844,-0.007292,0.072028,MOVE_LEFT
944,1774867568.644197,322.014038,476.199951,69.218956,139.000000,70.000000,-2.296957,-0.027449,2.311506,-0.496853,-0.007917,0.072103,MOVE_LEFT
945,1774867568.702839,322.009827,475.989990,69.218956,139.000000,70.000000,-2.296988,-0.028966,2.311506,-0.496860,-0.008354,0.072103,MOVE_LEFT
946,1774867568.771707,321.857971,476.593018,69.503700,140.000000,70.000000,-2.288670,-0.024509,2.302036,-0.497097,-0.007098,0.072400,MOVE_LEFT
947,1774867568.822728,321.750580,477.015137,69.507294,140.000000,70.000000,-2.289324,-0.021472,2.301917,-0.497265,-0.006218,0.072403,MOVE_LEFT
948,1774867568.886337,321.675415,477.310608,69.507294,140.000000,70.000000,-2.289865,-0.019346,2.301917,-0.497382,-0.005603,0.072403,MOVE_LEFT
949,1774867568.946371,321.622803,477.517456,69.507294,140.000000,70.000000,-2.290243,-0.017858,2.301917,-0.497464,-0.005172,0.072403,MOVE_LEFT
950,1774867568.999535,321.585968,477.512207,69.516281,140.000000,70.000000,-2.290212,-0.017894,2.301619,-0.497522,-0.005183,0.072413,MOVE_LEFT
951,1774867569.057754,321.556946,477.658569,69.518074,140.000000,69.000000,-2.290362,-0.016840,2.301560,-0.497567,-0.004878,0.072415,MOVE_LEFT
952,1774867569.124316,321.539856,477.760986,69.528870,140.000000,69.000000,-2.290129,-0.016101,2.301202,-0.497594,-0.004665,0.072426,MOVE_LEFT
953,1774867569.184946,321.527893,477.982666,69.516281,140.000000,69.000000,-2.290630,-0.014510,2.301619,-0.497613,-0.004203,0.072413,MOVE_LEFT
954,1774867569.239236,321.519531,478.137878,69.516281,140.000000,70.000000,-2.290690,-0.013393,2.301619,-0.497626,-0.003879,0.072413,MOVE_LEFT
955,1774867569.297180,321.513672,478.246521,69.516281,140.000000,70.000000,-2.290732,-0.012612,2.301619,-0.497635,-0.003653,0.072413,MOVE_LEFT
958,1774867569.458286,321.513885,478.322571,69.530655,140.000000,70.000000,-2.290257,-0.012063,2.301143,-0.497635,-0.003495,0.072428,MOVE_LEFT
959,1774867569.518347,321.514038,478.375793,69.530655,140.000000,69.000000,-2.290256,-0.011680,2.301143,-0.497634,-0.003384,0.072428,MOVE_LEFT
960,1774867569.580022,321.659851,478.113037,69.218956,139.000000,70.000000,-2.299516,-0.013630,2.311506,-0.497406,-0.003931,0.072103,MOVE_LEFT
961,1774867569.628744,321.761902,477.929108,69.218956,139.000000,70.000000,-2.298779,-0.014959,2.311506,-0.497247,-0.004314,0.072103,MOVE_LEFT
962,1774867569.692191,321.833313,477.800385,69.218956,139.000000,70.000000,-2.298263,-0.015889,2.311506,-0.497135,-0.004583,0.072103,MOVE_LEFT
963,1774867569.750260,321.873535,477.860291,69.148483,139.000000,70.000000,-2.300314,-0.015472,2.313861,-0.497073,-0.004458,0.072030,MOVE_LEFT
964,1774867569.808737,321.901703,477.902222,69.148483,139.000000,69.000000,-2.300110,-0.015169,2.313861,-0.497029,-0.004370,0.072030,MOVE_LEFT
965,1774867569.874929,321.931213,478.081543,69.146683,139.000000,69.000000,-2.299957,-0.013872,2.313922,-0.496982,-0.003997,0.072028,MOVE_LEFT
966,1774867569.928321,321.951843,478.207092,69.146683,139.000000,70.000000,-2.299808,-0.012965,2.313922,-0.496950,-0.003735,0.072028,MOVE_LEFT
967,1774867569.987927,321.966309,478.294983,69.146683,139.000000,70.000000,-2.299703,-0.012329,2.313922,-0.496928,-0.003552,0.072028,MOVE_LEFT
968,1774867570.053656,321.976440,478.356506,69.146683,139.000000,70.000000,-2.299630,-0.011884,2.313922,-0.496912,-0.003424,0.072028,MOVE_LEFT
969,1774867570.099046,321.983521,478.399536,69.146683,139.000000,70.000000,-2.299579,-0.011573,2.313922,-0.496901,-0.003334,0.072028,MOVE_LEFT
970,1774867570.156968,321.988464,478.429688,69.146683,139.000000,70.000000,-2.299543,-0.011355,2.313922,-0.496893,-0.003271,0.072028,MOVE_LEFT
971,1774867570.221507,321.991943,478.450806,69.146683,139.000000,69.000000,-2.299518,-0.011202,2.313922,-0.496888,-0.003227,0.072028,MOVE_LEFT
972,1774867570.282926,321.994385,478.615570,69.181023,139.000000,69.000000,-2.298359,-0.010006,2.312773,-0.496884,-0.002884,0.072064,MOVE_LEFT
973,1774867570.341203,321.996094,478.730896,69.181023,139.000000,69.000000,-2.298346,-0.009172,2.312773,-0.496881,-0.002644,0.072064,MOVE_LEFT
974,1774867570.383275,321.997253,478.811646,69.181023,139.000000,69.000000,-2.298338,-0.008589,2.312773,-0.496879,-0.002476,0.072064,MOVE_LEFT
975,1774867570.437745,321.998077,478.868164,69.181023,139.000000,69.000000,-2.298332,-0.008180,2.312773,-0.496878,-0.002358,0.072064,MOVE_LEFT
976,1774867570.498285,321.998657,478.907715,69.181023,139.000000,69.000000,-2.298328,-0.007894,2.312773,-0.496877,-0.002276,0.072064,MOVE_LEFT
977,1774867570.560398,321.999084,478.935394,69.181023,139.000000,69.000000,-2.298325,-0.007694,2.312773,-0.496876,-0.002218,0.072064,MOVE_LEFT
978,1774867570.605742,321.999359,478.954773,69.181023,139.000000,69.000000,-2.298323,-0.007554,2.312773,-0.496876,-0.002178,0.072064,MOVE_LEFT
979,1774867570.663436,321.999573,478.968353,69.181023,139.000000,69.000000,-2.298321,-0.007456,2.312773,-0.496876,-0.002149,0.072064,MOVE_LEFT
980,1774867570.722591,321.999695,478.977844,69.181023,139.000000,69.000000,-2.298320,-0.007388,2.312773,-0.496875,-0.002129,0.072064,MOVE_LEFT
981,1774867570.782554,321.999786,478.984497,69.181023,139.000000,69.000000,-2.298320,-0.007339,2.312773,-0.496875,-0.002116,0.072064,MOVE_LEFT
982,1774867570.828876,321.999847,478.989166,69.181023,139.000000,69.000000,-2.298319,-0.007306,2.312773,-0.496875,-0.002106,0.072064,MOVE_LEFT
983,1774867570.884074,321.999878,478.992432,69.260475,139.000000,69.000000,-2.295683,-0.007274,2.310120,-0.496875,-0.002099,0.072146,MOVE_LEFT
984,1774867570.942322,321.999939,478.994720,69.260475,139.000000,69.000000,-2.295682,-0.007257,2.310120,-0.496875,-0.002094,0.072146,MOVE_LEFT
985,1774867571.014201,322.011902,478.996307,69.220772,139.000000,69.000000,-2.296912,-0.007250,2.311445,-0.496856,-0.002091,0.072105,MOVE_LEFT
986,1774867571.066665,322.008331,478.847412,69.218956,139.000000,70.000000,-2.296998,-0.008326,2.311506,-0.496862,-0.002401,0.072103,MOVE_LEFT
987,1774867571.122923,322.145020,479.043182,69.552238,140.000000,70.000000,-2.285009,-0.006878,2.300429,-0.496648,-0.001993,0.072450,MOVE_LEFT
988,1774867571.190810,322.240723,479.180237,69.552238,140.000000,70.000000,-2.284321,-0.005893,2.300429,-0.496499,-0.001708,0.072450,MOVE_LEFT
989,1774867571.246826,322.307709,479.276154,69.552238,140.000000,70.000000,-2.283839,-0.005204,2.300429,-0.496394,-0.001508,0.072450,MOVE_LEFT
990,1774867571.305556,322.354614,479.343323,69.552238,140.000000,70.000000,-2.283502,-0.004721,2.300429,-0.496321,-0.001368,0.072450,MOVE_LEFT
991,1774867571.367153,322.391754,479.390320,69.566628,140.000000,70.000000,-2.282763,-0.004382,2.299953,-0.496263,-0.001270,0.072465,MOVE_LEFT
992,1774867571.418219,322.417755,479.423218,69.566628,140.000000,70.000000,-2.282576,-0.004146,2.299953,-0.496222,-0.001202,0.072465,MOVE_LEFT
993,1774867571.477417,322.435974,479.446259,69.566628,140.000000,70.000000,-2.282445,-0.003980,2.299953,-0.496194,-0.001154,0.072465,MOVE_LEFT
994,1774867571.549153,322.455200,479.462372,69.588173,140.000000,69.000000,-2.281600,-0.003863,2.299241,-0.496164,-0.001120,0.072488,MOVE_LEFT
995,1774867571.624819,322.468658,479.473663,69.545052,140.000000,69.000000,-2.282918,-0.003784,2.300667,-0.496143,-0.001097,0.072443,MOVE_LEFT
996,1774867571.681391,322.473755,479.481567,69.530685,140.000000,69.000000,-2.283353,-0.003728,2.301142,-0.496135,-0.001080,0.072428,MOVE_LEFT
997,1774867571.737334,322.481628,479.487091,69.545052,140.000000,70.000000,-2.282825,-0.003688,2.300667,-0.496122,-0.001069,0.072443,MOVE_LEFT
998,1774867571.806042,322.487152,479.490967,69.545052,140.000000,70.000000,-2.282785,-0.003660,2.300667,-0.496114,-0.001060,0.072443,MOVE_LEFT
999,1774867571.855895,322.490997,479.493683,69.545052,140.000000,70.000000,-2.282758,-0.003640,2.300667,-0.496108,-0.001055,0.072443,MOVE_LEFT
1000,1774867571.908143,322.493713,479.495575,69.588173,140.000000,70.000000,-2.281324,-0.003624,2.299241,-0.496104,-0.001051,0.072488,MOVE_LEFT
1001,1774867571.972048,322.495605,479.196899,69.545052,140.000000,70.000000,-2.282725,-0.005774,2.300667,-0.496101,-0.001673,0.072443,MOVE_LEFT
1002,1774867572.028817,322.502319,479.137848,69.546860,140.000000,70.000000,-2.282617,-0.006198,2.300607,-0.496090,-0.001796,0.072445,MOVE_LEFT
1003,1774867572.081263,322.507019,479.096497,69.546860,140.000000,69.000000,-2.282583,-0.006496,2.300607,-0.496083,-0.001882,0.072445,MOVE_LEFT
1004,1774867572.140745,322.511383,478.917542,69.566628,140.000000,69.000000,-2.281903,-0.007780,2.299953,-0.496076,-0.002255,0.072465,MOVE_LEFT
1005,1774867572.219061,322.514435,478.792297,69.566628,140.000000,69.000000,-2.281881,-0.008680,2.299953,-0.496071,-0.002516,0.072465,MOVE_LEFT
1006,1774867572.276240,322.510101,478.704590,69.588173,140.000000,69.000000,-2.281206,-0.009308,2.299241,-0.496078,-0.002699,0.072488,MOVE_LEFT
1007,1774867572.329598,322.507080,478.643188,69.588173,140.000000,70.000000,-2.281228,-0.009749,2.299241,-0.496083,-0.002827,0.072488,MOVE_LEFT
1008,1774867572.384944,322.504974,478.600220,69.588173,140.000000,70.000000,-2.281243,-0.010058,2.299241,-0.496086,-0.002916,0.072488,MOVE_LEFT
1009,1774867572.439799,322.503479,478.570129,69.588173,140.000000,70.000000,-2.281253,-0.010274,2.299241,-0.496088,-0.002979,0.072488,MOVE_LEFT
1010,1774867572.494157,322.502441,478.549072,69.588173,140.000000,70.000000,-2.281261,-0.010425,2.299241,-0.496090,-0.003023,0.072488,MOVE_LEFT
1011,1774867572.535541,322.512512,478.534363,69.552238,140.000000,70.000000,-2.282367,-0.010536,2.300429,-0.496074,-0.003053,0.072450,MOVE_LEFT
1012,1774867572.586626,322.519562,478.524048,69.552238,140.000000,70.000000,-2.282316,-0.010610,2.300429,-0.496063,-0.003075,0.072450,MOVE_LEFT
1013,1774867572.652158,322.526642,478.366821,69.572029,140.000000,70.000000,-2.281616,-0.011737,2.299775,-0.496052,-0.003402,0.072471,MOVE_LEFT
1014,1774867572.716774,322.525116,478.106781,69.566628,140.000000,70.000000,-2.281804,-0.013607,2.299953,-0.496055,-0.003944,0.072465,MOVE_LEFT
1015,1774867572.764056,322.524048,477.924744,69.566628,140.000000,70.000000,-2.281812,-0.014916,2.299953,-0.496056,-0.004323,0.072465,MOVE_LEFT
1016,1774867572.827421,322.523315,477.797302,69.566628,140.000000,69.000000,-2.281817,-0.015832,2.299953,-0.496057,-0.004589,0.072465,MOVE_LEFT
1017,1774867572.884462,322.522797,477.708099,69.566628,140.000000,69.000000,-2.281821,-0.016473,2.299953,-0.496058,-0.004775,0.072465,MOVE_LEFT
1018,1774867572.948892,322.522430,477.645660,69.566628,140.000000,69.000000,-2.281824,-0.016921,2.299953,-0.496059,-0.004905,0.072465,MOVE_LEFT
1019,1774867573.003482,322.522186,477.601959,69.566628,140.000000,69.000000,-2.281826,-0.017236,2.299953,-0.496059,-0.004996,0.072465,MOVE_LEFT
1020,1774867573.069142,322.522003,477.571381,69.566628,140.000000,69.000000,-2.281827,-0.017455,2.299953,-0.496059,-0.005060,0.072465,MOVE_LEFT
1021,1774867573.136015,322.521881,477.549957,69.566612,140.000000,69.000000,-2.281828,-0.017609,2.299954,-0.496060,-0.005104,0.072465,MOVE_LEFT
1022,1774867573.191144,322.534760,477.534973,69.581009,140.000000,69.000000,-2.281264,-0.017713,2.299478,-0.496039,-0.005135,0.072480,MOVE_LEFT
1023,1774867573.247618,322.537262,477.374481,69.572029,140.000000,69.000000,-2.281540,-0.018869,2.299775,-0.496036,-0.005470,0.072471,MOVE_LEFT
1024,1774867573.311935,322.539032,477.262146,69.572029,140.000000,69.000000,-2.281527,-0.019676,2.299775,-0.496033,-0.005704,0.072471,MOVE_LEFT
1025,1774867573.368354,322.665344,476.883484,69.220772,139.000000,69.000000,-2.292192,-0.022511,2.311445,-0.495835,-0.006493,0.072105,MOVE_LEFT
1026,1774867573.425661,322.754883,476.768433,69.182831,139.000000,69.000000,-2.292802,-0.023355,2.312713,-0.495696,-0.006732,0.072065,MOVE_LEFT
1027,1774867573.488398,322.817566,476.687897,69.182831,139.000000,69.000000,-2.292349,-0.023937,2.312713,-0.495598,-0.006900,0.072065,MOVE_LEFT
1028,1774867573.542702,322.872284,476.631531,69.218956,139.000000,69.000000,-2.290758,-0.024332,2.311506,-0.495512,-0.007018,0.072103,MOVE_LEFT
1029,1774867573.598349,322.910583,476.592072,69.218956,139.000000,69.000000,-2.290481,-0.024617,2.311506,-0.495452,-0.007100,0.072103,MOVE_LEFT
1030,1774867573.664220,322.937408,476.564453,69.146683,139.000000,69.000000,-2.292681,-0.024842,2.313922,-0.495410,-0.007157,0.072028,MOVE_LEFT
1031,1774867573.726712,322.956177,476.545135,69.146683,139.000000,70.000000,-2.292545,-0.024982,2.313922,-0.495381,-0.007198,0.072028,MOVE_LEFT
1032,1774867573.777111,322.969330,476.531616,69.146683,139.000000,70.000000,-2.292450,-0.025080,2.313922,-0.495360,-0.007226,0.072028,MOVE_LEFT
1033,1774867573.834445,322.978516,476.522125,69.146683,139.000000,70.000000,-2.292384,-0.025149,2.313922,-0.495346,-0.007246,0.072028,MOVE_LEFT
1034,1774867573.898865,322.984955,476.515503,69.146683,139.000000,69.000000,-2.292337,-0.025196,2.313922,-0.495336,-0.007259,0.072028,MOVE_LEFT
1035,1774867573.960093,322.999268,476.660858,69.148514,139.000000,69.000000,-2.292173,-0.024145,2.313860,-0.495314,-0.006957,0.072030,MOVE_LEFT
1036,1774867574.016154,322.999481,476.762604,69.181023,139.000000,69.000000,-2.291094,-0.023398,2.312773,-0.495313,-0.006745,0.072064,MOVE_LEFT
1037,1774867574.071122,322.999634,476.833832,69.181023,139.000000,70.000000,-2.291093,-0.022883,2.312773,-0.495313,-0.006596,0.072064,MOVE_LEFT
1038,1774867574.138555,322.999756,476.883698,69.181023,139.000000,70.000000,-2.291092,-0.022523,2.312773,-0.495313,-0.006492,0.072064,MOVE_LEFT
1039,1774867574.201413,322.999817,476.918579,69.181023,139.000000,70.000000,-2.291092,-0.022271,2.312773,-0.495313,-0.006420,0.072064,MOVE_LEFT
1040,1774867574.251036,323.139069,477.393005,69.552238,140.000000,69.000000,-2.277863,-0.018741,2.300429,-0.495095,-0.005431,0.072450,MOVE_LEFT
1041,1774867574.306741,323.108215,477.425110,69.182831,139.000000,69.000000,-2.290249,-0.018609,2.312713,-0.495143,-0.005364,0.072065,MOVE_LEFT
1042,1774867574.363852,323.214966,478.047577,69.552238,140.000000,69.000000,-2.277317,-0.014036,2.300429,-0.494977,-0.004068,0.072450,MOVE_LEFT
1043,1774867574.418359,323.289673,478.483307,69.552238,140.000000,69.000000,-2.276780,-0.010903,2.300429,-0.494860,-0.003160,0.072450,MOVE_LEFT
1044,1774867574.472693,323.341980,478.788330,69.552238,140.000000,70.000000,-2.276404,-0.008711,2.300429,-0.494778,-0.002524,0.072450,MOVE_LEFT
1045,1774867574.512185,323.378601,479.001831,69.552238,140.000000,70.000000,-2.276141,-0.007176,2.300429,-0.494721,-0.002080,0.072450,MOVE_LEFT
1046,1774867574.568518,323.406403,479.301270,69.536064,140.000000,69.000000,-2.276470,-0.005024,2.300964,-0.494677,-0.001456,0.072433,MOVE_LEFT
1047,1774867574.627725,323.425842,479.510895,69.536064,140.000000,69.000000,-2.276331,-0.003517,2.300964,-0.494647,-0.001019,0.072433,MOVE_LEFT
1048,1774867574.687949,323.439453,479.657623,69.536064,140.000000,69.000000,-2.276233,-0.002462,2.300964,-0.494626,-0.000713,0.072433,MOVE_LEFT
1049,1774867574.744349,323.319580,479.460358,69.220772,139.000000,69.000000,-2.287467,-0.003898,2.311445,-0.494813,-0.001124,0.072105,MOVE_LEFT
1050,1774867574.793431,323.223694,479.172241,69.218956,139.000000,69.000000,-2.288219,-0.005979,2.311506,-0.494963,-0.001724,0.072103,MOVE_LEFT
1051,1774867574.854478,323.156586,479.120575,69.181023,139.000000,69.000000,-2.289959,-0.006356,2.312773,-0.495068,-0.001832,0.072064,MOVE_LEFT
1052,1774867574.919062,323.109619,479.084412,69.181023,139.000000,69.000000,-2.290298,-0.006617,2.312773,-0.495141,-0.001907,0.072064,MOVE_LEFT
1053,1774867574.979439,323.076721,479.059082,69.181023,139.000000,69.000000,-2.290536,-0.006800,2.312773,-0.495193,-0.001960,0.072064,MOVE_LEFT
1054,1774867575.033509,323.053711,479.191345,69.146683,139.000000,70.000000,-2.291840,-0.005847,2.313922,-0.495229,-0.001685,0.072028,MOVE_LEFT
1055,1774867575.095961,323.037598,479.283936,69.146683,139.000000,69.000000,-2.291957,-0.005178,2.313922,-0.495254,-0.001492,0.072028,MOVE_LEFT
1056,1774867575.151057,323.026306,479.348755,69.146683,139.000000,69.000000,-2.292038,-0.004709,2.313922,-0.495271,-0.001357,0.072028,MOVE_LEFT
1057,1774867575.206179,323.018402,479.394135,69.146683,139.000000,69.000000,-2.292095,-0.004381,2.313922,-0.495284,-0.001262,0.072028,MOVE_LEFT
1058,1774867575.279649,323.012878,479.425903,69.146683,139.000000,69.000000,-2.292135,-0.004151,2.313922,-0.495292,-0.001196,0.072028,MOVE_LEFT
1059,1774867575.333324,323.009003,479.448120,69.146683,139.000000,69.000000,-2.292163,-0.003991,2.313922,-0.495298,-0.001150,0.072028,MOVE_LEFT
1060,1774867575.400753,322.867096,479.763672,69.552254,140.000000,69.000000,-2.279818,-0.001699,2.300429,-0.495520,-0.000492,0.072450,MOVE_LEFT
1061,1774867575.448033,322.763428,479.984558,69.566612,140.000000,69.000000,-2.280092,-0.000111,2.299954,-0.495682,-0.000032,0.072465,MOVE_LEFT
1062,1774867575.506737,322.690887,480.139221,69.566612,140.000000,69.000000,-2.280614,0.001001,2.299954,-0.495795,0.000290,0.072465,MOVE_LEFT
1063,1774867575.559211,322.639008,480.397461,69.546837,140.000000,69.000000,-2.281635,0.002858,2.300608,-0.495877,0.000828,0.072445,MOVE_LEFT
1064,1774867575.605977,322.602692,480.578247,69.546837,140.000000,69.000000,-2.281896,0.004157,2.300608,-0.495933,0.001205,0.072445,MOVE_LEFT
1065,1774867575.662146,322.571899,480.554749,69.545052,140.000000,69.000000,-2.282176,0.003988,2.300667,-0.495981,0.001156,0.072443,MOVE_LEFT
1066,1774867575.717360,322.550323,480.538330,69.545052,140.000000,69.000000,-2.282331,0.003870,2.300667,-0.496015,0.001122,0.072443,MOVE_LEFT
1067,1774867575.771406,322.535217,480.526855,69.545052,140.000000,68.000000,-2.282440,0.003788,2.300667,-0.496039,0.001098,0.072443,MOVE_LEFT
1068,1774867575.821872,322.524658,480.518799,69.545052,140.000000,69.000000,-2.282516,0.003730,2.300667,-0.496055,0.001081,0.072443,MOVE_LEFT
1069,1774867575.880967,322.517273,480.513184,69.545052,140.000000,69.000000,-2.282569,0.003690,2.300667,-0.496067,0.001069,0.072443,MOVE_LEFT
1070,1774867575.947428,322.512085,480.509216,69.545052,140.000000,69.000000,-2.282606,0.003661,2.300667,-0.496075,0.001061,0.072443,MOVE_LEFT
1072,1774867576.048880,322.508453,480.506470,69.545052,140.000000,68.000000,-2.282632,0.003641,2.300667,-0.496081,0.001055,0.072443,MOVE_LEFT
1073,1774867576.104380,322.505920,480.504517,69.545052,140.000000,69.000000,-2.282650,0.003627,2.300667,-0.496085,0.001051,0.072443,MOVE_LEFT
1075,1774867576.218753,322.504150,480.203156,69.516281,140.000000,69.000000,-2.283608,0.001461,2.301619,-0.496087,0.000423,0.072413,MOVE_LEFT
1076,1774867576.271237,322.502899,480.142212,69.528870,140.000000,68.000000,-2.283203,0.001023,2.301202,-0.496089,0.000296,0.072426,MOVE_LEFT
1077,1774867576.316603,322.502045,479.949554,69.545052,140.000000,69.000000,-2.282678,-0.000363,2.300667,-0.496091,-0.000105,0.072443,MOVE_LEFT
1079,1774867576.433105,322.501434,479.514709,69.516281,140.000000,69.000000,-2.283627,-0.003490,2.301619,-0.496092,-0.001011,0.072413,MOVE_LEFT
1080,1774867576.488199,322.504242,479.060303,69.518097,140.000000,68.000000,-2.283548,-0.006759,2.301559,-0.496087,-0.001958,0.072415,MOVE_LEFT
1081,1774867576.528584,322.509430,478.892212,69.523483,140.000000,68.000000,-2.283333,-0.007967,2.301381,-0.496079,-0.002308,0.072420,MOVE_LEFT
1082,1774867576.582041,322.656586,478.024536,69.181023,139.000000,68.000000,-2.293573,-0.014277,2.312773,-0.495849,-0.004116,0.072064,MOVE_LEFT
1083,1774867576.640893,322.759613,477.417175,69.181023,139.000000,68.000000,-2.292828,-0.018667,2.312773,-0.495688,-0.005381,0.072064,MOVE_LEFT
1084,1774867576.701848,322.831726,477.142029,69.146683,139.000000,69.000000,-2.293445,-0.020666,2.313922,-0.495575,-0.005954,0.072028,MOVE_LEFT
1085,1774867576.754457,322.882202,476.949432,69.146683,139.000000,69.000000,-2.293080,-0.022059,2.313922,-0.495497,-0.006355,0.072028,MOVE_LEFT
1086,1774867576.816816,322.917542,476.814606,69.146683,139.000000,69.000000,-2.292825,-0.023034,2.313922,-0.495441,-0.006636,0.072028,MOVE_LEFT
1087,1774867576.879002,322.933594,476.720245,69.117760,139.000000,68.000000,-2.293668,-0.023726,2.314890,-0.495416,-0.006833,0.071998,MOVE_LEFT
1088,1774867576.938765,322.953522,476.654175,69.088814,139.000000,68.000000,-2.294485,-0.024214,2.315860,-0.495385,-0.006970,0.071968,MOVE_LEFT
1089,1774867576.989953,322.967468,476.607941,69.088814,139.000000,68.000000,-2.294384,-0.024549,2.315860,-0.495363,-0.007067,0.071968,MOVE_LEFT
1090,1774867577.060284,322.977234,476.575562,69.088814,139.000000,68.000000,-2.294313,-0.024783,2.315860,-0.495348,-0.007134,0.071968,MOVE_LEFT
1091,1774867577.123481,322.984070,476.552887,69.088814,139.000000,68.000000,-2.294264,-0.024947,2.315860,-0.495337,-0.007181,0.071968,MOVE_LEFT
1092,1774867577.190030,322.995361,476.537018,69.067085,139.000000,68.000000,-2.294904,-0.025070,2.316588,-0.495320,-0.007215,0.071945,MOVE_LEFT
1093,1774867577.247547,323.003296,476.525909,69.067085,139.000000,68.000000,-2.294846,-0.025150,2.316588,-0.495307,-0.007238,0.071945,MOVE_LEFT
1094,1774867577.303524,323.008850,476.518158,69.067085,139.000000,68.000000,-2.294806,-0.025206,2.316588,-0.495299,-0.007254,0.071945,MOVE_LEFT
1095,1774867577.360624,323.012695,476.512726,69.067085,139.000000,68.000000,-2.294778,-0.025246,2.316588,-0.495293,-0.007265,0.071945,MOVE_LEFT
1096,1774867577.417402,323.015411,476.508911,69.067085,139.000000,67.000000,-2.294759,-0.025273,2.316588,-0.495288,-0.007273,0.071945,MOVE_LEFT
1097,1774867577.475479,323.010773,476.506256,69.088814,139.000000,68.000000,-2.294071,-0.025284,2.315860,-0.495296,-0.007279,0.071968,MOVE_LEFT
1098,1774867577.529929,323.007538,476.654388,69.065285,139.000000,68.000000,-2.294876,-0.024221,2.316649,-0.495301,-0.006970,0.071943,MOVE_LEFT
1099,1774867577.590715,323.005280,476.758087,69.065285,139.000000,68.000000,-2.294892,-0.023470,2.316649,-0.495304,-0.006754,0.071943,MOVE_LEFT
1100,1774867577.635717,323.003693,476.830658,69.065285,139.000000,68.000000,-2.294903,-0.022945,2.316649,-0.495307,-0.006603,0.071943,MOVE_LEFT
1101,1774867577.697800,323.002594,476.881470,69.065285,139.000000,68.000000,-2.294911,-0.022577,2.316649,-0.495308,-0.006497,0.071943,MOVE_LEFT
1102,1774867577.760523,323.001801,476.917023,69.065285,139.000000,68.000000,-2.294917,-0.022319,2.316649,-0.495310,-0.006423,0.071943,MOVE_LEFT
1103,1774867577.823648,322.994751,477.091919,69.067108,139.000000,67.000000,-2.294908,-0.021053,2.316588,-0.495321,-0.006059,0.071945,MOVE_LEFT
1104,1774867577.876109,322.989807,477.214325,69.067108,139.000000,67.000000,-2.294943,-0.020166,2.316588,-0.495328,-0.005803,0.071945,MOVE_LEFT
1106,1774867577.997209,322.986359,477.300018,69.067108,139.000000,68.000000,-2.294968,-0.019546,2.316588,-0.495334,-0.005625,0.071945,MOVE_LEFT
1107,1774867578.054917,322.983948,477.360016,69.067108,139.000000,68.000000,-2.294986,-0.019112,2.316588,-0.495338,-0.005500,0.071945,MOVE_LEFT
1108,1774867578.105454,322.973541,477.402008,69.096069,139.000000,67.000000,-2.294099,-0.018800,2.315617,-0.495354,-0.005412,0.071975,MOVE_LEFT
1109,1774867578.161433,322.966278,477.431396,69.096069,139.000000,67.000000,-2.294152,-0.018587,2.315617,-0.495365,-0.005351,0.071975,MOVE_LEFT
1110,1774867578.216287,322.826385,478.201965,69.500099,140.000000,67.000000,-2.281821,-0.012935,2.302155,-0.495584,-0.003746,0.072396,MOVE_LEFT
1111,1774867578.272618,322.601288,478.141357,69.105141,139.000000,67.000000,-2.296491,-0.013448,2.315313,-0.495935,-0.003872,0.071985,MOVE_LEFT
1112,1774867578.330254,322.443726,478.098938,69.105141,139.000000,68.000000,-2.297631,-0.013755,2.315313,-0.496182,-0.003961,0.071985,MOVE_LEFT
1113,1774867578.386997,322.318207,478.069275,69.090622,139.000000,68.000000,-2.299023,-0.013972,2.315799,-0.496378,-0.004022,0.071969,MOVE_LEFT
1114,1774867578.450061,322.230347,478.048523,69.090622,139.000000,68.000000,-2.299658,-0.014123,2.315799,-0.496515,-0.004066,0.071969,MOVE_LEFT
1115,1774867578.515230,322.161255,478.183960,69.088814,139.000000,68.000000,-2.300219,-0.013143,2.315860,-0.496623,-0.003783,0.071968,MOVE_LEFT
1116,1774867578.562803,322.112885,478.278748,69.088814,139.000000,68.000000,-2.300569,-0.012457,2.315860,-0.496699,-0.003586,0.071968,MOVE_LEFT
1117,1774867578.607373,322.079041,478.345093,69.088814,139.000000,67.000000,-2.300814,-0.011977,2.315860,-0.496751,-0.003448,0.071968,MOVE_LEFT
1118,1774867578.662112,322.055328,478.541565,69.065285,139.000000,67.000000,-2.301769,-0.010558,2.316649,-0.496789,-0.003038,0.071943,MOVE_LEFT
1119,1774867578.719993,322.038727,478.679108,69.065285,139.000000,67.000000,-2.301889,-0.009563,2.316649,-0.496814,-0.002752,0.071943,MOVE_LEFT
1120,1774867578.778200,322.027100,478.775391,69.065285,139.000000,67.000000,-2.301973,-0.008866,2.316649,-0.496833,-0.002551,0.071943,MOVE_LEFT
1121,1774867578.831879,322.018982,478.992767,69.088814,139.000000,67.000000,-2.301248,-0.007289,2.315860,-0.496845,-0.002098,0.071968,MOVE_LEFT
1122,1774867578.888427,322.013306,479.294922,69.065285,139.000000,67.000000,-2.302073,-0.005104,2.316649,-0.496854,-0.001469,0.071943,MOVE_LEFT
1123,1774867578.958109,322.009338,479.506439,69.065285,139.000000,67.000000,-2.302102,-0.003573,2.316649,-0.496860,-0.001028,0.071943,MOVE_LEFT
1124,1774867579.013549,322.006531,479.654510,69.065285,139.000000,67.000000,-2.302122,-0.002501,2.316649,-0.496865,-0.000720,0.071943,MOVE_LEFT
1125,1774867579.074051,322.004578,479.758148,69.065285,139.000000,68.000000,-2.302136,-0.001751,2.316649,-0.496868,-0.000504,0.071943,MOVE_LEFT
1126,1774867579.128171,322.003204,479.830688,69.065285,139.000000,68.000000,-2.302146,-0.001226,2.316649,-0.496870,-0.000353,0.071943,MOVE_LEFT
1127,1774867579.190221,322.002258,479.881470,69.115944,139.000000,68.000000,-2.300466,-0.000857,2.314951,-0.496871,-0.000247,0.071996,MOVE_LEFT
1128,1774867579.262774,322.001587,479.917023,69.115944,139.000000,68.000000,-2.300471,-0.000600,2.314951,-0.496873,-0.000173,0.071996,MOVE_LEFT
1129,1774867579.316241,322.001099,479.941925,69.115944,139.000000,68.000000,-2.300474,-0.000420,2.314951,-0.496873,-0.000121,0.071996,MOVE_LEFT
1130,1774867579.374313,322.000793,479.959351,69.115944,139.000000,68.000000,-2.300476,-0.000294,2.314951,-0.496874,-0.000085,0.071996,MOVE_LEFT
1131,1774867579.439883,322.000549,479.971527,69.115944,139.000000,68.000000,-2.300478,-0.000206,2.314951,-0.496874,-0.000059,0.071996,MOVE_LEFT
1132,1774867579.488609,322.000366,479.980072,69.065285,139.000000,68.000000,-2.302167,-0.000144,2.316649,-0.496874,-0.000042,0.071943,MOVE_LEFT
1133,1774867579.535123,322.000244,479.986053,69.065285,139.000000,68.000000,-2.302168,-0.000101,2.316649,-0.496875,-0.000029,0.071943,MOVE_LEFT
1134,1774867579.597606,322.000183,479.990234,69.065285,139.000000,68.000000,-2.302168,-0.000071,2.316649,-0.496875,-0.000020,0.071943,MOVE_LEFT
1135,1774867579.665688,322.000122,479.993164,69.065285,139.000000,68.000000,-2.302169,-0.000049,2.316649,-0.496875,-0.000014,0.071943,MOVE_LEFT
1136,1774867579.716341,322.000092,479.995209,69.065285,139.000000,68.000000,-2.302169,-0.000035,2.316649,-0.496875,-0.000010,0.071943,MOVE_LEFT
1137,1774867579.772443,322.000061,479.996643,69.065285,139.000000,68.000000,-2.302169,-0.000024,2.316649,-0.496875,-0.000007,0.071943,MOVE_LEFT
1138,1774867579.835650,322.000061,479.997650,69.065285,139.000000,68.000000,-2.302169,-0.000017,2.316649,-0.496875,-0.000005,0.071943,MOVE_LEFT
1139,1774867579.893069,322.000061,479.998352,69.065285,139.000000,68.000000,-2.302169,-0.000012,2.316649,-0.496875,-0.000003,0.071943,MOVE_LEFT
1140,1774867579.954053,322.000061,479.998840,69.065285,139.000000,68.000000,-2.302169,-0.000008,2.316649,-0.496875,-0.000002,0.071943,MOVE_LEFT
1141,1774867580.021508,322.000061,479.999176,69.065285,139.000000,68.000000,-2.302169,-0.000006,2.316649,-0.496875,-0.000002,0.071943,MOVE_LEFT
1142,1774867580.094454,322.000061,479.999420,69.065285,139.000000,68.000000,-2.302169,-0.000004,2.316649,-0.496875,-0.000001,0.071943,MOVE_LEFT
1143,1774867580.151648,322.000061,479.999603,69.115944,139.000000,68.000000,-2.300482,-0.000003,2.314951,-0.496875,-0.000001,0.071996,MOVE_LEFT
1144,1774867580.202569,322.000061,479.999725,69.115944,139.000000,68.000000,-2.300482,-0.000002,2.314951,-0.496875,-0.000001,0.071996,MOVE_LEFT
1145,1774867580.256722,322.000061,479.999817,69.115944,139.000000,68.000000,-2.300482,-0.000001,2.314951,-0.496875,-0.000000,0.071996,MOVE_LEFT
1146,1774867580.313667,322.000061,479.999878,69.115944,139.000000,68.000000,-2.300482,-0.000001,2.314951,-0.496875,-0.000000,0.071996,MOVE_LEFT
1147,1774867580.370244,322.013092,479.999908,69.072548,139.000000,68.000000,-2.301833,-0.000001,2.316405,-0.496855,-0.000000,0.071951,MOVE_LEFT
1148,1774867580.428079,322.031982,479.999939,69.105141,139.000000,68.000000,-2.300610,-0.000000,2.315313,-0.496825,-0.000000,0.071985,MOVE_LEFT
1149,1774867580.490697,322.045197,479.999939,69.105141,139.000000,68.000000,-2.300515,-0.000000,2.315313,-0.496804,-0.000000,0.071985,MOVE_LEFT
1150,1774867580.552086,322.181641,479.999939,68.682335,138.000000,68.000000,-2.313683,-0.000000,2.329566,-0.496591,-0.000000,0.071544,MOVE_LEFT
1151,1774867580.593021,322.277161,479.999939,68.682335,138.000000,68.000000,-2.312988,-0.000000,2.329566,-0.496442,-0.000000,0.071544,MOVE_LEFT
1152,1774867580.659253,322.344025,479.699951,68.682335,138.000000,68.000000,-2.312501,-0.002184,2.329566,-0.496337,-0.000625,0.071544,MOVE_LEFT
1153,1774867580.717293,322.390808,479.489960,68.682335,138.000000,68.000000,-2.312161,-0.003713,2.329566,-0.496264,-0.001063,0.071544,MOVE_LEFT
1154,1774867580.768998,322.423584,479.342987,68.682335,138.000000,68.000000,-2.311922,-0.004783,2.329566,-0.496213,-0.001369,0.071544,MOVE_LEFT
1155,1774867580.817647,322.576935,479.390106,69.081604,139.000000,68.000000,-2.297450,-0.004414,2.316101,-0.495974,-0.001271,0.071960,MOVE_LEFT
1156,1774867580.874857,322.684296,479.423065,69.081604,139.000000,68.000000,-2.296673,-0.004176,2.316101,-0.495806,-0.001202,0.071960,MOVE_LEFT
1157,1774867580.929667,322.759430,479.446136,69.081604,139.000000,69.000000,-2.296129,-0.004009,2.316101,-0.495688,-0.001154,0.071960,MOVE_LEFT
1158,1774867580.973351,322.812042,479.462311,69.081604,139.000000,69.000000,-2.295748,-0.003892,2.316101,-0.495606,-0.001120,0.071960,MOVE_LEFT
1159,1774867581.024461,322.848877,479.473633,69.081604,139.000000,68.000000,-2.295482,-0.003810,2.316101,-0.495549,-0.001097,0.071960,MOVE_LEFT
1160,1774867581.084387,322.744232,479.181519,68.720551,138.000000,68.000000,-2.308303,-0.005955,2.328270,-0.495712,-0.001705,0.071584,MOVE_LEFT
1161,1774867581.131191,322.804657,479.127075,69.061691,139.000000,68.000000,-2.296464,-0.006320,2.316769,-0.495618,-0.001819,0.071939,MOVE_LEFT
1162,1774867581.189127,322.846954,479.088959,69.061691,139.000000,68.000000,-2.296158,-0.006596,2.316769,-0.495552,-0.001898,0.071939,MOVE_LEFT
1163,1774867581.251400,322.876556,479.062286,69.061691,139.000000,68.000000,-2.295943,-0.006789,2.316769,-0.495505,-0.001954,0.071939,MOVE_LEFT
1164,1774867581.318483,322.897278,479.043610,69.061691,139.000000,69.000000,-2.295793,-0.006924,2.316769,-0.495473,-0.001992,0.071939,MOVE_LEFT
1165,1774867581.378309,322.911804,479.030548,69.061691,139.000000,69.000000,-2.295688,-0.007019,2.316769,-0.495450,-0.002020,0.071939,MOVE_LEFT
1166,1774867581.435492,322.788269,478.571381,68.720551,138.000000,68.000000,-2.307983,-0.010394,2.328270,-0.495643,-0.002976,0.071584,MOVE_LEFT
1167,1774867581.496186,322.701782,478.249969,68.720551,138.000000,68.000000,-2.308612,-0.012733,2.328270,-0.495778,-0.003646,0.071584,MOVE_LEFT
1168,1774867581.549237,322.641266,477.874969,68.682335,138.000000,68.000000,-2.310337,-0.015470,2.329566,-0.495873,-0.004427,0.071544,MOVE_LEFT
1169,1774867581.590652,322.598877,477.612488,68.682335,138.000000,69.000000,-2.310646,-0.017381,2.329566,-0.495939,-0.004974,0.071544,MOVE_LEFT
1170,1774867581.644325,322.569214,477.428741,68.682335,138.000000,69.000000,-2.310862,-0.018718,2.329566,-0.495986,-0.005357,0.071544,MOVE_LEFT
1171,1774867581.704034,322.548462,477.300110,68.682335,138.000000,69.000000,-2.311013,-0.019655,2.329566,-0.496018,-0.005625,0.071544,MOVE_LEFT
1172,1774867581.759866,322.533936,477.210083,68.682335,138.000000,68.000000,-2.311119,-0.020310,2.329566,-0.496041,-0.005812,0.071544,MOVE_LEFT
1173,1774867581.818447,322.523773,477.147064,68.682335,138.000000,68.000000,-2.311193,-0.020769,2.329566,-0.496057,-0.005944,0.071544,MOVE_LEFT
1174,1774867581.866602,322.516632,477.102936,68.682335,138.000000,69.000000,-2.311245,-0.021090,2.329566,-0.496068,-0.006036,0.071544,MOVE_LEFT
1175,1774867581.923171,322.511658,477.072052,68.682335,138.000000,69.000000,-2.311281,-0.021315,2.329566,-0.496076,-0.006100,0.071544,MOVE_LEFT
1176,1774867581.966908,322.508179,476.750427,68.682335,138.000000,69.000000,-2.311306,-0.023657,2.329566,-0.496081,-0.006770,0.071544,MOVE_LEFT
1177,1774867582.017021,322.505737,476.525269,68.682335,138.000000,69.000000,-2.311324,-0.025296,2.329566,-0.496085,-0.007239,0.071544,MOVE_LEFT
1178,1774867582.071798,322.504028,476.367676,68.682335,138.000000,69.000000,-2.311336,-0.026443,2.329566,-0.496087,-0.007567,0.071544,MOVE_LEFT
1179,1774867582.133009,322.502838,476.107361,68.720551,138.000000,69.000000,-2.310060,-0.028322,2.328270,-0.496089,-0.008110,0.071584,MOVE_LEFT
1180,1774867582.194744,322.501984,475.925171,68.720551,138.000000,69.000000,-2.310066,-0.029648,2.328270,-0.496091,-0.008489,0.071584,MOVE_LEFT
1181,1774867582.247426,322.489349,475.647614,68.722397,138.000000,69.000000,-2.310096,-0.031666,2.328208,-0.496110,-0.009067,0.071586,MOVE_LEFT
1182,1774867582.307019,322.347992,475.753357,69.047195,139.000000,69.000000,-2.300253,-0.030752,2.317256,-0.496331,-0.008847,0.071924,MOVE_LEFT
1183,1774867582.370601,322.249023,475.827332,69.047195,139.000000,69.000000,-2.300969,-0.030216,2.317256,-0.496486,-0.008693,0.071924,MOVE_LEFT
1184,1774867582.431910,322.183014,475.879150,69.036331,139.000000,69.000000,-2.301810,-0.029846,2.317620,-0.496589,-0.008585,0.071913,MOVE_LEFT
1185,1774867582.500639,322.133545,475.915405,69.047195,139.000000,69.000000,-2.301806,-0.029578,2.317256,-0.496666,-0.008510,0.071924,MOVE_LEFT
1186,1774867582.552689,322.097839,476.090790,69.030891,139.000000,69.000000,-2.302608,-0.028315,2.317803,-0.496722,-0.008144,0.071907,MOVE_LEFT
1187,1774867582.602519,322.068481,476.213562,69.045372,139.000000,70.000000,-2.302338,-0.027420,2.317317,-0.496768,-0.007888,0.071922,MOVE_LEFT
1188,1774867582.658554,322.047943,476.149475,69.029076,139.000000,70.000000,-2.303030,-0.027891,2.317864,-0.496800,-0.008022,0.071905,MOVE_LEFT
1189,1774867582.721413,322.033569,476.104614,69.029076,139.000000,69.000000,-2.303134,-0.028216,2.317864,-0.496823,-0.008115,0.071905,MOVE_LEFT
1190,1774867582.780396,322.023499,476.073242,69.029076,139.000000,69.000000,-2.303207,-0.028443,2.317864,-0.496838,-0.008181,0.071905,MOVE_LEFT
1191,1774867582.835054,322.016449,476.051270,69.029076,139.000000,69.000000,-2.303258,-0.028602,2.317864,-0.496849,-0.008227,0.071905,MOVE_LEFT
1192,1774867582.891872,322.011536,476.035889,69.029076,139.000000,69.000000,-2.303294,-0.028713,2.317864,-0.496857,-0.008259,0.071905,MOVE_LEFT
1193,1774867582.953597,322.008057,476.025146,69.029076,139.000000,69.000000,-2.303319,-0.028791,2.317864,-0.496862,-0.008281,0.071905,MOVE_LEFT
1194,1774867583.001720,322.005646,476.017578,69.029076,139.000000,69.000000,-2.303336,-0.028846,2.317864,-0.496866,-0.008297,0.071905,MOVE_LEFT
1195,1774867583.046130,322.003967,476.012329,69.029076,139.000000,69.000000,-2.303348,-0.028884,2.317864,-0.496869,-0.008308,0.071905,MOVE_LEFT
1196,1774867583.101730,322.002777,476.008606,69.065285,139.000000,69.000000,-2.302150,-0.028896,2.316649,-0.496871,-0.008315,0.071943,MOVE_LEFT
1197,1774867583.166957,322.010651,476.006042,69.036331,139.000000,70.000000,-2.303058,-0.028926,2.317620,-0.496858,-0.008321,0.071913,MOVE_LEFT
1198,1774867583.220006,322.016174,476.004211,69.036331,139.000000,70.000000,-2.303018,-0.028940,2.317620,-0.496850,-0.008325,0.071913,MOVE_LEFT
1199,1774867583.272547,322.161316,475.402954,68.762367,138.000000,70.000000,-2.311138,-0.033427,2.326854,-0.496623,-0.009577,0.071627,MOVE_LEFT
1200,1774867583.338371,322.262939,474.982086,68.762367,138.000000,70.000000,-2.310399,-0.036487,2.326854,-0.496464,-0.010454,0.071627,MOVE_LEFT
1201,1774867583.392963,322.334076,474.837463,68.720551,138.000000,70.000000,-2.311288,-0.037562,2.328270,-0.496353,-0.010755,0.071584,MOVE_LEFT
1202,1774867583.436739,322.383850,474.736237,68.720551,138.000000,70.000000,-2.310926,-0.038298,2.328270,-0.496275,-0.010966,0.071584,MOVE_LEFT
1203,1774867583.485522,322.418701,474.665375,68.720551,138.000000,70.000000,-2.310672,-0.038814,2.328270,-0.496221,-0.011114,0.071584,MOVE_LEFT
1204,1774867583.543776,322.443085,474.615753,68.647751,138.000000,70.000000,-2.312945,-0.039216,2.330739,-0.496183,-0.011217,0.071508,MOVE_LEFT
1205,1774867583.604875,322.460175,474.581024,68.647751,138.000000,70.000000,-2.312820,-0.039469,2.330739,-0.496156,-0.011290,0.071508,MOVE_LEFT
1206,1774867583.661177,322.472137,474.556732,68.647751,138.000000,70.000000,-2.312733,-0.039646,2.330739,-0.496137,-0.011340,0.071508,MOVE_LEFT
1207,1774867583.708024,322.480499,474.539703,68.647751,138.000000,70.000000,-2.312672,-0.039770,2.330739,-0.496124,-0.011376,0.071508,MOVE_LEFT
1208,1774867583.758227,322.496216,474.677795,68.649567,138.000000,70.000000,-2.312497,-0.038764,2.330677,-0.496100,-0.011088,0.071510,MOVE_LEFT
1209,1774867583.828949,322.508301,474.624451,68.684166,138.000000,70.000000,-2.311244,-0.039132,2.329503,-0.496081,-0.011199,0.071546,MOVE_LEFT
1210,1774867583.887586,322.516785,474.587128,68.684166,138.000000,70.000000,-2.311182,-0.039404,2.329503,-0.496068,-0.011277,0.071546,MOVE_LEFT
1211,1774867583.957268,322.522705,474.561005,68.684166,138.000000,69.000000,-2.311139,-0.039594,2.329503,-0.496058,-0.011331,0.071546,MOVE_LEFT
1212,1774867584.027454,322.526855,474.542694,68.684166,138.000000,69.000000,-2.311109,-0.039728,2.329503,-0.496052,-0.011369,0.071546,MOVE_LEFT
1213,1774867584.078768,322.663361,474.979858,69.047173,139.000000,69.000000,-2.297970,-0.036353,2.317256,-0.495838,-0.010459,0.071924,MOVE_LEFT
1214,1774867584.145647,322.758911,475.285889,69.047173,139.000000,69.000000,-2.297278,-0.034137,2.317256,-0.495689,-0.009821,0.071924,MOVE_LEFT
1215,1774867584.214745,322.831238,475.500122,69.065285,139.000000,70.000000,-2.296152,-0.032577,2.316649,-0.495576,-0.009375,0.071943,MOVE_LEFT
1216,1774867584.274175,322.881866,475.650085,69.065285,139.000000,70.000000,-2.295785,-0.031491,2.316649,-0.495497,-0.009062,0.071943,MOVE_LEFT
1217,1774867584.332253,322.910797,475.905060,69.067108,139.000000,70.000000,-2.295515,-0.029645,2.316588,-0.495452,-0.008531,0.071945,MOVE_LEFT
1218,1774867584.403897,322.931030,476.083557,69.067108,139.000000,70.000000,-2.295369,-0.028352,2.316588,-0.495420,-0.008159,0.071945,MOVE_LEFT
1219,1774867584.477267,322.945190,476.208496,69.067108,139.000000,70.000000,-2.295266,-0.027448,2.316588,-0.495398,-0.007899,0.071945,MOVE_LEFT
1220,1774867584.541993,322.961639,476.295959,69.088814,139.000000,70.000000,-2.294426,-0.026806,2.315860,-0.495372,-0.007717,0.071968,MOVE_LEFT
1221,1774867584.587598,322.966644,476.357178,69.067108,139.000000,70.000000,-2.295111,-0.026372,2.316588,-0.495365,-0.007589,0.071945,MOVE_LEFT
1222,1774867584.660179,322.961426,476.400024,69.096069,139.000000,70.000000,-2.294187,-0.026051,2.315617,-0.495373,-0.007500,0.071975,MOVE_LEFT
1223,1774867584.732274,322.822998,476.280029,68.762367,138.000000,70.000000,-2.306327,-0.027049,2.326854,-0.495589,-0.007750,0.071627,MOVE_LEFT
1224,1774867584.784731,322.726105,476.196045,68.762367,138.000000,70.000000,-2.307032,-0.027660,2.326854,-0.495740,-0.007925,0.071627,MOVE_LEFT
1225,1774867584.843904,322.658264,476.137207,68.762367,138.000000,70.000000,-2.307525,-0.028088,2.326854,-0.495846,-0.008047,0.071627,MOVE_LEFT
1226,1774867584.908719,322.470581,476.096069,69.148514,139.000000,70.000000,-2.295996,-0.028229,2.313860,-0.496140,-0.008133,0.072030,MOVE_LEFT
1227,1774867584.969043,322.329407,476.217255,69.146683,139.000000,70.000000,-2.297078,-0.027353,2.313922,-0.496360,-0.007881,0.072028,MOVE_LEFT
1228,1774867585.017383,322.230591,476.452087,69.115944,139.000000,70.000000,-2.298814,-0.025666,2.314951,-0.496515,-0.007391,0.071996,MOVE_LEFT
1229,1774867585.065195,322.161438,476.766449,69.088814,139.000000,70.000000,-2.300217,-0.023401,2.315860,-0.496623,-0.006737,0.071968,MOVE_LEFT
1230,1774867585.130257,322.113007,476.836517,69.115944,139.000000,70.000000,-2.299665,-0.022885,2.314951,-0.496698,-0.006591,0.071996,MOVE_LEFT
1231,1774867585.198421,322.069305,476.885559,69.148483,139.000000,70.000000,-2.298899,-0.022520,2.313861,-0.496767,-0.006488,0.072030,MOVE_LEFT
1232,1774867585.249816,322.036560,476.919891,69.220772,139.000000,70.000000,-2.296734,-0.022248,2.311445,-0.496818,-0.006417,0.072105,MOVE_LEFT
1233,1774867585.304072,321.875580,477.693939,69.516281,140.000000,71.000000,-2.288129,-0.016586,2.301619,-0.497069,-0.004804,0.072413,MOVE_LEFT
1234,1774867585.364466,321.634644,477.485748,69.188301,139.000000,71.000000,-2.300717,-0.018170,2.312530,-0.497446,-0.005238,0.072071,MOVE_LEFT
1235,1774867585.425031,321.444244,477.340027,69.260475,139.000000,71.000000,-2.299694,-0.019203,2.310120,-0.497743,-0.005542,0.072146,MOVE_LEFT
1236,1774867585.482610,321.310974,477.388000,69.218956,139.000000,70.000000,-2.302036,-0.018868,2.311506,-0.497952,-0.005442,0.072103,MOVE_LEFT
1237,1774867585.528994,321.217682,477.421600,69.146683,139.000000,70.000000,-2.305116,-0.018644,2.313922,-0.498097,-0.005372,0.072028,MOVE_LEFT
1238,1774867585.581536,321.142578,477.595154,69.148483,139.000000,70.000000,-2.305600,-0.017389,2.313861,-0.498215,-0.005010,0.072030,MOVE_LEFT
1239,1774867585.641964,321.090027,477.716614,69.148483,139.000000,71.000000,-2.305980,-0.016511,2.313861,-0.498297,-0.004757,0.072030,MOVE_LEFT
1240,1774867585.694642,321.052155,477.651611,69.182846,139.000000,71.000000,-2.305108,-0.016972,2.312712,-0.498356,-0.004892,0.072065,MOVE_LEFT
1241,1774867585.745160,321.036499,477.606110,69.218956,139.000000,71.000000,-2.304018,-0.017292,2.311506,-0.498380,-0.004987,0.072103,MOVE_LEFT
1242,1774867585.805423,320.882019,478.174286,69.566612,140.000000,71.000000,-2.293614,-0.013122,2.299954,-0.498622,-0.003804,0.072465,MOVE_LEFT
1243,1774867585.866815,320.767426,478.571991,69.588173,140.000000,70.000000,-2.293727,-0.010260,2.299241,-0.498801,-0.002975,0.072488,MOVE_LEFT
1244,1774867585.913419,320.687195,479.000397,69.564819,140.000000,70.000000,-2.295074,-0.007185,2.300013,-0.498926,-0.002083,0.072463,MOVE_LEFT
1245,1774867585.970592,320.631042,479.300262,69.564819,140.000000,70.000000,-2.295478,-0.005029,2.300013,-0.499014,-0.001458,0.072463,MOVE_LEFT
1246,1774867586.037435,320.591736,479.510193,69.564819,140.000000,71.000000,-2.295760,-0.003521,2.300013,-0.499075,-0.001020,0.072463,MOVE_LEFT
1247,1774867586.096194,320.564209,479.657135,69.564819,140.000000,71.000000,-2.295958,-0.002464,2.300013,-0.499118,-0.000714,0.072463,MOVE_LEFT
1248,1774867586.153096,320.544952,479.909973,69.588173,140.000000,71.000000,-2.295326,-0.000647,2.299241,-0.499149,-0.000188,0.072488,MOVE_LEFT
1249,1774867586.224179,320.531464,480.086975,69.588173,140.000000,71.000000,-2.295423,0.000625,2.299241,-0.499170,0.000181,0.072488,MOVE_LEFT
1250,1774867586.296058,320.522034,480.210876,69.588173,140.000000,71.000000,-2.295490,0.001515,2.299241,-0.499184,0.000439,0.072488,MOVE_LEFT
1251,1774867586.343499,320.522980,480.147614,69.589966,140.000000,71.000000,-2.295424,0.001061,2.299182,-0.499183,0.000308,0.072490,MOVE_LEFT
1252,1774867586.403967,320.523651,480.103333,69.589966,140.000000,71.000000,-2.295420,0.000742,2.299182,-0.499182,0.000215,0.072490,MOVE_LEFT
1253,1774867586.463052,320.666565,479.772339,69.260475,139.000000,71.000000,-2.305308,-0.001644,2.310120,-0.498958,-0.000474,0.072146,MOVE_LEFT
1254,1774867586.512440,320.766602,479.540649,69.260475,139.000000,71.000000,-2.304586,-0.003316,2.310120,-0.498802,-0.000957,0.072146,MOVE_LEFT
1255,1774867586.563396,320.836609,479.528442,69.218956,139.000000,71.000000,-2.305462,-0.003406,2.311506,-0.498693,-0.000982,0.072103,MOVE_LEFT
1256,1774867586.619592,320.885620,479.519897,69.218956,139.000000,71.000000,-2.305108,-0.003468,2.311506,-0.498616,-0.001000,0.072103,MOVE_LEFT
1257,1774867586.681074,320.919922,479.513916,69.218956,139.000000,71.000000,-2.304861,-0.003511,2.311506,-0.498563,-0.001013,0.072103,MOVE_LEFT
1258,1774867586.735701,320.943939,479.359741,69.260475,139.000000,70.000000,-2.303305,-0.004622,2.310120,-0.498525,-0.001334,0.072146,MOVE_LEFT
1259,1774867586.780717,320.960754,479.251831,69.260475,139.000000,70.000000,-2.303184,-0.005401,2.310120,-0.498499,-0.001559,0.072146,MOVE_LEFT
1260,1774867586.838451,320.972534,478.876282,69.260475,139.000000,70.000000,-2.303099,-0.008112,2.310120,-0.498480,-0.002341,0.072146,MOVE_LEFT
1261,1774867586.897511,320.980774,478.613403,69.260475,139.000000,71.000000,-2.303040,-0.010010,2.310120,-0.498468,-0.002889,0.072146,MOVE_LEFT
1262,1774867586.947803,321.125732,478.879395,69.552238,140.000000,71.000000,-2.292336,-0.008056,2.300429,-0.498241,-0.002335,0.072450,MOVE_LEFT
1263,1774867587.004815,321.232605,479.215576,69.546860,140.000000,71.000000,-2.291745,-0.005640,2.300607,-0.498074,-0.001634,0.072445,MOVE_LEFT
1264,1774867587.064367,321.307434,479.450897,69.546860,140.000000,71.000000,-2.291207,-0.003948,2.300607,-0.497957,-0.001144,0.072445,MOVE_LEFT
1265,1774867587.123339,321.365204,479.465637,69.545052,140.000000,71.000000,-2.290852,-0.003842,2.300667,-0.497867,-0.001113,0.072443,MOVE_LEFT
1266,1774867587.164824,321.405640,479.475952,69.545052,140.000000,71.000000,-2.290561,-0.003768,2.300667,-0.497804,-0.001092,0.072443,MOVE_LEFT
1267,1774867587.218110,321.433960,479.483154,69.545052,140.000000,71.000000,-2.290357,-0.003716,2.300667,-0.497759,-0.001077,0.072443,MOVE_LEFT
1268,1774867587.273998,321.458069,479.488220,69.530655,140.000000,71.000000,-2.290658,-0.003680,2.301143,-0.497722,-0.001066,0.072428,MOVE_LEFT
1269,1774867587.333887,321.608704,479.041748,69.220772,139.000000,71.000000,-2.299825,-0.006922,2.311445,-0.497486,-0.001996,0.072105,MOVE_LEFT
1270,1774867587.369127,321.714142,478.729248,69.220772,139.000000,71.000000,-2.299063,-0.009179,2.311445,-0.497322,-0.002647,0.072105,MOVE_LEFT
1271,1774867587.431548,321.787933,478.510498,69.220772,139.000000,71.000000,-2.298530,-0.010759,2.311445,-0.497206,-0.003103,0.072105,MOVE_LEFT
1272,1774867587.490657,321.839600,478.357361,69.220772,139.000000,71.000000,-2.298157,-0.011865,2.311445,-0.497126,-0.003422,0.072105,MOVE_LEFT
1273,1774867587.549366,321.876862,478.400146,69.182831,139.000000,71.000000,-2.299148,-0.011563,2.312713,-0.497067,-0.003333,0.072065,MOVE_LEFT
1274,1774867587.616646,321.902924,478.430115,69.182831,139.000000,71.000000,-2.298960,-0.011346,2.312713,-0.497027,-0.003271,0.072065,MOVE_LEFT
1275,1774867587.679100,321.921173,478.451050,69.182831,139.000000,71.000000,-2.298828,-0.011195,2.312713,-0.496998,-0.003227,0.072065,MOVE_LEFT
1276,1774867587.737972,321.933960,478.465759,69.182831,139.000000,71.000000,-2.298735,-0.011088,2.312713,-0.496978,-0.003196,0.072065,MOVE_LEFT
1277,1774867587.793807,321.942902,478.476013,69.182831,139.000000,71.000000,-2.298671,-0.011014,2.312713,-0.496964,-0.003175,0.072065,MOVE_LEFT
1278,1774867587.860995,321.949158,478.483215,69.182831,139.000000,71.000000,-2.298626,-0.010962,2.312713,-0.496954,-0.003160,0.072065,MOVE_LEFT
1279,1774867587.924143,321.953552,478.488220,69.182831,139.000000,71.000000,-2.298594,-0.010926,2.312713,-0.496948,-0.003150,0.072065,MOVE_LEFT
1280,1774867587.978426,321.955536,478.341736,69.220772,139.000000,71.000000,-2.297320,-0.011978,2.311445,-0.496944,-0.003455,0.072105,MOVE_LEFT
1281,1774867588.046681,321.947144,478.239197,69.188271,139.000000,71.000000,-2.298459,-0.012725,2.312531,-0.496958,-0.003668,0.072071,MOVE_LEFT
1282,1774867588.110195,321.941254,478.167419,69.188271,139.000000,71.000000,-2.298502,-0.013243,2.312531,-0.496967,-0.003818,0.072071,MOVE_LEFT
1283,1774867588.172691,321.937134,478.117188,69.188271,139.000000,71.000000,-2.298532,-0.013606,2.312531,-0.496973,-0.003923,0.072071,MOVE_LEFT
1284,1774867588.227208,321.806000,478.682037,69.528870,140.000000,71.000000,-2.288215,-0.009478,2.301202,-0.497178,-0.002746,0.072426,MOVE_LEFT
1285,1774867588.293370,321.714203,479.227417,69.545052,140.000000,71.000000,-2.288343,-0.005555,2.300667,-0.497322,-0.001610,0.072443,MOVE_LEFT
1286,1774867588.353495,321.645630,479.609192,69.530685,140.000000,71.000000,-2.289308,-0.002810,2.301142,-0.497429,-0.000814,0.072428,MOVE_LEFT
1287,1774867588.415765,321.451935,479.126465,69.260475,139.000000,71.000000,-2.299638,-0.006306,2.310120,-0.497731,-0.001820,0.072146,MOVE_LEFT
1288,1774867588.482901,321.316345,478.788513,69.260475,139.000000,71.000000,-2.300617,-0.008746,2.310120,-0.497943,-0.002524,0.072146,MOVE_LEFT
1289,1774867588.550745,321.221436,478.551941,69.260475,139.000000,71.000000,-2.301302,-0.010454,2.310120,-0.498092,-0.003017,0.072146,MOVE_LEFT
1290,1774867588.612044,321.154999,478.536377,69.218956,139.000000,71.000000,-2.303162,-0.010572,2.311506,-0.498195,-0.003049,0.072103,MOVE_LEFT
1291,1774867588.675527,321.108521,478.525452,69.218956,139.000000,71.000000,-2.303498,-0.010651,2.311506,-0.498268,-0.003072,0.072103,MOVE_LEFT
1292,1774867588.744557,321.075958,478.517822,69.146683,139.000000,71.000000,-2.306141,-0.010718,2.313922,-0.498319,-0.003088,0.072028,MOVE_LEFT
1293,1774867588.805802,321.053162,478.512451,69.146683,139.000000,71.000000,-2.306306,-0.010756,2.313922,-0.498354,-0.003099,0.072028,MOVE_LEFT
1294,1774867588.869147,321.037231,478.508728,69.146683,139.000000,71.000000,-2.306421,-0.010783,2.313922,-0.498379,-0.003107,0.072028,MOVE_LEFT
1295,1774867588.935230,321.026062,478.506104,69.218956,139.000000,71.000000,-2.304094,-0.010791,2.311506,-0.498397,-0.003112,0.072103,MOVE_LEFT
1296,1774867588.995459,321.018250,478.504272,69.218956,139.000000,71.000000,-2.304150,-0.010804,2.311506,-0.498409,-0.003116,0.072103,MOVE_LEFT
1297,1774867589.054602,320.991028,478.352966,69.188271,139.000000,71.000000,-2.305369,-0.011903,2.312531,-0.498452,-0.003431,0.072071,MOVE_LEFT
1298,1774867589.126167,320.846954,478.847076,69.518097,140.000000,71.000000,-2.295467,-0.008292,2.301559,-0.498677,-0.002402,0.072415,MOVE_LEFT
1299,1774867589.185055,320.742859,479.342957,69.516281,140.000000,71.000000,-2.296276,-0.004726,2.301619,-0.498839,-0.001369,0.072413,MOVE_LEFT
1300,1774867589.245045,320.543915,478.790070,69.226227,139.000000,71.000000,-2.307334,-0.008739,2.311263,-0.499150,-0.002521,0.072111,MOVE_LEFT
1301,1774867589.316438,320.402466,478.553040,69.188301,139.000000,70.000000,-2.309621,-0.010457,2.312530,-0.499371,-0.003015,0.072071,MOVE_LEFT
1302,1774867589.377755,320.293701,478.387146,69.220772,139.000000,70.000000,-2.309323,-0.011650,2.311445,-0.499541,-0.003360,0.072105,MOVE_LEFT
1303,1774867589.440417,320.205566,478.270996,69.181023,139.000000,70.000000,-2.311287,-0.012496,2.312773,-0.499679,-0.003602,0.072064,MOVE_LEFT
1304,1774867589.507249,320.143890,478.189697,69.181023,139.000000,70.000000,-2.311733,-0.013084,2.312773,-0.499775,-0.003771,0.072064,MOVE_LEFT
1305,1774867589.565689,320.100708,478.132812,69.115944,139.000000,71.000000,-2.314222,-0.013508,2.314951,-0.499843,-0.003890,0.071996,MOVE_LEFT
1306,1774867589.621853,320.070496,478.092957,69.181023,139.000000,71.000000,-2.312263,-0.013783,2.312773,-0.499890,-0.003973,0.072064,MOVE_LEFT
1307,1774867589.691918,320.049347,477.915070,69.218956,139.000000,71.000000,-2.311149,-0.015060,2.311506,-0.499923,-0.004344,0.072103,MOVE_LEFT
1308,1774867589.757675,320.022583,477.640564,69.220772,139.000000,70.000000,-2.311282,-0.017043,2.311445,-0.499965,-0.004915,0.072105,MOVE_LEFT
1309,1774867589.813779,320.003845,477.448395,69.220772,139.000000,70.000000,-2.311417,-0.018431,2.311445,-0.499994,-0.005316,0.072105,MOVE_LEFT
1311,1774867589.941683,319.980957,477.013855,69.188271,139.000000,71.000000,-2.312668,-0.021580,2.312531,-0.500030,-0.006221,0.072071,MOVE_LEFT
1312,1774867589.992738,319.962769,476.559692,69.226227,139.000000,70.000000,-2.311532,-0.024848,2.311263,-0.500058,-0.007167,0.072111,MOVE_LEFT
1313,1774867590.051819,319.827179,476.991760,69.518097,140.000000,70.000000,-2.302802,-0.021636,2.301559,-0.500270,-0.006267,0.072415,MOVE_LEFT
1314,1774867590.118130,319.729034,477.294250,69.507294,140.000000,70.000000,-2.303866,-0.019464,2.301917,-0.500423,-0.005637,0.072403,MOVE_LEFT
1315,1774867590.183127,319.660339,477.355957,69.516281,140.000000,71.000000,-2.304062,-0.019017,2.301619,-0.500531,-0.005508,0.072413,MOVE_LEFT
1316,1774867590.238987,319.610077,477.399170,69.509087,140.000000,71.000000,-2.304662,-0.018709,2.301857,-0.500609,-0.005418,0.072405,MOVE_LEFT
1317,1774867590.282188,319.577057,477.579407,69.500099,140.000000,71.000000,-2.305198,-0.017414,2.302155,-0.500661,-0.005043,0.072396,MOVE_LEFT
1318,1774867590.331612,319.671326,476.655579,69.197372,139.000000,71.000000,-2.314601,-0.024166,2.312227,-0.500514,-0.006968,0.072081,MOVE_LEFT
1319,1774867590.390093,319.619934,476.008911,68.807800,138.000000,70.000000,-2.328080,-0.029002,2.325318,-0.500594,-0.008315,0.071675,MOVE_LEFT
1320,1774867590.454359,319.701355,475.556244,69.197372,139.000000,70.000000,-2.314384,-0.032109,2.312227,-0.500467,-0.009258,0.072081,MOVE_LEFT
1321,1774867590.518717,319.769226,475.389374,69.188271,139.000000,70.000000,-2.314198,-0.033319,2.312531,-0.500361,-0.009605,0.072071,MOVE_LEFT
1322,1774867590.575603,319.826508,475.272552,69.220772,139.000000,70.000000,-2.312698,-0.034148,2.311445,-0.500271,-0.009849,0.072105,MOVE_LEFT
1323,1774867590.633564,319.866608,475.190796,69.220772,139.000000,71.000000,-2.312408,-0.034738,2.311445,-0.500208,-0.010019,0.072105,MOVE_LEFT
1324,1774867590.687744,319.906616,474.983551,69.218956,139.000000,71.000000,-2.312180,-0.036236,2.311506,-0.500146,-0.010451,0.072103,MOVE_LEFT
1328,1774867590.916176,319.934631,474.988495,69.115944,139.000000,71.000000,-2.315424,-0.036254,2.314951,-0.500102,-0.010441,0.071996,MOVE_LEFT
1329,1774867590.960743,319.954224,474.991943,69.115944,139.000000,71.000000,-2.315282,-0.036229,2.314951,-0.500072,-0.010433,0.071996,MOVE_LEFT
1330,1774867591.021854,319.967957,474.994354,69.115944,139.000000,71.000000,-2.315182,-0.036212,2.314951,-0.500050,-0.010428,0.071996,MOVE_LEFT
1331,1774867591.080267,319.977570,475.146057,69.088814,139.000000,71.000000,-2.316022,-0.035128,2.315860,-0.500035,-0.010112,0.071968,MOVE_LEFT
1332,1774867591.142896,319.984314,475.102234,69.115944,139.000000,71.000000,-2.315064,-0.035432,2.314951,-0.500024,-0.010204,0.071996,MOVE_LEFT
1333,1774867591.182152,319.989014,475.071564,69.115944,139.000000,71.000000,-2.315030,-0.035653,2.314951,-0.500017,-0.010268,0.071996,MOVE_LEFT
1334,1774867591.235630,319.992310,475.050079,69.115944,139.000000,71.000000,-2.315006,-0.035809,2.314951,-0.500012,-0.010312,0.071996,MOVE_LEFT
1335,1774867591.293629,319.994629,475.035065,69.115944,139.000000,71.000000,-2.314990,-0.035917,2.314951,-0.500008,-0.010344,0.071996,MOVE_LEFT
1336,1774867591.350857,320.003845,475.024536,69.090622,139.000000,71.000000,-2.315771,-0.036007,2.315799,-0.499994,-0.010366,0.071969,MOVE_LEFT
1337,1774867591.413387,320.002686,475.017181,69.115944,139.000000,71.000000,-2.314931,-0.036047,2.314951,-0.499996,-0.010381,0.071996,MOVE_LEFT
1338,1774867591.476438,320.009491,475.012024,69.090622,139.000000,70.000000,-2.315730,-0.036097,2.315799,-0.499985,-0.010392,0.071969,MOVE_LEFT
1339,1774867591.523552,320.014252,475.008423,69.090622,139.000000,70.000000,-2.315696,-0.036123,2.315799,-0.499978,-0.010399,0.071969,MOVE_LEFT
1340,1774867591.575487,320.017578,475.005890,69.090622,139.000000,70.000000,-2.315672,-0.036142,2.315799,-0.499973,-0.010404,0.071969,MOVE_LEFT
1341,1774867591.639402,320.019897,475.004120,69.090622,139.000000,70.000000,-2.315655,-0.036155,2.315799,-0.499969,-0.010408,0.071969,MOVE_LEFT
1342,1774867591.686358,320.013916,475.152893,69.088814,139.000000,70.000000,-2.315759,-0.035079,2.315860,-0.499978,-0.010098,0.071968,MOVE_LEFT
1343,1774867591.748086,320.009735,475.257019,69.088814,139.000000,70.000000,-2.315789,-0.034325,2.315860,-0.499985,-0.009881,0.071968,MOVE_LEFT
1344,1774867591.815740,320.014404,475.479919,69.090622,139.000000,71.000000,-2.315695,-0.032711,2.315799,-0.499977,-0.009417,0.071969,MOVE_LEFT
1345,1774867591.871685,320.016602,475.785950,69.067085,139.000000,71.000000,-2.316468,-0.030507,2.316588,-0.499974,-0.008779,0.071945,MOVE_LEFT
1346,1774867591.929027,320.018127,476.000183,69.067085,139.000000,71.000000,-2.316457,-0.028956,2.316588,-0.499972,-0.008333,0.071945,MOVE_LEFT
1347,1774867591.992733,320.012695,476.300140,69.065285,139.000000,70.000000,-2.316557,-0.026785,2.316649,-0.499980,-0.007708,0.071943,MOVE_LEFT
1348,1774867592.055054,320.008881,476.510101,69.065285,139.000000,70.000000,-2.316584,-0.025265,2.316649,-0.499986,-0.007271,0.071943,MOVE_LEFT
1349,1774867592.112570,320.006226,476.507080,69.088814,139.000000,70.000000,-2.315815,-0.025278,2.315860,-0.499990,-0.007277,0.071968,MOVE_LEFT
1350,1774867592.175499,320.004333,476.504974,69.088814,139.000000,70.000000,-2.315828,-0.025294,2.315860,-0.499993,-0.007281,0.071968,MOVE_LEFT
1351,1774867592.245600,320.003052,476.503479,69.088814,139.000000,70.000000,-2.315838,-0.025305,2.315860,-0.499995,-0.007284,0.071968,MOVE_LEFT
1352,1774867592.302722,319.993439,476.502441,69.117760,139.000000,70.000000,-2.314937,-0.025301,2.314890,-0.500010,-0.007287,0.071998,MOVE_LEFT
1353,1774867592.361222,319.845398,476.351685,68.762367,138.000000,70.000000,-2.327978,-0.026528,2.326854,-0.500242,-0.007601,0.071627,MOVE_LEFT
1354,1774867592.417273,319.741760,476.246155,68.762367,138.000000,71.000000,-2.328732,-0.027296,2.326854,-0.500404,-0.007821,0.071627,MOVE_LEFT
1355,1774867592.475936,319.669250,476.172302,68.762367,138.000000,70.000000,-2.329259,-0.027833,2.326854,-0.500517,-0.007974,0.071627,MOVE_LEFT
1356,1774867592.532796,319.618469,476.120605,68.682335,138.000000,70.000000,-2.332343,-0.028242,2.329566,-0.500596,-0.008082,0.071544,MOVE_LEFT
1357,1774867592.591909,319.582947,476.084412,68.682335,138.000000,70.000000,-2.332602,-0.028505,2.329566,-0.500652,-0.008157,0.071544,MOVE_LEFT
1358,1774867592.640598,319.423279,476.209106,69.096062,139.000000,70.000000,-2.319790,-0.027432,2.315617,-0.500901,-0.007898,0.071975,MOVE_LEFT
1359,1774867592.693040,319.303894,476.446381,69.090622,139.000000,70.000000,-2.320837,-0.025717,2.315799,-0.501088,-0.007403,0.071969,MOVE_LEFT
1360,1774867592.748565,319.220337,476.612457,69.090622,139.000000,70.000000,-2.321441,-0.024515,2.315799,-0.501218,-0.007057,0.071969,MOVE_LEFT
1361,1774867592.806704,319.161865,477.028748,69.090622,139.000000,70.000000,-2.321865,-0.021503,2.315799,-0.501310,-0.006190,0.071969,MOVE_LEFT
1362,1774867592.869786,319.120911,477.320129,69.090622,139.000000,69.000000,-2.322161,-0.019394,2.315799,-0.501374,-0.005583,0.071969,MOVE_LEFT
1363,1774867592.921298,319.084625,477.374084,69.088814,139.000000,69.000000,-2.322484,-0.019004,2.315860,-0.501430,-0.005471,0.071968,MOVE_LEFT
1364,1774867592.976213,319.059235,477.561890,69.065285,139.000000,69.000000,-2.323459,-0.017651,2.316649,-0.501470,-0.005079,0.071943,MOVE_LEFT
1365,1774867593.036825,319.047974,477.843323,69.067085,139.000000,70.000000,-2.323480,-0.015613,2.316588,-0.501488,-0.004493,0.071945,MOVE_LEFT
1366,1774867593.084303,319.040100,478.040344,69.067085,139.000000,70.000000,-2.323537,-0.014187,2.316588,-0.501500,-0.004083,0.071945,MOVE_LEFT
1367,1774867593.141899,319.028076,478.328247,69.065285,139.000000,70.000000,-2.323685,-0.012103,2.316649,-0.501519,-0.003483,0.071943,MOVE_LEFT
1368,1774867593.200547,319.019653,478.529785,69.065285,139.000000,70.000000,-2.323746,-0.010644,2.316649,-0.501532,-0.003063,0.071943,MOVE_LEFT
1369,1774867593.259286,319.013763,478.670868,69.065285,139.000000,70.000000,-2.323789,-0.009622,2.316649,-0.501541,-0.002769,0.071943,MOVE_LEFT
1370,1774867593.300682,319.009644,478.769623,69.065285,139.000000,70.000000,-2.323818,-0.008907,2.316649,-0.501547,-0.002563,0.071943,MOVE_LEFT
1371,1774867593.359893,319.006744,478.838745,69.065285,139.000000,69.000000,-2.323839,-0.008407,2.316649,-0.501552,-0.002419,0.071943,MOVE_LEFT
1372,1774867593.417279,319.004730,478.887115,69.065285,139.000000,69.000000,-2.323854,-0.008057,2.316649,-0.501555,-0.002319,0.071943,MOVE_LEFT
1373,1774867593.483796,319.003326,478.920990,69.065285,139.000000,69.000000,-2.323864,-0.007812,2.316649,-0.501557,-0.002248,0.071943,MOVE_LEFT
1374,1774867593.533976,319.002319,478.944702,69.065285,139.000000,69.000000,-2.323871,-0.007640,2.316649,-0.501559,-0.002199,0.071943,MOVE_LEFT
1375,1774867593.586127,319.001617,479.111298,69.045372,139.000000,69.000000,-2.324547,-0.006436,2.317317,-0.501560,-0.001851,0.071922,MOVE_LEFT
1376,1774867593.650809,319.001129,479.227905,69.045372,139.000000,69.000000,-2.324550,-0.005591,2.317317,-0.501561,-0.001609,0.071922,MOVE_LEFT
1377,1774867593.706755,319.000793,479.309540,69.045372,139.000000,68.000000,-2.324553,-0.005000,2.317317,-0.501561,-0.001438,0.071922,MOVE_LEFT
1378,1774867593.765983,319.000549,479.516663,69.065285,139.000000,69.000000,-2.323884,-0.003499,2.316649,-0.501562,-0.001007,0.071943,MOVE_LEFT
1379,1774867593.837892,319.005829,479.661652,69.047195,139.000000,69.000000,-2.324455,-0.002450,2.317256,-0.501553,-0.000705,0.071924,MOVE_LEFT
1380,1774867593.892135,319.010590,479.613159,69.067085,139.000000,69.000000,-2.323751,-0.002800,2.316588,-0.501546,-0.000806,0.071945,MOVE_LEFT
1381,1774867593.949297,319.013916,479.579224,69.067085,139.000000,69.000000,-2.323727,-0.003046,2.316588,-0.501541,-0.000877,0.071945,MOVE_LEFT
1382,1774867594.013421,319.016266,479.555450,69.067085,139.000000,69.000000,-2.323710,-0.003218,2.316588,-0.501537,-0.000926,0.071945,MOVE_LEFT
1383,1774867594.068925,319.017914,479.538818,69.067085,139.000000,69.000000,-2.323698,-0.003339,2.316588,-0.501535,-0.000961,0.071945,MOVE_LEFT
1384,1774867594.135568,319.019043,479.527161,69.067085,139.000000,69.000000,-2.323690,-0.003423,2.316588,-0.501533,-0.000985,0.071945,MOVE_LEFT
1385,1774867594.200920,319.019836,479.519012,69.067085,139.000000,69.000000,-2.323684,-0.003482,2.316588,-0.501531,-0.001002,0.071945,MOVE_LEFT
1386,1774867594.245273,319.024750,479.513306,69.052620,139.000000,69.000000,-2.324135,-0.003524,2.317074,-0.501524,-0.001014,0.071930,MOVE_LEFT
1387,1774867594.299933,319.036896,479.509308,69.081604,139.000000,69.000000,-2.323072,-0.003552,2.316101,-0.501505,-0.001022,0.071960,MOVE_LEFT
1388,1774867594.361864,319.045380,479.506531,69.081604,139.000000,68.000000,-2.323011,-0.003572,2.316101,-0.501492,-0.001028,0.071960,MOVE_LEFT
1389,1774867594.433043,319.181763,479.354584,68.682335,138.000000,68.000000,-2.335522,-0.004699,2.329566,-0.501279,-0.001345,0.071544,MOVE_LEFT
1390,1774867594.490504,319.277222,479.248230,68.682335,138.000000,68.000000,-2.334827,-0.005473,2.329566,-0.501129,-0.001566,0.071544,MOVE_LEFT
1391,1774867594.550127,319.344055,479.173767,68.682335,138.000000,68.000000,-2.334341,-0.006015,2.329566,-0.501025,-0.001721,0.071544,MOVE_LEFT
1392,1774867594.625036,319.390839,479.121643,68.682335,138.000000,68.000000,-2.334000,-0.006394,2.329566,-0.500952,-0.001830,0.071544,MOVE_LEFT
1393,1774867594.682153,319.423584,479.085144,68.682335,138.000000,68.000000,-2.333762,-0.006660,2.329566,-0.500901,-0.001906,0.071544,MOVE_LEFT
1394,1774867594.724432,319.446533,479.059601,68.682335,138.000000,68.000000,-2.333595,-0.006846,2.329566,-0.500865,-0.001959,0.071544,MOVE_LEFT
1395,1774867594.788609,319.601685,479.191711,69.052635,139.000000,68.000000,-2.319957,-0.005853,2.317073,-0.500622,-0.001684,0.071930,MOVE_LEFT
1396,1774867594.839312,319.712463,479.434204,69.036324,139.000000,68.000000,-2.319703,-0.004098,2.317621,-0.500449,-0.001179,0.071913,MOVE_LEFT
1397,1774867594.895385,319.798706,479.453949,69.045372,139.000000,67.000000,-2.318774,-0.003954,2.317317,-0.500315,-0.001138,0.071922,MOVE_LEFT
1398,1774867594.961716,319.859070,479.617767,69.029076,139.000000,67.000000,-2.318885,-0.002769,2.317864,-0.500220,-0.000796,0.071905,MOVE_LEFT
1399,1774867595.029040,319.901367,479.732422,69.029076,139.000000,67.000000,-2.318578,-0.001938,2.317864,-0.500154,-0.000557,0.071905,MOVE_LEFT
1400,1774867595.083526,319.930969,479.812683,69.029076,139.000000,68.000000,-2.318364,-0.001357,2.317864,-0.500108,-0.000390,0.071905,MOVE_LEFT
1401,1774867595.140487,319.951660,479.868866,69.065285,139.000000,68.000000,-2.316999,-0.000949,2.316649,-0.500076,-0.000273,0.071943,MOVE_LEFT
1402,1774867595.199912,319.974854,479.908203,69.036324,139.000000,68.000000,-2.317803,-0.000665,2.317621,-0.500039,-0.000191,0.071913,MOVE_LEFT
1403,1774867595.264982,319.993256,479.785736,69.052635,139.000000,68.000000,-2.317122,-0.001551,2.317073,-0.500011,-0.000446,0.071930,MOVE_LEFT
1404,1774867595.324344,320.145264,479.400024,68.647751,138.000000,68.000000,-2.329681,-0.004370,2.330739,-0.499773,-0.001250,0.071508,MOVE_LEFT
1405,1774867595.373781,320.251678,479.130005,68.647751,138.000000,68.000000,-2.328906,-0.006337,2.330739,-0.499607,-0.001812,0.071508,MOVE_LEFT
1406,1774867595.429420,320.326172,478.940979,68.647751,138.000000,68.000000,-2.328363,-0.007713,2.330739,-0.499490,-0.002206,0.071508,MOVE_LEFT
1407,1774867595.492447,320.378326,478.808655,68.647751,138.000000,68.000000,-2.327984,-0.008677,2.330739,-0.499409,-0.002482,0.071508,MOVE_LEFT
1408,1774867595.536968,320.414825,478.716064,68.647751,138.000000,68.000000,-2.327718,-0.009352,2.330739,-0.499352,-0.002675,0.071508,MOVE_LEFT
1409,1774867595.590811,320.440369,478.651245,68.647751,138.000000,68.000000,-2.327532,-0.009824,2.330739,-0.499312,-0.002810,0.071508,MOVE_LEFT
1410,1774867595.653361,320.458252,478.455872,68.682335,138.000000,68.000000,-2.326230,-0.011241,2.329566,-0.499284,-0.003217,0.071544,MOVE_LEFT
1411,1774867595.708704,320.470764,478.319092,68.682335,138.000000,68.000000,-2.326138,-0.012237,2.329566,-0.499264,-0.003502,0.071544,MOVE_LEFT
1412,1774867595.765296,320.623016,478.673370,69.023659,139.000000,68.000000,-2.313533,-0.009610,2.318046,-0.499027,-0.002764,0.071900,MOVE_LEFT
1413,1774867595.820255,320.729614,478.921356,69.023659,139.000000,68.000000,-2.312761,-0.007814,2.318046,-0.498860,-0.002247,0.071900,MOVE_LEFT
1414,1774867595.880859,320.810730,479.094940,69.016403,139.000000,67.000000,-2.312416,-0.006557,2.318289,-0.498733,-0.001886,0.071892,MOVE_LEFT
1415,1774867595.949617,320.867493,479.216461,69.016403,139.000000,67.000000,-2.312005,-0.005676,2.318289,-0.498645,-0.001632,0.071892,MOVE_LEFT
1416,1774867595.991662,320.907227,479.301514,69.016403,139.000000,68.000000,-2.311717,-0.005060,2.318289,-0.498582,-0.001455,0.071892,MOVE_LEFT
1417,1774867596.051196,320.941589,479.361053,69.023659,139.000000,68.000000,-2.311225,-0.004628,2.318046,-0.498529,-0.001331,0.071900,MOVE_LEFT
1418,1774867596.114179,321.098145,478.802734,68.684166,138.000000,68.000000,-2.321509,-0.008716,2.329503,-0.498284,-0.002494,0.071546,MOVE_LEFT
1419,1774867596.154052,321.208862,478.561890,68.649567,138.000000,68.000000,-2.321873,-0.010474,2.330677,-0.498111,-0.002996,0.071510,MOVE_LEFT
1420,1774867596.214441,321.286377,478.393311,68.649567,138.000000,68.000000,-2.321308,-0.011702,2.330677,-0.497990,-0.003347,0.071510,MOVE_LEFT
1421,1774867596.274147,321.340637,478.275330,68.649567,138.000000,68.000000,-2.320913,-0.012561,2.330677,-0.497905,-0.003593,0.071510,MOVE_LEFT
1422,1774867596.329772,321.388458,478.192749,68.616791,138.000000,68.000000,-2.321673,-0.013169,2.331791,-0.497831,-0.003765,0.071476,MOVE_LEFT
1423,1774867596.377611,321.421936,478.134949,68.616791,138.000000,68.000000,-2.321429,-0.013590,2.331791,-0.497778,-0.003886,0.071476,MOVE_LEFT
1424,1774867596.432555,321.445343,478.094482,68.616791,138.000000,68.000000,-2.321259,-0.013885,2.331791,-0.497742,-0.003970,0.071476,MOVE_LEFT
1425,1774867596.490884,321.461731,477.916138,68.647751,138.000000,68.000000,-2.320093,-0.015178,2.330739,-0.497716,-0.004341,0.071508,MOVE_LEFT
1426,1774867596.551504,321.473206,477.791290,68.647751,138.000000,68.000000,-2.320009,-0.016087,2.330739,-0.497698,-0.004601,0.071508,MOVE_LEFT
1427,1774867596.608411,321.481232,477.703888,68.647751,138.000000,68.000000,-2.319951,-0.016724,2.330739,-0.497686,-0.004784,0.071508,MOVE_LEFT
1428,1774867596.668529,321.486877,477.492737,68.682335,138.000000,68.000000,-2.318741,-0.018253,2.329566,-0.497677,-0.005223,0.071544,MOVE_LEFT
1429,1774867596.731905,321.490814,477.344910,68.682335,138.000000,68.000000,-2.318713,-0.019329,2.329566,-0.497671,-0.005531,0.071544,MOVE_LEFT
1430,1774867596.793573,321.493561,477.241425,68.682335,138.000000,68.000000,-2.318693,-0.020082,2.329566,-0.497666,-0.005747,0.071544,MOVE_LEFT
1431,1774867596.840750,321.495483,477.019012,68.720551,138.000000,69.000000,-2.317389,-0.021689,2.328270,-0.497663,-0.006210,0.071584,MOVE_LEFT
1433,1774867596.970503,321.644653,477.463318,69.009171,139.000000,69.000000,-2.306616,-0.018379,2.318532,-0.497430,-0.005285,0.071885,MOVE_LEFT
1434,1774867597.022334,321.749084,477.774292,69.009171,139.000000,69.000000,-2.305860,-0.016126,2.318532,-0.497267,-0.004637,0.071885,MOVE_LEFT
1435,1774867597.082538,321.824341,478.141998,69.007347,139.000000,69.000000,-2.305375,-0.013462,2.318594,-0.497149,-0.003871,0.071883,MOVE_LEFT
1436,1774867597.142146,321.877045,478.249390,69.016403,139.000000,69.000000,-2.304691,-0.012683,2.318289,-0.497067,-0.003647,0.071892,MOVE_LEFT
1437,1774867597.213596,321.916107,478.324585,69.009140,139.000000,68.000000,-2.304650,-0.012139,2.318533,-0.497006,-0.003490,0.071885,MOVE_LEFT
1438,1774867597.270258,321.943451,478.377197,69.009140,139.000000,68.000000,-2.304452,-0.011758,2.318533,-0.496963,-0.003381,0.071885,MOVE_LEFT
1439,1774867597.334482,322.099457,477.814056,68.684166,138.000000,68.000000,-2.314220,-0.015913,2.329503,-0.496720,-0.004554,0.071546,MOVE_LEFT
1440,1774867597.399947,322.208679,477.419861,68.684166,138.000000,68.000000,-2.313425,-0.018783,2.329503,-0.496549,-0.005375,0.071546,MOVE_LEFT
1441,1774867597.453326,322.286224,477.293915,68.649567,138.000000,68.000000,-2.314026,-0.019709,2.330677,-0.496428,-0.005638,0.071510,MOVE_LEFT
1442,1774867597.515268,322.340515,477.205750,68.649567,138.000000,68.000000,-2.313631,-0.020352,2.330677,-0.496343,-0.005821,0.071510,MOVE_LEFT
1443,1774867597.575062,322.378510,477.144012,68.649567,138.000000,68.000000,-2.313354,-0.020801,2.330677,-0.496284,-0.005950,0.071510,MOVE_LEFT
1444,1774867597.633839,322.414948,476.950806,68.647751,138.000000,68.000000,-2.313150,-0.022209,2.330739,-0.496227,-0.006352,0.071508,MOVE_LEFT
1445,1774867597.695252,322.440460,476.815582,68.647751,138.000000,68.000000,-2.312964,-0.023194,2.330739,-0.496187,-0.006634,0.071508,MOVE_LEFT
1446,1774867597.761068,322.458313,476.720917,68.647751,138.000000,68.000000,-2.312834,-0.023883,2.330739,-0.496159,-0.006831,0.071508,MOVE_LEFT
1447,1774867597.820477,322.470825,476.654663,68.647751,138.000000,68.000000,-2.312743,-0.024366,2.330739,-0.496139,-0.006969,0.071508,MOVE_LEFT
1448,1774867597.882451,322.479584,476.608276,68.647751,138.000000,68.000000,-2.312679,-0.024704,2.330739,-0.496126,-0.007066,0.071508,MOVE_LEFT
1449,1774867597.931156,322.485718,476.575806,68.647751,138.000000,68.000000,-2.312634,-0.024940,2.330739,-0.496116,-0.007134,0.071508,MOVE_LEFT
1450,1774867597.986232,322.490021,476.553070,68.647751,138.000000,69.000000,-2.312603,-0.025106,2.330739,-0.496109,-0.007181,0.071508,MOVE_LEFT
1451,1774867598.043388,322.493011,476.537170,68.647751,138.000000,69.000000,-2.312581,-0.025222,2.330739,-0.496105,-0.007214,0.071508,MOVE_LEFT
1452,1774867598.104934,322.495117,476.526031,68.647751,138.000000,69.000000,-2.312566,-0.025303,2.330739,-0.496101,-0.007237,0.071508,MOVE_LEFT
1453,1774867598.157666,322.496582,476.518219,68.647751,138.000000,69.000000,-2.312555,-0.025360,2.330739,-0.496099,-0.007254,0.071508,MOVE_LEFT
1454,1774867598.201740,322.497620,476.512756,68.647751,138.000000,69.000000,-2.312548,-0.025400,2.330739,-0.496097,-0.007265,0.071508,MOVE_LEFT
1455,1774867598.255681,322.498352,476.508942,68.589455,138.000000,69.000000,-2.314508,-0.025449,2.332720,-0.496096,-0.007273,0.071447,MOVE_LEFT
1456,1774867598.314290,322.498840,476.506256,68.589455,138.000000,69.000000,-2.314504,-0.025469,2.332720,-0.496096,-0.007279,0.071447,MOVE_LEFT
1457,1774867598.364645,322.499207,476.504395,68.589455,138.000000,69.000000,-2.314502,-0.025482,2.332720,-0.496095,-0.007283,0.071447,MOVE_LEFT
1458,1774867598.409023,322.499451,476.503082,68.589455,138.000000,69.000000,-2.314500,-0.025492,2.332720,-0.496095,-0.007285,0.071447,MOVE_LEFT
1459,1774867598.470109,322.499634,476.502167,68.647751,138.000000,69.000000,-2.312533,-0.025477,2.330739,-0.496094,-0.007287,0.071508,MOVE_LEFT
1460,1774867598.516527,322.499756,476.501526,68.647751,138.000000,69.000000,-2.312532,-0.025481,2.330739,-0.496094,-0.007288,0.071508,MOVE_LEFT
1461,1774867598.570710,322.499847,476.501068,68.647751,138.000000,69.000000,-2.312531,-0.025485,2.330739,-0.496094,-0.007289,0.071508,MOVE_LEFT
1462,1774867598.623779,322.499908,476.500763,68.647751,138.000000,69.000000,-2.312531,-0.025487,2.330739,-0.496094,-0.007290,0.071508,MOVE_LEFT
1463,1774867598.678841,322.499939,476.500549,68.647751,138.000000,69.000000,-2.312531,-0.025488,2.330739,-0.496094,-0.007291,0.071508,MOVE_LEFT
1464,1774867598.743497,322.499969,476.350403,68.682335,138.000000,69.000000,-2.311366,-0.026569,2.329566,-0.496094,-0.007603,0.071544,MOVE_LEFT
1465,1774867598.792642,322.499969,476.245300,68.682335,138.000000,69.000000,-2.311366,-0.027334,2.329566,-0.496094,-0.007822,0.071544,MOVE_LEFT
1466,1774867598.845653,322.499969,476.171692,68.682335,138.000000,69.000000,-2.311366,-0.027870,2.329566,-0.496094,-0.007976,0.071544,MOVE_LEFT
1467,1774867598.899699,322.499969,476.120178,68.682335,138.000000,69.000000,-2.311366,-0.028245,2.329566,-0.496094,-0.008083,0.071544,MOVE_LEFT
1468,1774867598.965566,322.499969,476.084106,68.682335,138.000000,68.000000,-2.311366,-0.028507,2.329566,-0.496094,-0.008158,0.071544,MOVE_LEFT
1469,1774867599.016271,322.499969,476.058899,68.682335,138.000000,68.000000,-2.311366,-0.028691,2.329566,-0.496094,-0.008211,0.071544,MOVE_LEFT
1470,1774867599.061529,322.509827,476.041199,68.649567,138.000000,68.000000,-2.312398,-0.028833,2.330677,-0.496078,-0.008248,0.071510,MOVE_LEFT
1471,1774867599.129607,322.516724,476.028809,68.649567,138.000000,68.000000,-2.312347,-0.028924,2.330677,-0.496068,-0.008273,0.071510,MOVE_LEFT
1472,1774867599.186279,322.521545,476.020142,68.649567,138.000000,68.000000,-2.312312,-0.028987,2.330677,-0.496060,-0.008291,0.071510,MOVE_LEFT
1473,1774867599.234444,322.524933,476.014099,68.649567,138.000000,68.000000,-2.312287,-0.029031,2.330677,-0.496055,-0.008304,0.071510,MOVE_LEFT
1474,1774867599.286515,322.517456,476.009888,68.682335,138.000000,69.000000,-2.311239,-0.029048,2.329566,-0.496066,-0.008313,0.071544,MOVE_LEFT
1475,1774867599.347116,322.512238,476.006897,68.682335,138.000000,69.000000,-2.311277,-0.029069,2.329566,-0.496075,-0.008319,0.071544,MOVE_LEFT
1476,1774867599.408259,322.508575,476.004822,68.682335,138.000000,69.000000,-2.311303,-0.029084,2.329566,-0.496080,-0.008323,0.071544,MOVE_LEFT
1477,1774867599.471547,322.506012,476.003357,68.682335,138.000000,69.000000,-2.311322,-0.029095,2.329566,-0.496084,-0.008326,0.071544,MOVE_LEFT
1478,1774867599.528538,322.504211,476.002319,68.682335,138.000000,69.000000,-2.311335,-0.029103,2.329566,-0.496087,-0.008329,0.071544,MOVE_LEFT
1479,1774867599.577990,322.502960,476.151642,68.647751,138.000000,69.000000,-2.312509,-0.028030,2.330739,-0.496089,-0.008017,0.071508,MOVE_LEFT
1480,1774867599.635916,322.502075,476.256165,68.647751,138.000000,69.000000,-2.312515,-0.027268,2.330739,-0.496091,-0.007800,0.071508,MOVE_LEFT
1481,1774867599.691795,322.501465,476.329315,68.647751,138.000000,69.000000,-2.312520,-0.026736,2.330739,-0.496091,-0.007647,0.071508,MOVE_LEFT
1482,1774867599.736325,322.501038,476.380524,68.647751,138.000000,69.000000,-2.312523,-0.026363,2.330739,-0.496092,-0.007541,0.071508,MOVE_LEFT
1483,1774867599.789738,322.500732,476.416382,68.647751,138.000000,69.000000,-2.312525,-0.026101,2.330739,-0.496093,-0.007466,0.071508,MOVE_LEFT
1484,1774867599.852473,322.500519,476.441467,68.647751,138.000000,69.000000,-2.312526,-0.025919,2.330739,-0.496093,-0.007414,0.071508,MOVE_LEFT
1485,1774867599.913604,322.500366,476.609039,68.616791,138.000000,69.000000,-2.313571,-0.024709,2.331791,-0.496093,-0.007065,0.071476,MOVE_LEFT
1486,1774867599.970066,322.500275,476.726318,68.616791,138.000000,69.000000,-2.313572,-0.023855,2.331791,-0.496093,-0.006820,0.071476,MOVE_LEFT
1487,1774867600.014095,322.500183,476.808411,68.616791,138.000000,69.000000,-2.313572,-0.023257,2.331791,-0.496093,-0.006649,0.071476,MOVE_LEFT
1488,1774867600.067314,322.500122,476.865875,68.682335,138.000000,69.000000,-2.311365,-0.022816,2.329566,-0.496094,-0.006529,0.071544,MOVE_LEFT
1489,1774867600.125434,322.500092,476.906128,68.682335,138.000000,69.000000,-2.311365,-0.022523,2.329566,-0.496094,-0.006446,0.071544,MOVE_LEFT
1490,1774867600.186661,322.500061,476.934296,68.682335,138.000000,69.000000,-2.311365,-0.022318,2.329566,-0.496094,-0.006387,0.071544,MOVE_LEFT
1491,1774867600.233205,322.500061,476.954010,68.682335,138.000000,69.000000,-2.311365,-0.022174,2.329566,-0.496094,-0.006346,0.071544,MOVE_LEFT
1492,1774867600.284207,322.360901,477.117798,69.052620,139.000000,68.000000,-2.299979,-0.020870,2.317074,-0.496311,-0.006005,0.071930,MOVE_LEFT
1493,1774867600.351235,322.263489,477.232452,69.052620,139.000000,68.000000,-2.300684,-0.020039,2.317074,-0.496463,-0.005766,0.071930,MOVE_LEFT
1494,1774867600.409462,322.195312,477.312714,69.052620,139.000000,68.000000,-2.301178,-0.019458,2.317074,-0.496570,-0.005599,0.071930,MOVE_LEFT
1495,1774867600.466639,322.147583,477.368896,69.052620,139.000000,68.000000,-2.301523,-0.019051,2.317074,-0.496644,-0.005481,0.071930,MOVE_LEFT
1496,1774867600.514199,322.109833,477.408234,69.067085,139.000000,68.000000,-2.301314,-0.018763,2.316588,-0.496703,-0.005400,0.071945,MOVE_LEFT
1497,1774867600.563959,322.082336,477.585754,69.047195,139.000000,68.000000,-2.302177,-0.017483,2.317256,-0.496746,-0.005030,0.071924,MOVE_LEFT
1498,1774867600.635028,322.063080,477.710022,69.047195,139.000000,69.000000,-2.302316,-0.016583,2.317256,-0.496776,-0.004771,0.071924,MOVE_LEFT
1499,1774867600.696072,322.049591,477.796997,69.047195,139.000000,69.000000,-2.302414,-0.015953,2.317256,-0.496798,-0.004590,0.071924,MOVE_LEFT
1500,1774867600.752958,322.034729,477.857910,69.065285,139.000000,69.000000,-2.301918,-0.015508,2.316649,-0.496821,-0.004463,0.071943,MOVE_LEFT
1501,1774867600.812668,322.024292,477.900513,69.065285,139.000000,69.000000,-2.301994,-0.015199,2.316649,-0.496837,-0.004374,0.071943,MOVE_LEFT
1502,1774867600.856533,322.017029,477.930359,69.065285,139.000000,69.000000,-2.302046,-0.014983,2.316649,-0.496848,-0.004312,0.071943,MOVE_LEFT
1503,1774867600.910626,322.011902,477.951233,69.065285,139.000000,69.000000,-2.302083,-0.014832,2.316649,-0.496856,-0.004268,0.071943,MOVE_LEFT
1504,1774867600.971298,322.008331,477.965881,69.065285,139.000000,68.000000,-2.302109,-0.014726,2.316649,-0.496862,-0.004238,0.071943,MOVE_LEFT
1505,1774867601.019015,322.005829,477.976135,69.065285,139.000000,68.000000,-2.302127,-0.014652,2.316649,-0.496866,-0.004216,0.071943,MOVE_LEFT
1506,1774867601.065141,322.004089,477.983276,69.065285,139.000000,68.000000,-2.302140,-0.014600,2.316649,-0.496869,-0.004202,0.071943,MOVE_LEFT
1507,1774867601.132818,322.002869,477.988281,69.065285,139.000000,68.000000,-2.302149,-0.014564,2.316649,-0.496871,-0.004191,0.071943,MOVE_LEFT
1508,1774867601.187485,322.002014,478.141785,69.045372,139.000000,68.000000,-2.302819,-0.013456,2.317317,-0.496872,-0.003871,0.071922,MOVE_LEFT
1509,1774867601.229676,322.006866,478.399261,69.047195,139.000000,68.000000,-2.302723,-0.011592,2.317256,-0.496864,-0.003335,0.071924,MOVE_LEFT
1510,1774867601.290405,322.010254,478.579498,69.047195,139.000000,68.000000,-2.302698,-0.010286,2.317256,-0.496859,-0.002959,0.071924,MOVE_LEFT
1511,1774867601.353964,322.012634,478.705658,69.047195,139.000000,69.000000,-2.302681,-0.009373,2.317256,-0.496855,-0.002697,0.071924,MOVE_LEFT
1512,1774867601.397967,322.014282,478.793976,69.047195,139.000000,69.000000,-2.302669,-0.008733,2.317256,-0.496853,-0.002513,0.071924,MOVE_LEFT
1513,1774867601.457611,322.015442,478.855804,69.047195,139.000000,69.000000,-2.302661,-0.008286,2.317256,-0.496851,-0.002384,0.071924,MOVE_LEFT
1514,1774867601.522461,322.010803,478.899078,69.065285,139.000000,69.000000,-2.302091,-0.007970,2.316649,-0.496858,-0.002294,0.071943,MOVE_LEFT
1515,1774867601.571047,322.007568,478.929352,69.065285,139.000000,68.000000,-2.302115,-0.007751,2.316649,-0.496863,-0.002231,0.071943,MOVE_LEFT
1516,1774867601.625226,322.005310,478.950562,69.065285,139.000000,68.000000,-2.302131,-0.007597,2.316649,-0.496867,-0.002186,0.071943,MOVE_LEFT
1517,1774867601.687572,322.003723,478.965393,69.065285,139.000000,68.000000,-2.302143,-0.007490,2.316649,-0.496869,-0.002155,0.071943,MOVE_LEFT
1518,1774867601.745985,322.002625,478.975769,69.065285,139.000000,68.000000,-2.302151,-0.007415,2.316649,-0.496871,-0.002134,0.071943,MOVE_LEFT
1519,1774867601.795084,322.008362,479.133026,69.067085,139.000000,68.000000,-2.302049,-0.006276,2.316588,-0.496862,-0.001806,0.071945,MOVE_LEFT
1520,1774867601.840475,322.005859,479.393127,69.065285,139.000000,68.000000,-2.302127,-0.004393,2.316649,-0.496866,-0.001264,0.071943,MOVE_LEFT
1521,1774867601.896085,322.004089,479.575195,69.065285,139.000000,68.000000,-2.302140,-0.003075,2.316649,-0.496869,-0.000885,0.071943,MOVE_LEFT
1522,1774867601.960137,322.002869,479.702637,69.065285,139.000000,68.000000,-2.302149,-0.002153,2.316649,-0.496871,-0.000620,0.071943,MOVE_LEFT
1523,1774867602.021720,322.002014,479.791840,69.065285,139.000000,68.000000,-2.302155,-0.001507,2.316649,-0.496872,-0.000434,0.071943,MOVE_LEFT
1524,1774867602.071875,322.001404,479.854279,69.065285,139.000000,68.000000,-2.302159,-0.001055,2.316649,-0.496873,-0.000304,0.071943,MOVE_LEFT
1525,1774867602.116812,322.000977,479.897980,69.065285,139.000000,68.000000,-2.302163,-0.000739,2.316649,-0.496873,-0.000213,0.071943,MOVE_LEFT
1526,1774867602.173500,322.000671,479.928589,69.065285,139.000000,68.000000,-2.302165,-0.000517,2.316649,-0.496874,-0.000149,0.071943,MOVE_LEFT
1527,1774867602.234609,322.000488,479.950012,69.065285,139.000000,68.000000,-2.302166,-0.000362,2.316649,-0.496874,-0.000104,0.071943,MOVE_LEFT
1528,1774867602.291414,322.000366,479.964996,69.065285,139.000000,68.000000,-2.302167,-0.000253,2.316649,-0.496874,-0.000073,0.071943,MOVE_LEFT
1529,1774867602.354044,322.000244,479.975494,69.065285,139.000000,68.000000,-2.302168,-0.000177,2.316649,-0.496875,-0.000051,0.071943,MOVE_LEFT
1530,1774867602.401868,322.000183,479.982849,69.065285,139.000000,68.000000,-2.302168,-0.000124,2.316649,-0.496875,-0.000036,0.071943,MOVE_LEFT
1531,1774867602.448401,322.000122,479.987976,69.065285,139.000000,68.000000,-2.302169,-0.000087,2.316649,-0.496875,-0.000025,0.071943,MOVE_LEFT
1532,1774867602.517774,322.000092,479.991577,69.065285,139.000000,68.000000,-2.302169,-0.000061,2.316649,-0.496875,-0.000018,0.071943,MOVE_LEFT
1533,1774867602.585870,322.000061,479.994110,69.065285,139.000000,68.000000,-2.302169,-0.000043,2.316649,-0.496875,-0.000012,0.071943,MOVE_LEFT
1534,1774867602.632085,322.000061,479.995880,69.065285,139.000000,68.000000,-2.302169,-0.000030,2.316649,-0.496875,-0.000009,0.071943,MOVE_LEFT
1535,1774867602.695858,322.000061,479.997101,69.065285,139.000000,68.000000,-2.302169,-0.000021,2.316649,-0.496875,-0.000006,0.071943,MOVE_LEFT
1536,1774867602.750387,322.000061,479.997955,69.115944,139.000000,68.000000,-2.300482,-0.000015,2.314951,-0.496875,-0.000004,0.071996,MOVE_LEFT
1537,1774867602.800839,322.000061,479.998566,69.115944,139.000000,68.000000,-2.300482,-0.000010,2.314951,-0.496875,-0.000003,0.071996,MOVE_LEFT
1538,1774867602.862758,322.007660,479.998993,69.090630,139.000000,68.000000,-2.301270,-0.000007,2.315799,-0.496863,-0.000002,0.071969,MOVE_LEFT
1539,1774867602.920947,322.012970,479.999298,69.090630,139.000000,67.000000,-2.301231,-0.000005,2.315799,-0.496855,-0.000001,0.071969,MOVE_LEFT
1540,1774867602.983837,322.017761,479.849518,69.117752,139.000000,67.000000,-2.300294,-0.001089,2.314890,-0.496847,-0.000314,0.071998,MOVE_LEFT
1541,1774867603.030140,322.021118,479.744659,69.117752,139.000000,67.000000,-2.300269,-0.001847,2.314890,-0.496842,-0.000532,0.071998,MOVE_LEFT
1542,1774867603.091119,322.014771,479.521271,69.115944,139.000000,67.000000,-2.300375,-0.003463,2.314951,-0.496852,-0.000997,0.071996,MOVE_LEFT
1543,1774867603.159900,322.025574,479.214905,69.096069,139.000000,68.000000,-2.300959,-0.005681,2.315617,-0.496835,-0.001636,0.071975,MOVE_LEFT
1544,1774867603.216469,322.033112,479.000427,69.096069,139.000000,67.000000,-2.300904,-0.007233,2.315617,-0.496823,-0.002082,0.071975,MOVE_LEFT
1545,1774867603.270804,322.045990,478.700317,69.105141,139.000000,67.000000,-2.300509,-0.009404,2.315313,-0.496803,-0.002708,0.071985,MOVE_LEFT
1546,1774867603.334686,322.182190,478.940216,69.501900,140.000000,67.000000,-2.286397,-0.007624,2.302095,-0.496590,-0.002208,0.072398,MOVE_LEFT
1547,1774867603.381404,322.277527,479.108154,69.501900,140.000000,67.000000,-2.285711,-0.006416,2.302095,-0.496441,-0.001858,0.072398,MOVE_LEFT
1548,1774867603.424750,322.479065,478.625702,69.096062,139.000000,67.000000,-2.297678,-0.009945,2.315617,-0.496126,-0.002863,0.071975,MOVE_LEFT
1549,1774867603.495710,322.635345,478.287994,69.146683,139.000000,67.000000,-2.294865,-0.012380,2.313922,-0.495882,-0.003567,0.072028,MOVE_LEFT
1550,1774867603.547615,322.731689,478.201599,69.072548,139.000000,67.000000,-2.296631,-0.013018,2.316405,-0.495732,-0.003747,0.071951,MOVE_LEFT
1552,1774867603.652147,322.812195,478.141113,69.115944,139.000000,67.000000,-2.294607,-0.013448,2.314951,-0.495606,-0.003873,0.071996,MOVE_LEFT
1553,1774867603.718899,322.863098,478.098755,69.047173,139.000000,67.000000,-2.296523,-0.013768,2.317256,-0.495526,-0.003961,0.071924,MOVE_LEFT
1554,1774867603.766863,322.898743,478.069153,69.047173,139.000000,67.000000,-2.296265,-0.013982,2.317256,-0.495471,-0.004023,0.071924,MOVE_LEFT
1555,1774867603.814921,322.929108,478.048401,69.065285,139.000000,67.000000,-2.295443,-0.014129,2.316649,-0.495423,-0.004066,0.071943,MOVE_LEFT
1556,1774867603.877538,322.950378,478.033875,69.065285,139.000000,67.000000,-2.295289,-0.014234,2.316649,-0.495390,-0.004096,0.071943,MOVE_LEFT
1557,1774867603.941965,322.965271,478.023743,69.065285,139.000000,67.000000,-2.295182,-0.014307,2.316649,-0.495367,-0.004117,0.071943,MOVE_LEFT
1558,1774867604.000993,322.988739,478.016602,69.072525,139.000000,66.000000,-2.294771,-0.014357,2.316406,-0.495330,-0.004132,0.071951,MOVE_LEFT
1559,1774867604.055711,323.005157,478.011597,69.072525,139.000000,66.000000,-2.294652,-0.014394,2.316406,-0.495304,-0.004143,0.071951,MOVE_LEFT
1560,1774867604.125051,323.016663,478.008118,69.072525,139.000000,66.000000,-2.294569,-0.014419,2.316406,-0.495286,-0.004150,0.071951,MOVE_LEFT
1561,1774867604.179672,323.031250,477.855682,69.081604,139.000000,66.000000,-2.294162,-0.015520,2.316101,-0.495264,-0.004467,0.071960,MOVE_LEFT
1562,1774867604.234685,323.041443,477.748962,69.081604,139.000000,66.000000,-2.294088,-0.016293,2.316101,-0.495248,-0.004690,0.071960,MOVE_LEFT
1563,1774867604.303560,323.051849,477.524261,69.105141,139.000000,66.000000,-2.293231,-0.017913,2.315313,-0.495231,-0.005158,0.071985,MOVE_LEFT
1564,1774867604.355916,323.316742,477.516968,69.081604,139.000000,66.000000,-2.292095,-0.017972,2.316101,-0.494818,-0.005173,0.071960,MOVE_LEFT
1565,1774867604.417102,323.502167,477.511871,69.081604,139.000000,66.000000,-2.290753,-0.018009,2.316101,-0.494528,-0.005184,0.071960,MOVE_LEFT
1566,1774867604.484250,323.631958,477.508301,69.081604,139.000000,66.000000,-2.289814,-0.018034,2.316101,-0.494325,-0.005191,0.071960,MOVE_LEFT
1567,1774867604.560184,323.731506,477.505798,69.052635,139.000000,66.000000,-2.290054,-0.018060,2.317073,-0.494170,-0.005196,0.071930,MOVE_LEFT
1568,1774867604.613721,323.801178,477.504059,69.052635,139.000000,66.000000,-2.289549,-0.018073,2.317073,-0.494061,-0.005200,0.071930,MOVE_LEFT
1569,1774867604.658903,323.854309,477.502838,69.067108,139.000000,66.000000,-2.288685,-0.018078,2.316588,-0.493978,-0.005202,0.071945,MOVE_LEFT
1570,1774867604.714431,323.891510,477.501984,69.067108,139.000000,66.000000,-2.288416,-0.018084,2.316588,-0.493920,-0.005204,0.071945,MOVE_LEFT
1571,1774867604.776669,323.918640,477.651367,69.047173,139.000000,66.000000,-2.288880,-0.017007,2.317256,-0.493877,-0.004893,0.071924,MOVE_LEFT
1572,1774867604.822382,323.937622,477.755981,69.047173,139.000000,66.000000,-2.288742,-0.016250,2.317256,-0.493847,-0.004675,0.071924,MOVE_LEFT
1573,1774867604.878304,323.950897,477.829163,69.047173,139.000000,66.000000,-2.288646,-0.015720,2.317256,-0.493827,-0.004523,0.071924,MOVE_LEFT
1574,1774867604.937456,323.965637,478.030396,69.045372,139.000000,66.000000,-2.288599,-0.014263,2.317317,-0.493804,-0.004103,0.071922,MOVE_LEFT
1575,1774867605.000597,323.975952,478.171265,69.045372,139.000000,66.000000,-2.288524,-0.013243,2.317317,-0.493788,-0.003810,0.071922,MOVE_LEFT
1576,1774867605.057051,323.983154,478.119873,69.065285,139.000000,66.000000,-2.287813,-0.013611,2.316649,-0.493776,-0.003917,0.071943,MOVE_LEFT
1577,1774867605.109913,323.988220,478.083923,69.065285,139.000000,66.000000,-2.287776,-0.013871,2.316649,-0.493768,-0.003992,0.071943,MOVE_LEFT
1578,1774867605.164170,323.991760,478.058777,69.065285,139.000000,66.000000,-2.287750,-0.014054,2.316649,-0.493763,-0.004044,0.071943,MOVE_LEFT
1579,1774867605.224710,323.994232,478.041138,69.065285,139.000000,67.000000,-2.287732,-0.014181,2.316649,-0.493759,-0.004081,0.071943,MOVE_LEFT
1580,1774867605.282844,323.995972,478.028809,69.065285,139.000000,67.000000,-2.287720,-0.014270,2.316649,-0.493756,-0.004107,0.071943,MOVE_LEFT
1581,1774867605.350447,323.997192,478.020142,69.065285,139.000000,67.000000,-2.287711,-0.014333,2.316649,-0.493754,-0.004125,0.071943,MOVE_LEFT
1582,1774867605.416829,323.998047,478.014099,69.065285,139.000000,67.000000,-2.287705,-0.014377,2.316649,-0.493753,-0.004137,0.071943,MOVE_LEFT
1583,1774867605.475697,323.998627,478.009888,69.065285,139.000000,66.000000,-2.287701,-0.014407,2.316649,-0.493752,-0.004146,0.071943,MOVE_LEFT
1584,1774867605.541142,323.999054,478.006897,69.065285,139.000000,66.000000,-2.287697,-0.014429,2.316649,-0.493751,-0.004152,0.071943,MOVE_LEFT
1585,1774867605.610710,323.999329,478.004822,69.065285,139.000000,66.000000,-2.287695,-0.014444,2.316649,-0.493751,-0.004157,0.071943,MOVE_LEFT
1586,1774867605.669849,323.999542,478.153381,69.045372,139.000000,66.000000,-2.288354,-0.013373,2.317317,-0.493751,-0.003847,0.071922,MOVE_LEFT
1587,1774867605.728715,323.999695,478.257385,69.045372,139.000000,66.000000,-2.288353,-0.012619,2.317317,-0.493750,-0.003630,0.071922,MOVE_LEFT
1588,1774867605.795897,323.999786,478.480164,69.065285,139.000000,66.000000,-2.287692,-0.011003,2.316649,-0.493750,-0.003166,0.071943,MOVE_LEFT
1589,1774867605.839446,323.999847,478.636108,69.065285,139.000000,66.000000,-2.287692,-0.009874,2.316649,-0.493750,-0.002841,0.071943,MOVE_LEFT
1590,1774867605.887869,323.999908,478.895264,69.045372,139.000000,66.000000,-2.288351,-0.008000,2.317317,-0.493750,-0.002302,0.071922,MOVE_LEFT
1591,1774867605.944722,323.999939,479.076691,69.045372,139.000000,66.000000,-2.288351,-0.006686,2.317317,-0.493750,-0.001924,0.071922,MOVE_LEFT
1592,1774867606.007575,323.999969,479.353668,69.065285,139.000000,66.000000,-2.287691,-0.004679,2.316649,-0.493750,-0.001347,0.071943,MOVE_LEFT
1593,1774867606.045357,323.999969,479.697571,69.045372,139.000000,66.000000,-2.288351,-0.002190,2.317317,-0.493750,-0.000630,0.071922,MOVE_LEFT
1594,1774867606.099839,323.999969,479.938293,69.045372,139.000000,66.000000,-2.288351,-0.000447,2.317317,-0.493750,-0.000129,0.071922,MOVE_LEFT
1595,1774867606.166253,323.999969,480.106812,69.045372,139.000000,66.000000,-2.288351,0.000773,2.317317,-0.493750,0.000223,0.071922,MOVE_LEFT
1596,1774867606.226177,323.999969,480.224792,69.045372,139.000000,66.000000,-2.288351,0.001628,2.317317,-0.493750,0.000468,0.071922,MOVE_LEFT
1597,1774867606.270686,323.993469,480.307373,69.067108,139.000000,66.000000,-2.287677,0.002225,2.316588,-0.493760,0.000640,0.071945,MOVE_LEFT
1598,1774867606.328995,323.988922,480.365173,69.067108,139.000000,66.000000,-2.287710,0.002644,2.316588,-0.493767,0.000761,0.071945,MOVE_LEFT
1599,1774867606.392381,323.981384,480.405640,69.052635,139.000000,66.000000,-2.288244,0.002937,2.317073,-0.493779,0.000845,0.071930,MOVE_LEFT
1600,1774867606.454984,323.978271,480.433960,69.117760,139.000000,66.000000,-2.286111,0.003139,2.314890,-0.493784,0.000904,0.071998,MOVE_LEFT
1601,1774867606.502328,323.965240,480.453796,69.081604,139.000000,66.000000,-2.287402,0.003284,2.316101,-0.493804,0.000945,0.071960,MOVE_LEFT
1602,1774867606.557880,323.825684,480.917664,69.500099,140.000000,66.000000,-2.274632,0.006602,2.302155,-0.494022,0.001912,0.072396,MOVE_LEFT
1603,1774867606.615018,323.727966,481.242371,69.500099,140.000000,66.000000,-2.275335,0.008938,2.302155,-0.494175,0.002588,0.072396,MOVE_LEFT
1604,1774867606.675707,323.524780,481.019653,69.096069,139.000000,66.000000,-2.290110,0.007379,2.315617,-0.494493,0.002124,0.071975,MOVE_LEFT
1605,1774867606.735575,323.382568,480.863770,69.096069,139.000000,66.000000,-2.291139,0.006250,2.315617,-0.494715,0.001800,0.071975,MOVE_LEFT
1606,1774867606.789542,323.283020,480.754639,69.096069,139.000000,66.000000,-2.291860,0.005461,2.315617,-0.494870,0.001572,0.071975,MOVE_LEFT
1607,1774867606.854576,323.205719,480.828247,69.090630,139.000000,66.000000,-2.292599,0.005994,2.315799,-0.494991,0.001726,0.071969,MOVE_LEFT
1608,1774867606.929164,323.151611,480.879761,69.090630,139.000000,66.000000,-2.292991,0.006367,2.315799,-0.495076,0.001833,0.071969,MOVE_LEFT
1609,1774867606.995241,323.113739,480.915833,69.090630,139.000000,66.000000,-2.293265,0.006628,2.315799,-0.495135,0.001908,0.071969,MOVE_LEFT
1610,1774867607.053566,323.079620,480.791077,69.088814,139.000000,66.000000,-2.293572,0.005725,2.315860,-0.495188,0.001648,0.071968,MOVE_LEFT
1611,1774867607.109680,323.055725,480.703735,69.088814,139.000000,66.000000,-2.293745,0.005093,2.315860,-0.495225,0.001466,0.071968,MOVE_LEFT
1612,1774867607.179441,323.039001,480.642639,69.088814,139.000000,66.000000,-2.293866,0.004651,2.315860,-0.495252,0.001339,0.071968,MOVE_LEFT
1613,1774867607.244493,323.027313,480.599854,69.088814,139.000000,66.000000,-2.293951,0.004341,2.315860,-0.495270,0.001250,0.071968,MOVE_LEFT
1614,1774867607.310315,323.019104,480.569885,69.045372,139.000000,66.000000,-2.295454,0.004127,2.317317,-0.495283,0.001187,0.071922,MOVE_LEFT
1615,1774867607.365537,323.013367,480.548950,69.045372,139.000000,66.000000,-2.295495,0.003975,2.317317,-0.495292,0.001144,0.071922,MOVE_LEFT
1616,1774867607.426112,323.009369,480.534241,69.045372,139.000000,66.000000,-2.295524,0.003869,2.317317,-0.495298,0.001113,0.071922,MOVE_LEFT
1617,1774867607.476959,323.006561,480.523987,69.088814,139.000000,66.000000,-2.294101,0.003792,2.315860,-0.495302,0.001092,0.071968,MOVE_LEFT
1618,1774867607.531849,323.004578,480.516785,69.088814,139.000000,66.000000,-2.294115,0.003740,2.315860,-0.495305,0.001077,0.071968,MOVE_LEFT
1619,1774867607.592411,323.003204,480.511780,69.088814,139.000000,65.000000,-2.294125,0.003704,2.315860,-0.495308,0.001066,0.071968,MOVE_LEFT
1620,1774867607.652526,323.002228,480.508240,69.088814,139.000000,66.000000,-2.294132,0.003678,2.315860,-0.495309,0.001059,0.071968,MOVE_LEFT
1621,1774867607.715846,323.008087,480.505798,69.067108,139.000000,66.000000,-2.294811,0.003662,2.316588,-0.495300,0.001054,0.071945,MOVE_LEFT
1622,1774867607.770134,323.012177,480.504089,69.067108,139.000000,65.000000,-2.294781,0.003649,2.316588,-0.495293,0.001050,0.071945,MOVE_LEFT
1623,1774867607.832769,323.008514,480.502869,69.088814,139.000000,65.000000,-2.294087,0.003639,2.315860,-0.495299,0.001048,0.071968,MOVE_LEFT
1624,1774867607.880005,323.012482,480.502014,69.067108,139.000000,65.000000,-2.294779,0.003634,2.316588,-0.495293,0.001046,0.071945,MOVE_LEFT
1625,1774867607.931298,323.019592,480.501404,69.052635,139.000000,65.000000,-2.295209,0.003631,2.317073,-0.495282,0.001045,0.071930,MOVE_LEFT
1626,1774867607.993768,323.024597,480.500977,69.052635,139.000000,65.000000,-2.295172,0.003627,2.317073,-0.495274,0.001044,0.071930,MOVE_LEFT
1627,1774867608.061652,323.030273,480.350677,69.072525,139.000000,65.000000,-2.294470,0.002538,2.316406,-0.495265,0.000731,0.071951,MOVE_LEFT
1628,1774867608.120281,323.034241,480.245483,69.072525,139.000000,65.000000,-2.294442,0.001777,2.316406,-0.495259,0.000511,0.071951,MOVE_LEFT
1629,1774867608.176416,323.037018,480.171844,69.072525,139.000000,65.000000,-2.294422,0.001244,2.316406,-0.495255,0.000358,0.071951,MOVE_LEFT
1630,1774867608.250875,323.038971,480.120300,69.072525,139.000000,65.000000,-2.294407,0.000871,2.316406,-0.495252,0.000251,0.071951,MOVE_LEFT
1631,1774867608.322984,323.043579,480.084198,69.061684,139.000000,65.000000,-2.294734,0.000610,2.316769,-0.495244,0.000175,0.071939,MOVE_LEFT
1632,1774867608.375235,323.046814,480.058929,69.061684,139.000000,65.000000,-2.294711,0.000427,2.316769,-0.495239,0.000123,0.071939,MOVE_LEFT
1633,1774867608.441599,323.049072,480.041260,69.061684,139.000000,65.000000,-2.294694,0.000299,2.316769,-0.495236,0.000086,0.071939,MOVE_LEFT
1634,1774867608.513836,323.050659,480.028870,69.061684,139.000000,65.000000,-2.294683,0.000209,2.316769,-0.495233,0.000060,0.071939,MOVE_LEFT
1635,1774867608.566175,323.051758,480.020203,69.061684,139.000000,65.000000,-2.294675,0.000146,2.316769,-0.495232,0.000042,0.071939,MOVE_LEFT
1636,1774867608.619333,323.052551,480.014130,69.061684,139.000000,65.000000,-2.294669,0.000102,2.316769,-0.495230,0.000029,0.071939,MOVE_LEFT
1637,1774867608.684181,323.053101,480.009888,69.061684,139.000000,65.000000,-2.294665,0.000072,2.316769,-0.495230,0.000021,0.071939,MOVE_LEFT
1638,1774867608.750287,323.056732,479.856934,69.081604,139.000000,65.000000,-2.293977,-0.001035,2.316101,-0.495224,-0.000298,0.071960,MOVE_LEFT
1639,1774867608.809074,323.059265,479.749847,69.081604,139.000000,65.000000,-2.293959,-0.001811,2.316101,-0.495220,-0.000521,0.071960,MOVE_LEFT
1640,1774867608.858042,323.061035,479.674896,69.081604,139.000000,65.000000,-2.293946,-0.002353,2.316101,-0.495217,-0.000677,0.071960,MOVE_LEFT
1641,1774867608.910739,323.062286,479.622437,69.081604,139.000000,65.000000,-2.293937,-0.002733,2.316101,-0.495215,-0.000787,0.071960,MOVE_LEFT
1642,1774867608.967009,323.063171,479.585693,69.081604,139.000000,65.000000,-2.293931,-0.002999,2.316101,-0.495214,-0.000863,0.071960,MOVE_LEFT
1643,1774867609.029034,323.063782,479.559998,69.081604,139.000000,65.000000,-2.293926,-0.003185,2.316101,-0.495213,-0.000917,0.071960,MOVE_LEFT
1644,1774867609.076622,323.194641,479.541992,68.647751,138.000000,65.000000,-2.307471,-0.003336,2.330739,-0.495008,-0.000954,0.071508,MOVE_LEFT
1645,1774867609.129298,323.286255,479.529388,68.647751,138.000000,65.000000,-2.306804,-0.003428,2.330739,-0.494865,-0.000980,0.071508,MOVE_LEFT
1646,1774867609.190066,323.350372,479.520569,68.647751,138.000000,65.000000,-2.306337,-0.003492,2.330739,-0.494765,-0.000999,0.071508,MOVE_LEFT
1647,1774867609.240826,323.395264,479.514404,68.589455,138.000000,65.000000,-2.307969,-0.003540,2.332720,-0.494695,-0.001012,0.071447,MOVE_LEFT
1648,1774867609.289568,323.426697,479.510071,68.647751,138.000000,65.000000,-2.305781,-0.003568,2.330739,-0.494646,-0.001021,0.071508,MOVE_LEFT
1649,1774867609.344258,323.448669,479.507050,68.647751,138.000000,65.000000,-2.305621,-0.003590,2.330739,-0.494611,-0.001027,0.071508,MOVE_LEFT
1650,1774867609.404592,323.464050,479.504944,68.647751,138.000000,65.000000,-2.305509,-0.003606,2.330739,-0.494587,-0.001031,0.071508,MOVE_LEFT
1651,1774867609.458370,323.474854,479.503448,68.647751,138.000000,65.000000,-2.305430,-0.003617,2.330739,-0.494571,-0.001034,0.071508,MOVE_LEFT
1652,1774867609.510244,323.482391,479.502411,68.647751,138.000000,65.000000,-2.305375,-0.003624,2.330739,-0.494559,-0.001037,0.071508,MOVE_LEFT
1653,1774867609.568446,323.487671,479.501678,68.647751,138.000000,65.000000,-2.305336,-0.003630,2.330739,-0.494551,-0.001038,0.071508,MOVE_LEFT
1654,1774867609.628483,323.491364,479.501190,68.647751,138.000000,65.000000,-2.305310,-0.003633,2.330739,-0.494545,-0.001039,0.071508,MOVE_LEFT
1655,1774867609.686522,323.493958,479.500824,68.647751,138.000000,65.000000,-2.305291,-0.003636,2.330739,-0.494541,-0.001040,0.071508,MOVE_LEFT
1656,1774867609.736649,323.495789,479.500580,68.647751,138.000000,65.000000,-2.305277,-0.003638,2.330739,-0.494538,-0.001040,0.071508,MOVE_LEFT
1657,1774867609.790683,323.497070,479.500397,68.647751,138.000000,65.000000,-2.305268,-0.003639,2.330739,-0.494536,-0.001041,0.071508,MOVE_LEFT
1658,1774867609.858495,323.497955,479.500275,68.647751,138.000000,66.000000,-2.305262,-0.003640,2.330739,-0.494534,-0.001041,0.071508,MOVE_LEFT
1659,1774867609.918223,323.498566,479.500183,68.647751,138.000000,66.000000,-2.305257,-0.003640,2.330739,-0.494533,-0.001041,0.071508,MOVE_LEFT
1660,1774867609.979741,323.498993,479.500122,68.647751,138.000000,66.000000,-2.305254,-0.003641,2.330739,-0.494533,-0.001041,0.071508,MOVE_LEFT
1661,1774867610.042151,323.499298,479.500092,68.647751,138.000000,66.000000,-2.305252,-0.003641,2.330739,-0.494532,-0.001041,0.071508,MOVE_LEFT
1662,1774867610.104626,323.499512,479.500061,68.647751,138.000000,66.000000,-2.305250,-0.003641,2.330739,-0.494532,-0.001042,0.071508,MOVE_LEFT
1663,1774867610.160044,323.499664,479.500031,68.647751,138.000000,66.000000,-2.305249,-0.003642,2.330739,-0.494532,-0.001042,0.071508,MOVE_LEFT
1664,1774867610.217167,323.499756,479.500031,68.647751,138.000000,66.000000,-2.305248,-0.003642,2.330739,-0.494532,-0.001042,0.071508,MOVE_LEFT
1665,1774867610.277936,323.643311,479.800049,69.023659,139.000000,66.000000,-2.291654,-0.001448,2.318046,-0.494307,-0.000417,0.071900,MOVE_LEFT
1666,1774867610.336471,323.743805,480.010010,69.023659,139.000000,66.000000,-2.290926,0.000073,2.318046,-0.494150,0.000021,0.071900,MOVE_LEFT
1667,1774867610.399645,323.814148,480.156982,69.023659,139.000000,66.000000,-2.290416,0.001137,2.318046,-0.494040,0.000327,0.071900,MOVE_LEFT
1668,1774867610.447607,323.863403,480.259888,69.023659,139.000000,66.000000,-2.290060,0.001883,2.318046,-0.493963,0.000541,0.071900,MOVE_LEFT
1669,1774867610.508237,323.897858,480.331909,69.023659,139.000000,66.000000,-2.289810,0.002404,2.318046,-0.493910,0.000691,0.071900,MOVE_LEFT
1670,1774867610.572964,323.921997,480.382324,69.023659,139.000000,65.000000,-2.289635,0.002770,2.318046,-0.493872,0.000797,0.071900,MOVE_LEFT
1671,1774867610.618724,323.938873,480.417603,69.023659,139.000000,65.000000,-2.289513,0.003025,2.318046,-0.493846,0.000870,0.071900,MOVE_LEFT
1672,1774867610.670294,323.957214,480.442322,69.045372,139.000000,66.000000,-2.288660,0.003203,2.317317,-0.493817,0.000922,0.071922,MOVE_LEFT
1673,1774867610.733002,323.970062,480.459656,69.045372,139.000000,66.000000,-2.288567,0.003329,2.317317,-0.493797,0.000958,0.071922,MOVE_LEFT
1674,1774867610.780665,323.979034,480.471741,69.016403,139.000000,66.000000,-2.289463,0.003418,2.318289,-0.493783,0.000983,0.071892,MOVE_LEFT
1676,1774867610.898567,323.985321,480.480225,69.016403,139.000000,65.000000,-2.289417,0.003479,2.318289,-0.493773,0.001000,0.071892,MOVE_LEFT
1677,1774867610.950819,323.989716,480.486145,69.016403,139.000000,66.000000,-2.289385,0.003522,2.318289,-0.493766,0.001013,0.071892,MOVE_LEFT
1678,1774867610.998479,323.992798,480.340302,69.029076,139.000000,66.000000,-2.288943,0.002465,2.317864,-0.493761,0.000709,0.071905,MOVE_LEFT
1679,1774867611.056844,323.998230,480.238220,69.018219,139.000000,66.000000,-2.289263,0.001726,2.318228,-0.493753,0.000496,0.071894,MOVE_LEFT
1681,1774867611.172604,324.000916,479.716736,69.009140,139.000000,65.000000,-2.289545,-0.002052,2.318533,-0.493749,-0.000590,0.071885,MOVE_LEFT
1682,1774867611.221077,324.002808,479.351685,69.009140,139.000000,66.000000,-2.289531,-0.004697,2.318533,-0.493746,-0.001351,0.071885,MOVE_LEFT
1683,1774867611.277622,324.006317,479.246185,69.014587,139.000000,66.000000,-2.289325,-0.005461,2.318350,-0.493740,-0.001570,0.071890,MOVE_LEFT
1684,1774867611.332855,324.154419,478.422333,68.647751,138.000000,66.000000,-2.300480,-0.011491,2.330739,-0.493509,-0.003287,0.071508,MOVE_LEFT
1685,1774867611.397859,324.258118,477.845642,68.647751,138.000000,66.000000,-2.299725,-0.015691,2.330739,-0.493347,-0.004488,0.071508,MOVE_LEFT
1686,1774867611.447788,324.330688,477.441956,68.647751,138.000000,66.000000,-2.299196,-0.018632,2.330739,-0.493233,-0.005329,0.071508,MOVE_LEFT
1687,1774867611.505920,324.381470,477.309357,68.616791,138.000000,66.000000,-2.299864,-0.019606,2.331791,-0.493154,-0.005606,0.071476,MOVE_LEFT
1688,1774867611.568686,324.417053,477.216553,68.616791,138.000000,66.000000,-2.299604,-0.020283,2.331791,-0.493098,-0.005799,0.071476,MOVE_LEFT
1689,1774867611.630472,324.441956,477.151581,68.616791,138.000000,66.000000,-2.299423,-0.020756,2.331791,-0.493059,-0.005934,0.071476,MOVE_LEFT
1690,1774867611.682962,324.459351,477.106110,68.616791,138.000000,65.000000,-2.299296,-0.021087,2.331791,-0.493032,-0.006029,0.071476,MOVE_LEFT
1691,1774867611.728808,324.471558,477.074280,68.616791,138.000000,65.000000,-2.299207,-0.021319,2.331791,-0.493013,-0.006095,0.071476,MOVE_LEFT
1692,1774867611.790592,324.480103,477.052002,68.616791,138.000000,65.000000,-2.299145,-0.021482,2.331791,-0.493000,-0.006142,0.071476,MOVE_LEFT
1693,1774867611.851907,324.486084,477.036407,68.565758,138.000000,65.000000,-2.300813,-0.021611,2.333526,-0.492990,-0.006174,0.071423,MOVE_LEFT
1694,1774867611.914863,324.490265,477.025482,68.565758,138.000000,65.000000,-2.300782,-0.021691,2.333526,-0.492984,-0.006197,0.071423,MOVE_LEFT
1695,1774867611.972418,324.493195,477.017853,68.565758,138.000000,66.000000,-2.300761,-0.021747,2.333526,-0.492979,-0.006213,0.071423,MOVE_LEFT
1696,1774867612.028133,324.495239,477.012512,68.565758,138.000000,66.000000,-2.300746,-0.021786,2.333526,-0.492976,-0.006224,0.071423,MOVE_LEFT
1697,1774867612.091010,324.496674,477.008759,68.565758,138.000000,66.000000,-2.300735,-0.021813,2.333526,-0.492974,-0.006232,0.071423,MOVE_LEFT
1698,1774867612.161443,324.497681,477.006134,68.616791,138.000000,66.000000,-2.299017,-0.021816,2.331791,-0.492972,-0.006237,0.071476,MOVE_LEFT
1699,1774867612.218901,324.498383,477.004303,68.616791,138.000000,66.000000,-2.299012,-0.021829,2.331791,-0.492971,-0.006241,0.071476,MOVE_LEFT
1700,1774867612.279404,324.498871,477.003021,68.616791,138.000000,66.000000,-2.299008,-0.021839,2.331791,-0.492971,-0.006244,0.071476,MOVE_LEFT
1701,1774867612.342424,324.512329,477.002106,68.573067,138.000000,66.000000,-2.300376,-0.021859,2.333278,-0.492949,-0.006246,0.071430,MOVE_LEFT
1702,1774867612.401438,324.658630,477.601471,69.000099,139.000000,66.000000,-2.285079,-0.017381,2.318837,-0.492721,-0.004997,0.071875,MOVE_LEFT
1703,1774867612.458885,324.761047,478.021027,69.000099,139.000000,65.000000,-2.284337,-0.014340,2.318837,-0.492561,-0.004123,0.071875,MOVE_LEFT
1704,1774867612.527632,324.967407,477.864716,68.596756,138.000000,65.000000,-2.296265,-0.015564,2.332472,-0.492238,-0.004449,0.071455,MOVE_LEFT
1705,1774867612.581842,325.114044,477.905334,68.573067,138.000000,65.000000,-2.295989,-0.015273,2.333278,-0.492009,-0.004364,0.071430,MOVE_LEFT
1706,1774867612.632529,325.224365,477.933716,68.547531,138.000000,66.000000,-2.296039,-0.015072,2.334147,-0.491837,-0.004305,0.071404,MOVE_LEFT
1707,1774867612.689198,325.307068,477.953613,68.565758,138.000000,66.000000,-2.294826,-0.014923,2.333526,-0.491708,-0.004263,0.071423,MOVE_LEFT
1708,1774867612.751016,325.364960,478.117554,68.545708,138.000000,66.000000,-2.295075,-0.013731,2.334209,-0.491617,-0.003922,0.071402,MOVE_LEFT
1709,1774867612.815410,325.405457,478.232300,68.545708,138.000000,66.000000,-2.294779,-0.012894,2.334209,-0.491554,-0.003683,0.071402,MOVE_LEFT
1710,1774867612.871940,325.433807,478.162598,68.565758,138.000000,66.000000,-2.293902,-0.013399,2.333526,-0.491510,-0.003828,0.071423,MOVE_LEFT
1711,1774867612.917019,325.453674,478.113831,68.565758,138.000000,65.000000,-2.293757,-0.013754,2.333526,-0.491479,-0.003930,0.071423,MOVE_LEFT
1712,1774867612.975495,325.474152,478.229675,68.567604,138.000000,65.000000,-2.293546,-0.012909,2.333463,-0.491447,-0.003688,0.071425,MOVE_LEFT
1713,1774867613.025322,325.495056,478.160767,68.573067,138.000000,66.000000,-2.293210,-0.013411,2.333278,-0.491414,-0.003832,0.071430,MOVE_LEFT
1714,1774867613.072488,325.509674,478.112549,68.573067,138.000000,66.000000,-2.293104,-0.013762,2.333278,-0.491391,-0.003932,0.071430,MOVE_LEFT
1715,1774867613.127849,325.656769,478.078796,68.117645,137.000000,66.000000,-2.307355,-0.014102,2.348877,-0.491161,-0.004003,0.070956,MOVE_LEFT
1716,1774867613.188131,325.898804,478.205139,68.553009,138.000000,66.000000,-2.290937,-0.013091,2.333960,-0.490783,-0.003739,0.071409,MOVE_LEFT
1717,1774867613.250222,326.068237,478.293579,68.553009,138.000000,66.000000,-2.289701,-0.012446,2.333960,-0.490518,-0.003555,0.071409,MOVE_LEFT
1718,1774867613.295661,326.186829,478.355530,68.553009,138.000000,66.000000,-2.288836,-0.011994,2.333960,-0.490333,-0.003426,0.071409,MOVE_LEFT
1719,1774867613.347842,326.269836,478.398865,68.553009,138.000000,66.000000,-2.288230,-0.011678,2.333960,-0.490203,-0.003336,0.071409,MOVE_LEFT
1720,1774867613.412152,326.333405,478.579224,68.547531,138.000000,66.000000,-2.287950,-0.010363,2.334147,-0.490104,-0.002960,0.071404,MOVE_LEFT
1721,1774867613.471114,326.377899,478.705475,68.547531,138.000000,66.000000,-2.287625,-0.009443,2.334147,-0.490035,-0.002697,0.071404,MOVE_LEFT
1722,1774867613.522057,326.405762,478.793854,68.536583,138.000000,67.000000,-2.287787,-0.008799,2.334520,-0.489991,-0.002513,0.071392,MOVE_LEFT
1723,1774867613.578492,326.425262,478.855713,68.536583,138.000000,67.000000,-2.287645,-0.008348,2.334520,-0.489961,-0.002384,0.071392,MOVE_LEFT
1724,1774867613.647102,326.431274,478.899017,68.562141,138.000000,67.000000,-2.286748,-0.008029,2.333649,-0.489951,-0.002294,0.071419,MOVE_LEFT
1725,1774867613.705341,326.435486,478.929321,68.562141,138.000000,67.000000,-2.286718,-0.007808,2.333649,-0.489945,-0.002231,0.071419,MOVE_LEFT
1726,1774867613.761149,326.447174,478.950531,68.591278,138.000000,66.000000,-2.285661,-0.007650,2.332658,-0.489926,-0.002186,0.071449,MOVE_LEFT
1727,1774867613.830798,326.455353,478.965393,68.591278,138.000000,66.000000,-2.285601,-0.007542,2.332658,-0.489914,-0.002155,0.071449,MOVE_LEFT
1728,1774867613.886313,326.459991,478.825745,68.618622,138.000000,66.000000,-2.284657,-0.008556,2.331729,-0.489906,-0.002446,0.071478,MOVE_LEFT
1729,1774867613.946969,326.452271,478.728027,68.582207,138.000000,66.000000,-2.285926,-0.009273,2.332967,-0.489918,-0.002650,0.071440,MOVE_LEFT
1730,1774867614.017959,326.444702,478.659607,68.574921,138.000000,66.000000,-2.286224,-0.009773,2.333215,-0.489930,-0.002792,0.071432,MOVE_LEFT
1731,1774867614.085493,326.311279,478.911713,69.001907,139.000000,66.000000,-2.273044,-0.007886,2.318776,-0.490139,-0.002267,0.071877,MOVE_LEFT
1732,1774867614.142799,326.090881,478.638184,68.605911,138.000000,67.000000,-2.287770,-0.009925,2.332161,-0.490483,-0.002837,0.071464,MOVE_LEFT
1733,1774867614.206915,325.936615,478.446716,68.605911,138.000000,67.000000,-2.288894,-0.011320,2.332161,-0.490724,-0.003236,0.071464,MOVE_LEFT
1734,1774867614.281046,325.820953,478.162689,68.596771,138.000000,67.000000,-2.290043,-0.013392,2.332471,-0.490905,-0.003828,0.071455,MOVE_LEFT
1735,1774867614.350263,325.724670,477.963867,68.647751,138.000000,67.000000,-2.289043,-0.014830,2.330739,-0.491055,-0.004242,0.071508,MOVE_LEFT
1736,1774867614.412656,325.657257,477.824707,68.647751,138.000000,67.000000,-2.289534,-0.015844,2.330739,-0.491161,-0.004532,0.071508,MOVE_LEFT
1737,1774867614.480440,325.610077,477.727295,68.647751,138.000000,67.000000,-2.289878,-0.016553,2.330739,-0.491234,-0.004735,0.071508,MOVE_LEFT
1738,1774867614.568376,325.577057,477.659088,68.589455,138.000000,67.000000,-2.292065,-0.017065,2.332720,-0.491286,-0.004877,0.071447,MOVE_LEFT
1739,1774867614.638162,325.553925,477.611359,68.589455,138.000000,68.000000,-2.292233,-0.017413,2.332720,-0.491322,-0.004976,0.071447,MOVE_LEFT
1740,1774867614.710538,325.537750,477.577942,68.589455,138.000000,67.000000,-2.292351,-0.017656,2.332720,-0.491347,-0.005046,0.071447,MOVE_LEFT
1741,1774867614.785401,325.526428,477.554565,68.589455,138.000000,67.000000,-2.292434,-0.017827,2.332720,-0.491365,-0.005095,0.071447,MOVE_LEFT
1742,1774867614.851856,325.518494,477.538177,68.589455,138.000000,67.000000,-2.292492,-0.017946,2.332720,-0.491377,-0.005129,0.071447,MOVE_LEFT
1743,1774867614.907254,325.504181,477.526733,68.618622,138.000000,67.000000,-2.291622,-0.018022,2.331729,-0.491400,-0.005153,0.071478,MOVE_LEFT
1744,1774867614.979267,325.493073,477.368713,68.649567,138.000000,68.000000,-2.290669,-0.019165,2.330677,-0.491417,-0.005482,0.071510,MOVE_LEFT
1745,1774867615.050965,325.495148,477.108093,68.647751,138.000000,68.000000,-2.290715,-0.021063,2.330739,-0.491414,-0.006025,0.071508,MOVE_LEFT
1746,1774867615.113998,325.347687,477.375671,69.003731,139.000000,68.000000,-2.279966,-0.019016,2.318715,-0.491644,-0.005467,0.071879,MOVE_LEFT
1747,1774867615.183260,325.243378,477.562988,69.007347,139.000000,68.000000,-2.280602,-0.017658,2.318594,-0.491807,-0.005077,0.071883,MOVE_LEFT
1748,1774867615.249851,325.168213,477.544098,69.009171,139.000000,68.000000,-2.281087,-0.017794,2.318532,-0.491925,-0.005116,0.071885,MOVE_LEFT
1749,1774867615.317039,325.113403,477.680847,69.014587,139.000000,68.000000,-2.281305,-0.016802,2.318350,-0.492010,-0.004832,0.071890,MOVE_LEFT
1750,1774867615.383034,324.929382,477.176575,68.682335,138.000000,68.000000,-2.293680,-0.020554,2.329566,-0.492298,-0.005882,0.071544,MOVE_LEFT
1751,1774867615.459594,324.810425,476.823608,68.649590,138.000000,68.000000,-2.295641,-0.023135,2.330677,-0.492484,-0.006617,0.071510,MOVE_LEFT
1752,1774867615.518173,324.717285,476.576538,68.682335,138.000000,68.000000,-2.295224,-0.024922,2.329566,-0.492629,-0.007132,0.071544,MOVE_LEFT
1753,1774867615.581770,324.652100,476.553589,68.647751,138.000000,68.000000,-2.296855,-0.025102,2.330739,-0.492731,-0.007180,0.071508,MOVE_LEFT
1754,1774867615.649541,324.606476,476.537506,68.647751,138.000000,68.000000,-2.297188,-0.025219,2.330739,-0.492802,-0.007214,0.071508,MOVE_LEFT
1755,1774867615.708159,324.574524,476.376282,68.616791,138.000000,68.000000,-2.298457,-0.026405,2.331791,-0.492852,-0.007549,0.071476,MOVE_LEFT
1756,1774867615.769430,324.542328,476.263367,68.649567,138.000000,68.000000,-2.297594,-0.027215,2.330677,-0.492903,-0.007785,0.071510,MOVE_LEFT
1757,1774867615.837117,324.518677,476.034363,68.684166,138.000000,68.000000,-2.296609,-0.028869,2.329503,-0.492940,-0.008262,0.071546,MOVE_LEFT
1758,1774867615.899846,324.502136,475.874084,68.684166,138.000000,69.000000,-2.296729,-0.030035,2.329503,-0.492965,-0.008596,0.071546,MOVE_LEFT
1759,1774867615.965388,324.501495,475.611847,68.682335,138.000000,69.000000,-2.296795,-0.031945,2.329566,-0.492966,-0.009142,0.071544,MOVE_LEFT
1760,1774867616.038916,324.355408,475.878296,69.030891,139.000000,69.000000,-2.286256,-0.029854,2.317803,-0.493195,-0.008587,0.071907,MOVE_LEFT
1761,1774867616.102310,324.253143,476.064819,69.030891,139.000000,69.000000,-2.286997,-0.028503,2.317803,-0.493354,-0.008198,0.071907,MOVE_LEFT
1762,1774867616.164695,324.177216,476.345367,69.029076,139.000000,69.000000,-2.287607,-0.026472,2.317864,-0.493473,-0.007614,0.071905,MOVE_LEFT
1765,1774867616.367207,324.124054,476.391754,69.088814,139.000000,69.000000,-2.286014,-0.026113,2.315860,-0.493556,-0.007517,0.071968,MOVE_LEFT
1766,1774867616.438528,324.081421,476.274231,69.047195,139.000000,69.000000,-2.287700,-0.026980,2.317256,-0.493623,-0.007762,0.071924,MOVE_LEFT
1767,1774867616.508600,324.051575,476.191956,69.047195,139.000000,70.000000,-2.287916,-0.027576,2.317256,-0.493669,-0.007933,0.071924,MOVE_LEFT
1768,1774867616.567833,324.025238,475.984375,69.052620,139.000000,70.000000,-2.287927,-0.029077,2.317074,-0.493711,-0.008366,0.071930,MOVE_LEFT
1769,1774867616.636381,324.006805,475.839050,69.052620,139.000000,70.000000,-2.288061,-0.030129,2.317074,-0.493739,-0.008669,0.071930,MOVE_LEFT
1770,1774867616.703337,323.993896,475.737366,69.052620,139.000000,70.000000,-2.288154,-0.030865,2.317074,-0.493760,-0.008880,0.071930,MOVE_LEFT
1771,1774867616.762973,323.989227,475.666138,69.067085,139.000000,70.000000,-2.287709,-0.031374,2.316588,-0.493767,-0.009029,0.071945,MOVE_LEFT
1772,1774867616.830495,323.985931,475.616272,69.067085,139.000000,70.000000,-2.287733,-0.031735,2.316588,-0.493772,-0.009133,0.071945,MOVE_LEFT
1773,1774867616.900797,323.990143,475.731384,69.115944,139.000000,70.000000,-2.286085,-0.030880,2.314951,-0.493765,-0.008893,0.071996,MOVE_LEFT
1777,1774867617.176200,323.993103,475.811951,69.065285,139.000000,70.000000,-2.287740,-0.030319,2.316649,-0.493761,-0.008725,0.071943,MOVE_LEFT
1778,1774867617.230842,323.995178,475.868347,69.065285,139.000000,70.000000,-2.287725,-0.029911,2.316649,-0.493758,-0.008608,0.071943,MOVE_LEFT
1779,1774867617.296270,324.002075,475.907837,69.047195,139.000000,70.000000,-2.288275,-0.029633,2.317256,-0.493747,-0.008525,0.071924,MOVE_LEFT
1780,1774867617.350489,324.001465,475.935486,69.065285,139.000000,69.000000,-2.287680,-0.029425,2.316649,-0.493748,-0.008468,0.071943,MOVE_LEFT
1781,1774867617.409048,324.007538,476.104858,69.067085,139.000000,70.000000,-2.287576,-0.028198,2.316588,-0.493738,-0.008115,0.071945,MOVE_LEFT
1782,1774867617.476040,324.018311,476.073425,69.072548,139.000000,70.000000,-2.287317,-0.028424,2.316405,-0.493721,-0.008180,0.071951,MOVE_LEFT
1783,1774867617.541496,324.025879,476.051392,69.072548,139.000000,70.000000,-2.287263,-0.028583,2.316405,-0.493710,-0.008226,0.071951,MOVE_LEFT
1784,1774867617.597144,324.025726,476.035950,69.090622,139.000000,70.000000,-2.286665,-0.028687,2.315799,-0.493710,-0.008258,0.071969,MOVE_LEFT
1785,1774867617.654955,324.025635,476.025146,69.090622,139.000000,70.000000,-2.286666,-0.028766,2.315799,-0.493710,-0.008281,0.071969,MOVE_LEFT
1786,1774867617.722087,324.033173,476.167603,69.096062,139.000000,69.000000,-2.286432,-0.027732,2.315617,-0.493698,-0.007984,0.071975,MOVE_LEFT
1787,1774867617.769421,324.038422,476.267334,69.096062,139.000000,70.000000,-2.286394,-0.027011,2.315617,-0.493690,-0.007776,0.071975,MOVE_LEFT
1788,1774867617.832347,324.035583,476.337128,69.117760,139.000000,70.000000,-2.285696,-0.026497,2.314890,-0.493694,-0.007631,0.071998,MOVE_LEFT
1789,1774867617.897504,324.032532,476.535980,69.090622,139.000000,70.000000,-2.286616,-0.025069,2.315799,-0.493699,-0.007217,0.071969,MOVE_LEFT
1790,1774867617.945286,324.031464,476.825195,69.117760,139.000000,69.000000,-2.285726,-0.022967,2.314890,-0.493701,-0.006614,0.071998,MOVE_LEFT
1791,1774867618.013739,324.029633,477.177612,69.090622,139.000000,70.000000,-2.286637,-0.020425,2.315799,-0.493704,-0.005880,0.071969,MOVE_LEFT
1792,1774867618.081664,324.020752,477.424316,69.115944,139.000000,70.000000,-2.285864,-0.018633,2.314951,-0.493718,-0.005366,0.071996,MOVE_LEFT
1793,1774867618.144212,324.014526,477.747009,69.088814,139.000000,70.000000,-2.286806,-0.016305,2.315860,-0.493727,-0.004694,0.071968,MOVE_LEFT
1794,1774867618.206530,324.010162,477.972900,69.088814,139.000000,69.000000,-2.286838,-0.014670,2.315860,-0.493734,-0.004223,0.071968,MOVE_LEFT
1795,1774867618.275140,324.007111,478.281036,69.115944,139.000000,70.000000,-2.285962,-0.012435,2.314951,-0.493739,-0.003581,0.071996,MOVE_LEFT
1796,1774867618.333161,324.004974,478.496735,69.115944,139.000000,70.000000,-2.285978,-0.010875,2.314951,-0.493742,-0.003132,0.071996,MOVE_LEFT
1798,1774867618.456222,323.992615,478.497742,69.182846,139.000000,69.000000,-2.283856,-0.010857,2.312712,-0.493762,-0.003130,0.072065,MOVE_LEFT
1799,1774867618.515146,323.842682,479.398438,69.509087,140.000000,70.000000,-2.274216,-0.004327,2.301857,-0.493996,-0.001253,0.072405,MOVE_LEFT
1800,1774867618.573582,323.589874,479.428894,69.218956,139.000000,70.000000,-2.285574,-0.004125,2.311506,-0.494391,-0.001190,0.072103,MOVE_LEFT
1801,1774867618.648762,323.412903,479.450226,69.146683,139.000000,70.000000,-2.289243,-0.003975,2.313922,-0.494667,-0.001145,0.072028,MOVE_LEFT
1802,1774867618.713585,323.289032,479.765137,69.146683,139.000000,70.000000,-2.290139,-0.001698,2.313922,-0.494861,-0.000489,0.072028,MOVE_LEFT
1803,1774867618.771811,323.192535,479.835602,69.148483,139.000000,71.000000,-2.290777,-0.001189,2.313861,-0.495012,-0.000342,0.072030,MOVE_LEFT
1804,1774867618.837613,322.990173,480.184937,69.546837,140.000000,70.000000,-2.279110,0.001330,2.300608,-0.495328,0.000385,0.072445,MOVE_LEFT
1805,1774867618.909177,322.843140,480.579468,69.545052,140.000000,70.000000,-2.280226,0.004166,2.300667,-0.495558,0.001207,0.072443,MOVE_LEFT
1806,1774867618.964637,322.734802,481.005615,69.546860,140.000000,70.000000,-2.280946,0.007230,2.300607,-0.495727,0.002095,0.072445,MOVE_LEFT
1807,1774867619.026257,322.514343,480.703918,69.260475,139.000000,70.000000,-2.291969,0.005082,2.310120,-0.496071,0.001466,0.072146,MOVE_LEFT
1808,1774867619.095330,322.360046,480.642761,69.218956,139.000000,70.000000,-2.294458,0.004643,2.311506,-0.496312,0.001339,0.072103,MOVE_LEFT
1809,1774867619.155600,322.241150,480.599915,69.182831,139.000000,70.000000,-2.296515,0.004336,2.312713,-0.496498,0.001250,0.072065,MOVE_LEFT
1810,1774867619.226264,322.025269,480.569946,69.566612,140.000000,70.000000,-2.285398,0.004096,2.299954,-0.496836,0.001187,0.072465,MOVE_LEFT
1811,1774867619.288030,321.867676,480.698975,69.564819,140.000000,70.000000,-2.286589,0.005024,2.300013,-0.497082,0.001456,0.072463,MOVE_LEFT
1812,1774867619.349891,321.750916,480.939301,69.566628,140.000000,71.000000,-2.287369,0.006751,2.299953,-0.497264,0.001957,0.072465,MOVE_LEFT
1814,1774867619.487342,321.652985,480.957520,69.604370,140.000000,70.000000,-2.286832,0.006878,2.298706,-0.497417,0.001995,0.072505,MOVE_LEFT
1815,1774867619.549392,321.457092,480.670258,69.260475,139.000000,70.000000,-2.299601,0.004839,2.310120,-0.497723,0.001396,0.072146,MOVE_LEFT
1816,1774867619.619284,321.319946,480.469177,69.260475,139.000000,70.000000,-2.300591,0.003387,2.310120,-0.497938,0.000977,0.072146,MOVE_LEFT
1817,1774867619.693465,321.091248,480.328430,69.622314,140.000000,70.000000,-2.290277,0.002359,2.298114,-0.498295,0.000684,0.072523,MOVE_LEFT
1818,1774867619.754939,320.913879,480.229889,69.679726,140.000000,70.000000,-2.289663,0.001650,2.296220,-0.498572,0.000479,0.072583,MOVE_LEFT
1820,1774867619.893309,320.789703,480.160919,69.615112,140.000000,70.000000,-2.292680,0.001156,2.298352,-0.498766,0.000335,0.072516,MOVE_LEFT
1821,1774867619.964019,320.702789,480.262634,69.588173,140.000000,71.000000,-2.294192,0.001887,2.299241,-0.498902,0.000547,0.072488,MOVE_LEFT
1822,1774867620.026232,320.641937,480.333862,69.588173,140.000000,70.000000,-2.294629,0.002399,2.299241,-0.498997,0.000696,0.072488,MOVE_LEFT
1823,1774867620.093154,320.590729,480.383728,69.616913,140.000000,70.000000,-2.294049,0.002756,2.298292,-0.499077,0.000799,0.072518,MOVE_LEFT
1824,1774867620.161972,320.563507,480.118622,69.645630,140.000000,70.000000,-2.293299,0.000852,2.297344,-0.499120,0.000247,0.072548,MOVE_LEFT
1827,1774867620.353101,320.544464,479.783051,69.679726,140.000000,70.000000,-2.292313,-0.001557,2.296220,-0.499149,-0.000452,0.072583,MOVE_LEFT
1828,1774867620.408503,320.508453,479.548157,69.604370,140.000000,70.000000,-2.295054,-0.003246,2.298706,-0.499206,-0.000941,0.072505,MOVE_LEFT
1829,1774867620.463956,320.355896,479.083740,69.260475,139.000000,70.000000,-2.307551,-0.006615,2.310120,-0.499444,-0.001909,0.072146,MOVE_LEFT
1830,1774867620.527818,320.249146,478.908630,69.218956,139.000000,70.000000,-2.309706,-0.007883,2.311506,-0.499611,-0.002274,0.072103,MOVE_LEFT
1831,1774867620.586942,320.050293,478.786011,69.631317,140.000000,70.000000,-2.297456,-0.008717,2.297817,-0.499921,-0.002529,0.072533,MOVE_LEFT
1832,1774867620.641361,319.911102,478.700195,69.631317,140.000000,69.000000,-2.298455,-0.009333,2.297817,-0.500139,-0.002708,0.072533,MOVE_LEFT
1833,1774867620.705883,319.807190,478.640137,69.652832,140.000000,69.000000,-2.298491,-0.009762,2.297107,-0.500301,-0.002833,0.072555,MOVE_LEFT
1834,1774867620.767387,319.715027,478.598083,69.645630,140.000000,70.000000,-2.299390,-0.010065,2.297344,-0.500445,-0.002921,0.072548,MOVE_LEFT
1835,1774867620.830797,319.650513,478.568665,69.645630,140.000000,70.000000,-2.299853,-0.010276,2.297344,-0.500546,-0.002982,0.072548,MOVE_LEFT
1836,1774867620.896988,319.605347,478.548035,69.645630,140.000000,70.000000,-2.300178,-0.010424,2.297344,-0.500617,-0.003025,0.072548,MOVE_LEFT
1837,1774867620.952304,319.573730,478.533630,69.645630,140.000000,70.000000,-2.300405,-0.010527,2.297344,-0.500666,-0.003055,0.072548,MOVE_LEFT
1838,1774867621.011163,319.551636,478.523560,69.588173,140.000000,70.000000,-2.302463,-0.010608,2.299241,-0.500701,-0.003076,0.072488,MOVE_LEFT
1839,1774867621.077876,319.536133,478.516479,69.588173,140.000000,70.000000,-2.302574,-0.010659,2.299241,-0.500725,-0.003091,0.072488,MOVE_LEFT
1840,1774867621.134305,319.525299,478.511536,69.588173,140.000000,70.000000,-2.302652,-0.010695,2.299241,-0.500742,-0.003101,0.072488,MOVE_LEFT
1841,1774867621.195730,319.510162,478.358093,69.589966,140.000000,69.000000,-2.302702,-0.011797,2.299182,-0.500765,-0.003421,0.072490,MOVE_LEFT
1842,1774867621.257616,319.499573,478.250671,69.589966,140.000000,70.000000,-2.302778,-0.012569,2.299182,-0.500782,-0.003644,0.072490,MOVE_LEFT
1843,1774867621.314260,319.491089,478.025452,69.616913,140.000000,70.000000,-2.301947,-0.014182,2.298292,-0.500795,-0.004114,0.072518,MOVE_LEFT
1844,1774867621.368890,319.493774,477.867798,69.645630,140.000000,70.000000,-2.300979,-0.015308,2.297344,-0.500791,-0.004442,0.072548,MOVE_LEFT
1845,1774867621.432918,319.495667,477.607452,69.679726,140.000000,70.000000,-2.299839,-0.017168,2.296220,-0.500788,-0.004984,0.072583,MOVE_LEFT
1846,1774867621.490144,319.496948,477.425232,69.679726,140.000000,70.000000,-2.299830,-0.018476,2.296220,-0.500786,-0.005364,0.072583,MOVE_LEFT
1847,1774867621.548601,319.480591,477.297668,69.622322,140.000000,70.000000,-2.301844,-0.019407,2.298114,-0.500812,-0.005630,0.072523,MOVE_LEFT
1848,1774867621.614927,319.336426,477.208374,69.260475,139.000000,70.000000,-2.314910,-0.020153,2.310120,-0.501037,-0.005816,0.072146,MOVE_LEFT
1849,1774867621.672857,319.120026,477.145874,69.643929,140.000000,70.000000,-2.303718,-0.020491,2.297401,-0.501375,-0.005946,0.072546,MOVE_LEFT
1850,1774867621.730576,318.968567,477.102112,69.643929,140.000000,70.000000,-2.304806,-0.020805,2.297401,-0.501612,-0.006037,0.072546,MOVE_LEFT
1851,1774867621.793233,318.862549,477.071472,69.643929,140.000000,70.000000,-2.305567,-0.021025,2.297401,-0.501777,-0.006101,0.072546,MOVE_LEFT
1852,1774867621.877796,318.753784,476.900024,69.717384,140.000000,70.000000,-2.303918,-0.022232,2.294980,-0.501947,-0.006458,0.072622,MOVE_LEFT
1853,1774867621.946090,318.694916,476.930023,69.622314,140.000000,70.000000,-2.307486,-0.022047,2.298114,-0.502039,-0.006396,0.072523,MOVE_LEFT
1854,1774867622.012497,318.653717,476.951019,69.622314,140.000000,70.000000,-2.307782,-0.021897,2.298114,-0.502104,-0.006352,0.072523,MOVE_LEFT
1855,1774867622.081431,318.624878,476.965729,69.622314,140.000000,70.000000,-2.307989,-0.021791,2.298114,-0.502149,-0.006321,0.072523,MOVE_LEFT
1856,1774867622.162295,318.587402,476.976013,69.679726,140.000000,70.000000,-2.306357,-0.021699,2.296220,-0.502207,-0.006300,0.072583,MOVE_LEFT
1857,1774867622.220767,318.561188,476.983215,69.679726,140.000000,70.000000,-2.306545,-0.021648,2.296220,-0.502248,-0.006285,0.072583,MOVE_LEFT
1858,1774867622.289826,318.542847,476.988251,69.679726,140.000000,70.000000,-2.306676,-0.021611,2.296220,-0.502277,-0.006274,0.072583,MOVE_LEFT
1859,1774867622.351669,318.529999,476.991791,69.679726,140.000000,70.000000,-2.306769,-0.021586,2.296220,-0.502297,-0.006267,0.072583,MOVE_LEFT
1860,1774867622.402193,318.520996,476.994263,69.679726,140.000000,71.000000,-2.306833,-0.021568,2.296220,-0.502311,-0.006262,0.072583,MOVE_LEFT
1861,1774867622.456101,318.514709,476.995972,69.679726,140.000000,71.000000,-2.306878,-0.021556,2.296220,-0.502321,-0.006258,0.072583,MOVE_LEFT
1862,1774867622.513312,318.510315,476.997192,69.679726,140.000000,71.000000,-2.306910,-0.021547,2.296220,-0.502328,-0.006256,0.072583,MOVE_LEFT
1863,1774867622.555568,318.507202,476.998047,69.679726,140.000000,71.000000,-2.306932,-0.021541,2.296220,-0.502333,-0.006254,0.072583,MOVE_LEFT
1864,1774867622.611530,318.505035,476.998627,69.679726,140.000000,71.000000,-2.306948,-0.021537,2.296220,-0.502336,-0.006253,0.072583,MOVE_LEFT
1865,1774867622.680827,318.503540,476.999054,69.615112,140.000000,71.000000,-2.309100,-0.021554,2.298352,-0.502338,-0.006252,0.072516,MOVE_LEFT
1866,1774867622.727957,318.502472,476.999329,69.615112,140.000000,71.000000,-2.309107,-0.021552,2.298352,-0.502340,-0.006251,0.072516,MOVE_LEFT
1867,1774867622.785152,318.501709,476.999542,69.615112,140.000000,71.000000,-2.309113,-0.021550,2.298352,-0.502341,-0.006251,0.072516,MOVE_LEFT
1868,1774867622.854788,318.501190,476.999695,69.615112,140.000000,71.000000,-2.309117,-0.021549,2.298352,-0.502342,-0.006251,0.072516,MOVE_LEFT
1869,1774867622.914807,318.500854,476.999786,69.615112,140.000000,71.000000,-2.309119,-0.021549,2.298352,-0.502342,-0.006250,0.072516,MOVE_LEFT
1870,1774867622.961672,318.500610,476.999847,69.615112,140.000000,71.000000,-2.309121,-0.021548,2.298352,-0.502343,-0.006250,0.072516,MOVE_LEFT
1871,1774867623.010363,318.500427,476.999908,69.679726,140.000000,71.000000,-2.306981,-0.021528,2.296220,-0.502343,-0.006250,0.072583,MOVE_LEFT
1872,1774867623.079732,318.500305,476.999939,69.679726,140.000000,71.000000,-2.306982,-0.021528,2.296220,-0.502343,-0.006250,0.072583,MOVE_LEFT
1873,1774867623.150290,318.500214,476.999969,69.679726,140.000000,71.000000,-2.306982,-0.021527,2.296220,-0.502343,-0.006250,0.072583,MOVE_LEFT
1874,1774867623.204385,318.500153,476.999969,69.679726,140.000000,71.000000,-2.306983,-0.021527,2.296220,-0.502344,-0.006250,0.072583,MOVE_LEFT
1875,1774867623.269707,318.500122,476.999969,69.679726,140.000000,71.000000,-2.306983,-0.021527,2.296220,-0.502344,-0.006250,0.072583,MOVE_LEFT
1876,1774867623.325629,318.500092,476.999969,69.679726,140.000000,71.000000,-2.306983,-0.021527,2.296220,-0.502344,-0.006250,0.072583,MOVE_LEFT
1877,1774867623.395856,318.500061,476.999969,69.679726,140.000000,71.000000,-2.306983,-0.021527,2.296220,-0.502344,-0.006250,0.072583,MOVE_LEFT
1878,1774867623.449978,318.500061,476.999969,69.679726,140.000000,71.000000,-2.306983,-0.021527,2.296220,-0.502344,-0.006250,0.072583,MOVE_LEFT
1879,1774867623.510070,318.500061,476.999969,69.679726,140.000000,72.000000,-2.306983,-0.021527,2.296220,-0.502344,-0.006250,0.072583,MOVE_LEFT
1880,1774867623.584577,318.509766,476.999969,69.647430,140.000000,71.000000,-2.307983,-0.021537,2.297285,-0.502329,-0.006250,0.072549,MOVE_LEFT
1881,1774867623.645204,318.506836,476.849976,69.645630,140.000000,71.000000,-2.308064,-0.022615,2.297344,-0.502333,-0.006563,0.072548,MOVE_LEFT
1882,1774867623.706496,318.504791,476.744995,69.645630,140.000000,71.000000,-2.308079,-0.023368,2.297344,-0.502336,-0.006781,0.072548,MOVE_LEFT
1883,1774867623.778335,318.503357,476.671509,69.645630,140.000000,71.000000,-2.308089,-0.023896,2.297344,-0.502339,-0.006934,0.072548,MOVE_LEFT
1884,1774867623.833008,318.502350,476.470032,69.679726,140.000000,71.000000,-2.306967,-0.025330,2.296220,-0.502340,-0.007354,0.072583,MOVE_LEFT
1885,1774867623.891948,318.501648,476.329041,69.679726,140.000000,71.000000,-2.306972,-0.026342,2.296220,-0.502341,-0.007648,0.072583,MOVE_LEFT
1886,1774867623.963229,318.501160,476.380341,69.645630,140.000000,71.000000,-2.308105,-0.025986,2.297344,-0.502342,-0.007541,0.072548,MOVE_LEFT
1887,1774867624.020321,318.500793,476.416260,69.645630,140.000000,71.000000,-2.308108,-0.025728,2.297344,-0.502343,-0.007466,0.072548,MOVE_LEFT
1888,1774867624.078020,318.500549,476.441376,69.645630,140.000000,71.000000,-2.308109,-0.025548,2.297344,-0.502343,-0.007414,0.072548,MOVE_LEFT
1889,1774867624.146348,318.500366,476.458984,69.645630,140.000000,71.000000,-2.308111,-0.025422,2.297344,-0.502343,-0.007377,0.072548,MOVE_LEFT
1890,1774867624.215168,318.500244,476.471283,69.645630,140.000000,71.000000,-2.308111,-0.025333,2.297344,-0.502343,-0.007351,0.072548,MOVE_LEFT
1891,1774867624.269133,318.500183,476.329895,69.679726,140.000000,71.000000,-2.306983,-0.026336,2.296220,-0.502343,-0.007646,0.072583,MOVE_LEFT
1892,1774867624.336711,318.500122,476.230896,69.679726,140.000000,71.000000,-2.306983,-0.027046,2.296220,-0.502344,-0.007852,0.072583,MOVE_LEFT
1893,1774867624.408822,318.500092,476.161621,69.679726,140.000000,71.000000,-2.306983,-0.027543,2.296220,-0.502344,-0.007997,0.072583,MOVE_LEFT
1894,1774867624.471204,318.500061,475.963135,69.717384,140.000000,71.000000,-2.305737,-0.028952,2.294980,-0.502344,-0.008410,0.072622,MOVE_LEFT
1896,1774867624.594297,318.487091,475.824219,69.760406,140.000000,71.000000,-2.304408,-0.029929,2.293565,-0.502364,-0.008700,0.072667,MOVE_LEFT
1897,1774867624.648948,318.478027,475.726929,69.760406,140.000000,71.000000,-2.304473,-0.030627,2.293565,-0.502378,-0.008902,0.072667,MOVE_LEFT
1898,1774867624.713554,318.338898,476.408875,70.014381,141.000000,71.000000,-2.297107,-0.025646,2.285245,-0.502595,-0.007482,0.072932,MOVE_LEFT
1899,1774867624.784777,318.110962,476.136230,69.724609,140.000000,71.000000,-2.308289,-0.027707,2.294742,-0.502952,-0.008050,0.072630,MOVE_LEFT
1900,1774867624.855783,317.951416,475.945374,69.724609,140.000000,71.000000,-2.309433,-0.029076,2.294742,-0.503201,-0.008447,0.072630,MOVE_LEFT
1901,1774867624.917458,317.837585,475.961731,69.686951,140.000000,72.000000,-2.311497,-0.028974,2.295982,-0.503379,-0.008413,0.072591,MOVE_LEFT
1902,1774867624.982065,317.736328,475.973206,69.758614,140.000000,72.000000,-2.309849,-0.028862,2.293624,-0.503537,-0.008389,0.072665,MOVE_LEFT
1903,1774867625.046460,317.665405,475.981262,69.679726,140.000000,72.000000,-2.312973,-0.028837,2.296220,-0.503648,-0.008372,0.072583,MOVE_LEFT
1904,1774867625.102396,317.615784,475.986877,69.679726,140.000000,71.000000,-2.313329,-0.028797,2.296220,-0.503725,-0.008361,0.072583,MOVE_LEFT
1905,1774867625.155111,317.581055,476.140808,69.645630,140.000000,71.000000,-2.314711,-0.027706,2.297344,-0.503780,-0.008040,0.072548,MOVE_LEFT
1906,1774867625.215792,317.556732,476.398560,69.679726,140.000000,71.000000,-2.313752,-0.025843,2.296220,-0.503818,-0.007503,0.072583,MOVE_LEFT
1907,1774867625.274371,317.539703,476.578979,69.679726,140.000000,72.000000,-2.313875,-0.024548,2.296220,-0.503844,-0.007127,0.072583,MOVE_LEFT
1908,1774867625.345419,317.527771,476.705292,69.679726,140.000000,72.000000,-2.313960,-0.023642,2.296220,-0.503863,-0.006864,0.072583,MOVE_LEFT
1909,1774867625.410179,317.519440,476.793701,69.679726,140.000000,72.000000,-2.314020,-0.023007,2.296220,-0.503876,-0.006680,0.072583,MOVE_LEFT
1910,1774867625.476030,317.513611,476.855591,69.679726,140.000000,71.000000,-2.314062,-0.022563,2.296220,-0.503885,-0.006551,0.072583,MOVE_LEFT
1911,1774867625.537532,317.497650,476.898926,69.719177,140.000000,71.000000,-2.312867,-0.022240,2.294921,-0.503910,-0.006461,0.072624,MOVE_LEFT
1912,1774867625.610332,317.486481,476.929260,69.719177,140.000000,71.000000,-2.312947,-0.022022,2.294921,-0.503927,-0.006397,0.072624,MOVE_LEFT
1913,1774867625.668106,317.349121,477.550476,70.035805,141.000000,71.000000,-2.303471,-0.017488,2.284546,-0.504142,-0.005103,0.072954,MOVE_LEFT
1914,1774867625.727693,317.244385,478.135345,70.044731,141.000000,71.000000,-2.303925,-0.013310,2.284255,-0.504306,-0.003885,0.072963,MOVE_LEFT
1915,1774867625.810229,317.171082,478.544739,70.044731,141.000000,72.000000,-2.304448,-0.010388,2.284255,-0.504420,-0.003032,0.072963,MOVE_LEFT
1916,1774867625.893967,317.119751,478.831329,70.044731,141.000000,72.000000,-2.304815,-0.008342,2.284255,-0.504500,-0.002435,0.072963,MOVE_LEFT
1917,1774867625.971262,317.083832,479.031921,70.044731,141.000000,72.000000,-2.305071,-0.006910,2.284255,-0.504557,-0.002017,0.072963,MOVE_LEFT
1918,1774867626.028258,317.058685,479.172333,70.044731,141.000000,72.000000,-2.305251,-0.005908,2.284255,-0.504596,-0.001724,0.072963,MOVE_LEFT
1919,1774867626.075455,317.030365,479.270630,70.051880,141.000000,72.000000,-2.305217,-0.005206,2.284022,-0.504640,-0.001520,0.072971,MOVE_LEFT
1920,1774867626.133931,316.871246,478.739441,69.803391,140.000000,72.000000,-2.314563,-0.009029,2.292152,-0.504889,-0.002626,0.072712,MOVE_LEFT
1921,1774867626.192776,316.759888,478.367615,69.803391,140.000000,72.000000,-2.315361,-0.011693,2.292152,-0.505063,-0.003401,0.072712,MOVE_LEFT
1922,1774867626.250997,316.681915,478.257324,69.758614,140.000000,72.000000,-2.317406,-0.012491,2.293624,-0.505185,-0.003631,0.072665,MOVE_LEFT
1923,1774867626.292466,316.627350,478.180115,69.758614,140.000000,72.000000,-2.317797,-0.013044,2.293624,-0.505270,-0.003791,0.072665,MOVE_LEFT
1924,1774867626.349314,316.589142,478.126099,69.758614,140.000000,72.000000,-2.318071,-0.013431,2.293624,-0.505329,-0.003904,0.072665,MOVE_LEFT
1925,1774867626.413978,316.562408,478.088257,69.679726,140.000000,72.000000,-2.320887,-0.013718,2.296220,-0.505371,-0.003983,0.072583,MOVE_LEFT
1926,1774867626.460646,316.543701,478.061768,69.679726,140.000000,71.000000,-2.321022,-0.013908,2.296220,-0.505400,-0.004038,0.072583,MOVE_LEFT
1927,1774867626.513423,316.530579,478.043213,69.679726,140.000000,71.000000,-2.321116,-0.014041,2.296220,-0.505421,-0.004077,0.072583,MOVE_LEFT
1928,1774867626.574202,316.521393,478.030273,69.679726,140.000000,71.000000,-2.321182,-0.014134,2.296220,-0.505435,-0.004104,0.072583,MOVE_LEFT
1929,1774867626.631673,316.514984,478.021179,69.679726,140.000000,71.000000,-2.321228,-0.014199,2.296220,-0.505445,-0.004123,0.072583,MOVE_LEFT
1930,1774867626.674965,316.498596,478.014832,69.719200,140.000000,71.000000,-2.320031,-0.014237,2.294920,-0.505471,-0.004136,0.072624,MOVE_LEFT
1931,1774867626.731181,316.487122,478.010376,69.719200,140.000000,71.000000,-2.320113,-0.014269,2.294920,-0.505489,-0.004145,0.072624,MOVE_LEFT
1932,1774867626.806987,316.490997,477.857269,69.717384,140.000000,71.000000,-2.320146,-0.015367,2.294980,-0.505483,-0.004464,0.072622,MOVE_LEFT
1933,1774867626.865885,316.493713,477.600098,69.758614,140.000000,71.000000,-2.318755,-0.017201,2.293624,-0.505479,-0.005000,0.072665,MOVE_LEFT
1934,1774867626.925964,316.354156,478.020081,70.035805,141.000000,71.000000,-2.310574,-0.014135,2.284546,-0.505697,-0.004125,0.072954,MOVE_LEFT
1935,1774867626.995601,316.253265,478.314056,70.046509,141.000000,71.000000,-2.310941,-0.012034,2.284197,-0.505854,-0.003512,0.072965,MOVE_LEFT
1936,1774867627.061158,316.181580,478.669830,70.030449,141.000000,71.000000,-2.311983,-0.009497,2.284720,-0.505966,-0.002771,0.072948,MOVE_LEFT
1939,1774867627.252670,316.121765,478.768890,70.046516,141.000000,71.000000,-2.311880,-0.008788,2.284196,-0.506060,-0.002565,0.072965,MOVE_LEFT
1940,1774867627.315887,316.079895,478.838226,70.046516,141.000000,71.000000,-2.312179,-0.008293,2.284196,-0.506125,-0.002420,0.072965,MOVE_LEFT
1941,1774867627.386853,315.905914,478.286774,69.758614,140.000000,71.000000,-2.322968,-0.012280,2.293624,-0.506397,-0.003569,0.072665,MOVE_LEFT
1942,1774867627.459636,315.784149,477.900757,69.758614,140.000000,71.000000,-2.323841,-0.015046,2.293624,-0.506587,-0.004373,0.072665,MOVE_LEFT
1943,1774867627.516371,315.710785,477.630524,69.719177,140.000000,71.000000,-2.325682,-0.016993,2.294921,-0.506702,-0.004936,0.072624,MOVE_LEFT
1944,1774867627.580924,315.647552,477.441376,69.758614,140.000000,71.000000,-2.324820,-0.018339,2.293624,-0.506801,-0.005330,0.072665,MOVE_LEFT
1945,1774867627.648888,315.603271,477.458954,69.717384,140.000000,71.000000,-2.326512,-0.018224,2.294980,-0.506870,-0.005294,0.072622,MOVE_LEFT
1946,1774867627.706683,315.572296,477.471252,69.717384,140.000000,71.000000,-2.326735,-0.018136,2.294980,-0.506918,-0.005268,0.072622,MOVE_LEFT
1947,1774867627.770043,315.561401,477.479858,69.681519,140.000000,71.000000,-2.328010,-0.018083,2.296161,-0.506935,-0.005250,0.072585,MOVE_LEFT
1948,1774867627.838295,315.553772,477.485901,69.681519,140.000000,71.000000,-2.328065,-0.018040,2.296161,-0.506947,-0.005238,0.072585,MOVE_LEFT
1949,1774867627.898134,315.548431,477.490112,69.681519,140.000000,71.000000,-2.328103,-0.018010,2.296161,-0.506956,-0.005229,0.072585,MOVE_LEFT
1950,1774867627.954744,315.544678,477.493073,69.681519,140.000000,71.000000,-2.328130,-0.017988,2.296161,-0.506961,-0.005223,0.072585,MOVE_LEFT
1951,1774867628.022778,315.542053,477.495148,69.681519,140.000000,71.000000,-2.328149,-0.017974,2.296161,-0.506966,-0.005218,0.072585,MOVE_LEFT
1952,1774867628.095458,315.540222,477.496613,69.681519,140.000000,71.000000,-2.328162,-0.017963,2.296161,-0.506968,-0.005215,0.072585,MOVE_LEFT
1953,1774867628.154139,315.528168,477.497620,69.645630,140.000000,71.000000,-2.329449,-0.017965,2.297344,-0.506987,-0.005213,0.072548,MOVE_LEFT
1954,1774867628.212217,315.519714,477.498322,69.645630,140.000000,71.000000,-2.329509,-0.017960,2.297344,-0.507000,-0.005212,0.072548,MOVE_LEFT
1955,1774867628.282391,315.513794,477.498810,69.645630,140.000000,71.000000,-2.329552,-0.017957,2.297344,-0.507010,-0.005211,0.072548,MOVE_LEFT
1956,1774867628.342620,315.509644,477.499176,69.645630,140.000000,70.000000,-2.329582,-0.017954,2.297344,-0.507016,-0.005210,0.072548,MOVE_LEFT
1957,1774867628.402822,315.517548,477.499420,69.681519,140.000000,70.000000,-2.328325,-0.017943,2.296161,-0.507004,-0.005210,0.072585,MOVE_LEFT
1958,1774867628.462401,315.523071,477.499603,69.681519,140.000000,70.000000,-2.328285,-0.017942,2.296161,-0.506995,-0.005209,0.072585,MOVE_LEFT
1959,1774867628.523258,315.526947,477.499725,69.681519,140.000000,70.000000,-2.328258,-0.017941,2.296161,-0.506989,-0.005209,0.072585,MOVE_LEFT
1960,1774867628.581475,315.529663,477.499817,69.681519,140.000000,70.000000,-2.328238,-0.017940,2.296161,-0.506985,-0.005209,0.072585,MOVE_LEFT
1961,1774867628.645037,315.520752,477.349884,69.679726,140.000000,71.000000,-2.328362,-0.019016,2.296220,-0.506999,-0.005521,0.072583,MOVE_LEFT
1962,1774867628.699378,315.514526,477.244934,69.679726,140.000000,71.000000,-2.328407,-0.019769,2.296220,-0.507009,-0.005740,0.072583,MOVE_LEFT
1963,1774867628.746983,315.522034,477.171448,69.719177,140.000000,71.000000,-2.327035,-0.020285,2.294921,-0.506997,-0.005893,0.072624,MOVE_LEFT
1964,1774867628.802042,315.527283,477.120026,69.719177,140.000000,71.000000,-2.326998,-0.020654,2.294921,-0.506989,-0.006000,0.072624,MOVE_LEFT
1965,1774867628.862512,315.530975,477.084015,69.719177,140.000000,71.000000,-2.326971,-0.020912,2.294921,-0.506983,-0.006075,0.072624,MOVE_LEFT
1966,1774867628.905160,315.533569,477.058807,69.719177,140.000000,71.000000,-2.326953,-0.021093,2.294921,-0.506979,-0.006127,0.072624,MOVE_LEFT
1967,1774867628.965464,315.536438,476.891174,69.760429,140.000000,71.000000,-2.325556,-0.022282,2.293564,-0.506974,-0.006477,0.072667,MOVE_LEFT
1968,1774867629.036042,315.557861,476.773834,69.695953,140.000000,70.000000,-2.327554,-0.023145,2.295686,-0.506941,-0.006721,0.072600,MOVE_LEFT
1969,1774867629.088889,315.690491,477.141663,70.028664,141.000000,70.000000,-2.315548,-0.020408,2.284779,-0.506734,-0.005955,0.072947,MOVE_LEFT
1970,1774867629.141182,315.783325,477.549133,70.016167,141.000000,70.000000,-2.315299,-0.017502,2.285187,-0.506589,-0.005106,0.072934,MOVE_LEFT
1971,1774867629.200858,315.851532,477.984406,70.017952,141.000000,70.000000,-2.314753,-0.014393,2.285128,-0.506482,-0.004199,0.072935,MOVE_LEFT
1972,1774867629.249559,315.900360,478.289093,70.014381,141.000000,70.000000,-2.314522,-0.012218,2.285245,-0.506406,-0.003564,0.072932,MOVE_LEFT
1973,1774867629.294757,316.080261,477.752380,69.717384,140.000000,70.000000,-2.323092,-0.016120,2.294980,-0.506125,-0.004683,0.072622,MOVE_LEFT
1974,1774867629.354795,316.206177,477.376678,69.717384,140.000000,70.000000,-2.322189,-0.018814,2.294980,-0.505928,-0.005465,0.072622,MOVE_LEFT
1975,1774867629.415416,316.294312,477.263672,69.679726,140.000000,70.000000,-2.322811,-0.019635,2.296220,-0.505790,-0.005701,0.072583,MOVE_LEFT
1976,1774867629.459744,316.356018,477.184570,69.679726,140.000000,70.000000,-2.322368,-0.020203,2.296220,-0.505694,-0.005865,0.072583,MOVE_LEFT
1977,1774867629.516983,316.399200,477.129211,69.679726,140.000000,70.000000,-2.322059,-0.020600,2.296220,-0.505626,-0.005981,0.072583,MOVE_LEFT
1978,1774867629.580236,316.429443,477.090454,69.615112,140.000000,70.000000,-2.323997,-0.020897,2.298352,-0.505579,-0.006062,0.072516,MOVE_LEFT
1979,1774867629.628412,316.450623,477.063324,69.615112,140.000000,70.000000,-2.323844,-0.021092,2.298352,-0.505546,-0.006118,0.072516,MOVE_LEFT
1980,1774867629.679339,316.465424,477.044342,69.615112,140.000000,70.000000,-2.323738,-0.021229,2.298352,-0.505523,-0.006158,0.072516,MOVE_LEFT
1981,1774867629.739806,316.475800,477.031036,69.615112,140.000000,70.000000,-2.323664,-0.021324,2.298352,-0.505507,-0.006185,0.072516,MOVE_LEFT
1982,1774867629.799901,316.483063,477.021729,69.615112,140.000000,70.000000,-2.323611,-0.021391,2.298352,-0.505495,-0.006205,0.072516,MOVE_LEFT
1983,1774867629.846169,316.488159,477.015198,69.679726,140.000000,70.000000,-2.321420,-0.021418,2.296220,-0.505487,-0.006218,0.072583,MOVE_LEFT
1984,1774867629.892256,316.501404,477.010651,69.647438,140.000000,70.000000,-2.322401,-0.021461,2.297285,-0.505467,-0.006228,0.072549,MOVE_LEFT
1985,1774867629.953166,316.518250,477.007446,69.622322,140.000000,70.000000,-2.323118,-0.021491,2.298114,-0.505440,-0.006234,0.072523,MOVE_LEFT
1986,1774867630.004365,316.524658,477.005219,69.719177,140.000000,70.000000,-2.319845,-0.021477,2.294921,-0.505430,-0.006239,0.072624,MOVE_LEFT
1987,1774867630.056700,316.667267,477.753662,70.001884,141.000000,70.000000,-2.309457,-0.016045,2.285653,-0.505207,-0.004680,0.072919,MOVE_LEFT
1988,1774867630.117113,316.899811,477.527557,69.622322,140.000000,70.000000,-2.320378,-0.017756,2.298114,-0.504844,-0.005151,0.072523,MOVE_LEFT
1990,1774867630.240258,317.079865,477.519287,69.645630,140.000000,70.000000,-2.318309,-0.017810,2.297344,-0.504563,-0.005168,0.072548,MOVE_LEFT
1991,1774867630.281001,317.205902,477.513489,69.645630,140.000000,70.000000,-2.317404,-0.017851,2.297344,-0.504366,-0.005180,0.072548,MOVE_LEFT
1992,1774867630.342258,317.294128,477.509430,69.588173,140.000000,70.000000,-2.318683,-0.017895,2.299241,-0.504228,-0.005189,0.072488,MOVE_LEFT
1993,1774867630.410680,317.355896,477.506592,69.588173,140.000000,70.000000,-2.318240,-0.017915,2.299241,-0.504131,-0.005195,0.072488,MOVE_LEFT
1994,1774867630.468882,317.407776,477.504608,69.616913,140.000000,70.000000,-2.316910,-0.017922,2.298292,-0.504050,-0.005199,0.072518,MOVE_LEFT
1995,1774867630.539326,317.450562,477.503235,69.595383,140.000000,70.000000,-2.317319,-0.017938,2.299003,-0.503983,-0.005202,0.072495,MOVE_LEFT
1996,1774867630.605200,317.482666,477.352264,69.622314,140.000000,69.000000,-2.316192,-0.019015,2.298114,-0.503933,-0.005516,0.072523,MOVE_LEFT
1997,1774867630.661202,317.513763,477.096588,69.631317,140.000000,69.000000,-2.315670,-0.020848,2.297817,-0.503885,-0.006049,0.072533,MOVE_LEFT
1998,1774867630.725429,317.659637,476.917633,69.218956,139.000000,69.000000,-2.328411,-0.022265,2.311506,-0.503657,-0.006422,0.072103,MOVE_LEFT
1999,1774867630.798318,317.885834,476.792358,69.631325,140.000000,69.000000,-2.312998,-0.023033,2.297816,-0.503303,-0.006683,0.072533,MOVE_LEFT
2000,1774867630.859863,318.070068,476.704651,69.645630,140.000000,69.000000,-2.311200,-0.023658,2.297344,-0.503016,-0.006865,0.072548,MOVE_LEFT
2001,1774867630.918763,318.199036,476.643250,69.645630,140.000000,69.000000,-2.310274,-0.024099,2.297344,-0.502814,-0.006993,0.072548,MOVE_LEFT
2002,1774867630.984742,318.282837,476.600281,69.566628,140.000000,69.000000,-2.312295,-0.024435,2.299953,-0.502683,-0.007083,0.072465,MOVE_LEFT
2003,1774867631.047048,318.347992,476.570190,69.588173,140.000000,69.000000,-2.311111,-0.024644,2.299241,-0.502581,-0.007145,0.072488,MOVE_LEFT
2004,1774867631.092195,318.393616,476.699127,69.564819,140.000000,69.000000,-2.311559,-0.023725,2.300013,-0.502510,-0.006877,0.072463,MOVE_LEFT
2005,1774867631.146395,318.425537,476.789398,69.564819,140.000000,69.000000,-2.311330,-0.023076,2.300013,-0.502460,-0.006689,0.072463,MOVE_LEFT
2006,1774867631.204221,318.460815,476.852570,69.572029,140.000000,69.000000,-2.310837,-0.022620,2.299775,-0.502405,-0.006557,0.072471,MOVE_LEFT
2007,1774867631.259961,318.487671,476.746796,69.595383,140.000000,69.000000,-2.309868,-0.023372,2.299003,-0.502363,-0.006778,0.072495,MOVE_LEFT
2008,1774867631.305787,318.506470,476.672760,69.595383,140.000000,69.000000,-2.309733,-0.023904,2.299003,-0.502334,-0.006932,0.072495,MOVE_LEFT
2009,1774867631.361112,318.519653,476.620941,69.595383,140.000000,68.000000,-2.309638,-0.024276,2.299003,-0.502313,-0.007040,0.072495,MOVE_LEFT
2010,1774867631.421571,318.536438,476.434631,69.604385,140.000000,68.000000,-2.309219,-0.025612,2.298706,-0.502287,-0.007428,0.072505,MOVE_LEFT
2011,1774867631.462045,318.675507,476.154236,69.218956,139.000000,68.000000,-2.321073,-0.027780,2.311506,-0.502070,-0.008012,0.072103,MOVE_LEFT
2012,1774867631.519062,318.772858,475.957947,69.218956,139.000000,69.000000,-2.320370,-0.029198,2.311506,-0.501917,-0.008421,0.072103,MOVE_LEFT
2013,1774867631.579702,318.968323,475.970581,69.604370,140.000000,69.000000,-2.306117,-0.028945,2.298706,-0.501612,-0.008395,0.072505,MOVE_LEFT
2014,1774867631.624424,319.114868,475.979431,69.572029,140.000000,69.000000,-2.306136,-0.028895,2.299775,-0.501383,-0.008376,0.072471,MOVE_LEFT
2015,1774867631.678691,319.222839,475.985596,69.589973,140.000000,69.000000,-2.304766,-0.028843,2.299182,-0.501214,-0.008363,0.072490,MOVE_LEFT
2016,1774867631.743533,319.299500,476.139923,69.566628,140.000000,69.000000,-2.304988,-0.027744,2.299953,-0.501095,-0.008042,0.072465,MOVE_LEFT
2017,1774867631.799413,319.359650,476.247955,69.588173,140.000000,69.000000,-2.303842,-0.026959,2.299241,-0.501001,-0.007817,0.072488,MOVE_LEFT
2018,1774867631.860570,319.401764,476.473572,69.564819,140.000000,69.000000,-2.304313,-0.025346,2.300013,-0.500935,-0.007347,0.072463,MOVE_LEFT
2019,1774867631.921774,319.431244,476.631500,69.564819,140.000000,69.000000,-2.304101,-0.024211,2.300013,-0.500889,-0.007018,0.072463,MOVE_LEFT
2020,1774867631.987141,319.451874,477.042053,69.564819,140.000000,69.000000,-2.303953,-0.021260,2.300013,-0.500856,-0.006162,0.072463,MOVE_LEFT
2021,1774867632.050046,319.466309,477.179443,69.588173,140.000000,69.000000,-2.303076,-0.020266,2.299241,-0.500834,-0.005876,0.072488,MOVE_LEFT
2022,1774867632.098040,319.476440,477.275604,69.588173,140.000000,69.000000,-2.303003,-0.019575,2.299241,-0.500818,-0.005676,0.072488,MOVE_LEFT
2023,1774867632.159342,319.483521,477.342926,69.588173,140.000000,69.000000,-2.302952,-0.019091,2.299241,-0.500807,-0.005536,0.072488,MOVE_LEFT
2024,1774867632.227600,319.488464,477.390045,69.588173,140.000000,69.000000,-2.302917,-0.018753,2.299241,-0.500799,-0.005437,0.072488,MOVE_LEFT
2025,1774867632.287882,319.500549,477.423035,69.616913,140.000000,69.000000,-2.301879,-0.018508,2.298292,-0.500780,-0.005369,0.072518,MOVE_LEFT
2026,1774867632.344436,319.515503,477.446106,69.595375,140.000000,69.000000,-2.302484,-0.018348,2.299003,-0.500757,-0.005321,0.072495,MOVE_LEFT
2027,1774867632.415103,319.660828,477.462280,69.146683,139.000000,69.000000,-2.316374,-0.018350,2.313922,-0.500530,-0.005287,0.072028,MOVE_LEFT
2028,1774867632.480238,319.762573,477.623596,69.181023,139.000000,69.000000,-2.314489,-0.017175,2.312773,-0.500371,-0.004951,0.072064,MOVE_LEFT
2029,1774867632.528237,319.964386,477.886536,69.581009,140.000000,69.000000,-2.299734,-0.015187,2.299478,-0.500056,-0.004403,0.072480,MOVE_LEFT
2030,1774867632.586594,320.112122,478.220581,69.572029,140.000000,68.000000,-2.298969,-0.012788,2.299775,-0.499825,-0.003707,0.072471,MOVE_LEFT
2031,1774867632.653818,320.222015,478.604401,69.566628,140.000000,69.000000,-2.298358,-0.010031,2.299953,-0.499653,-0.002907,0.072465,MOVE_LEFT
2032,1774867632.717882,320.298950,478.873077,69.566628,140.000000,69.000000,-2.297805,-0.008100,2.299953,-0.499533,-0.002348,0.072465,MOVE_LEFT
2033,1774867632.779215,320.353882,479.211151,69.546860,140.000000,69.000000,-2.298063,-0.005671,2.300607,-0.499447,-0.001643,0.072445,MOVE_LEFT
2034,1774867632.852810,320.397705,479.447815,69.564819,140.000000,69.000000,-2.297155,-0.003969,2.300013,-0.499379,-0.001150,0.072463,MOVE_LEFT
2035,1774867632.925376,320.428406,479.613464,69.564819,140.000000,69.000000,-2.296934,-0.002778,2.300013,-0.499331,-0.000805,0.072463,MOVE_LEFT
2036,1774867632.976213,320.449890,479.579437,69.588173,140.000000,69.000000,-2.296009,-0.003022,2.299241,-0.499297,-0.000876,0.072488,MOVE_LEFT
2037,1774867633.043039,320.471405,479.555603,69.566612,140.000000,69.000000,-2.296566,-0.003194,2.299954,-0.499263,-0.000926,0.072465,MOVE_LEFT
2038,1774867633.110705,320.495087,479.538910,69.595383,140.000000,69.000000,-2.295446,-0.003313,2.299003,-0.499226,-0.000961,0.072495,MOVE_LEFT
2039,1774867633.168390,320.511658,479.527252,69.595383,140.000000,69.000000,-2.295327,-0.003396,2.299003,-0.499201,-0.000985,0.072495,MOVE_LEFT
2040,1774867633.233815,320.658142,479.369080,69.181023,139.000000,69.000000,-2.308016,-0.004560,2.312773,-0.498972,-0.001314,0.072064,MOVE_LEFT
2041,1774867633.304280,320.760681,479.258362,69.181023,139.000000,69.000000,-2.307275,-0.005360,2.312773,-0.498811,-0.001545,0.072064,MOVE_LEFT
2042,1774867633.353528,320.963043,479.330841,69.581024,140.000000,69.000000,-2.292557,-0.004808,2.299478,-0.498495,-0.001394,0.072480,MOVE_LEFT
2043,1774867633.400724,321.104706,479.381592,69.581024,140.000000,69.000000,-2.291539,-0.004444,2.299478,-0.498274,-0.001288,0.072480,MOVE_LEFT
2044,1774867633.460660,321.216827,479.417114,69.566628,140.000000,69.000000,-2.291208,-0.004189,2.299953,-0.498099,-0.001214,0.072465,MOVE_LEFT
2045,1774867633.521304,321.295319,479.441986,69.566628,140.000000,69.000000,-2.290643,-0.004011,2.299953,-0.497976,-0.001163,0.072465,MOVE_LEFT
2046,1774867633.581759,321.356720,479.459381,69.545052,140.000000,68.000000,-2.290913,-0.003887,2.300667,-0.497880,-0.001126,0.072443,MOVE_LEFT
2047,1774867633.633868,321.399719,479.471558,69.545052,140.000000,68.000000,-2.290604,-0.003799,2.300667,-0.497813,-0.001101,0.072443,MOVE_LEFT
2048,1774867633.680949,321.429810,479.480103,69.545052,140.000000,69.000000,-2.290387,-0.003738,2.300667,-0.497766,-0.001083,0.072443,MOVE_LEFT
2049,1774867633.744765,321.450867,479.486084,69.588173,140.000000,69.000000,-2.288817,-0.003693,2.299241,-0.497733,-0.001071,0.072488,MOVE_LEFT
2050,1774867633.810740,321.478577,479.340271,69.572029,140.000000,69.000000,-2.289149,-0.004741,2.299775,-0.497690,-0.001374,0.072471,MOVE_LEFT
2051,1774867633.871068,321.635010,478.938171,69.181023,139.000000,69.000000,-2.300956,-0.007674,2.312773,-0.497445,-0.002212,0.072064,MOVE_LEFT
2052,1774867633.929575,321.744507,478.656738,69.181023,139.000000,69.000000,-2.300165,-0.009708,2.312773,-0.497274,-0.002798,0.072064,MOVE_LEFT
2053,1774867633.995491,321.821167,478.459717,69.181023,139.000000,69.000000,-2.299611,-0.011132,2.312773,-0.497154,-0.003209,0.072064,MOVE_LEFT
2054,1774867634.067742,321.874817,478.321777,69.181023,139.000000,69.000000,-2.299223,-0.012129,2.312773,-0.497071,-0.003496,0.072064,MOVE_LEFT
2055,1774867634.126837,321.912354,478.075226,69.218956,139.000000,69.000000,-2.297692,-0.013904,2.311506,-0.497012,-0.004010,0.072103,MOVE_LEFT
2056,1774867634.192759,322.083252,478.052673,69.546860,140.000000,68.000000,-2.285630,-0.014000,2.300607,-0.496745,-0.004057,0.072445,MOVE_LEFT
2057,1774867634.264943,322.208282,478.186890,69.545052,140.000000,69.000000,-2.284790,-0.013036,2.300667,-0.496550,-0.003777,0.072443,MOVE_LEFT
2058,1774867634.320857,322.295807,478.430817,69.528870,140.000000,69.000000,-2.284693,-0.011284,2.301202,-0.496413,-0.003269,0.072426,MOVE_LEFT
2059,1774867634.368300,322.361389,478.451599,69.530655,140.000000,69.000000,-2.284162,-0.011135,2.301143,-0.496310,-0.003226,0.072428,MOVE_LEFT
2060,1774867634.427648,322.402985,478.466125,69.588173,140.000000,69.000000,-2.281976,-0.011021,2.299241,-0.496245,-0.003196,0.072488,MOVE_LEFT
2061,1774867634.489964,322.582092,477.876282,69.218956,139.000000,69.000000,-2.292854,-0.015341,2.311506,-0.495965,-0.004424,0.072103,MOVE_LEFT
2062,1774867634.548714,322.707458,477.613403,69.181023,139.000000,69.000000,-2.293205,-0.017249,2.312773,-0.495770,-0.004972,0.072064,MOVE_LEFT
2063,1774867634.606382,322.795227,477.429382,69.181023,139.000000,69.000000,-2.292571,-0.018579,2.312773,-0.495632,-0.005355,0.072064,MOVE_LEFT
2064,1774867634.661257,322.856659,477.450562,69.146683,139.000000,69.000000,-2.293265,-0.018435,2.313922,-0.495536,-0.005311,0.072028,MOVE_LEFT
2065,1774867634.704559,322.899658,477.315399,69.181023,139.000000,70.000000,-2.291816,-0.019403,2.312773,-0.495469,-0.005593,0.072064,MOVE_LEFT
2066,1774867634.770891,322.929749,477.070801,69.218956,139.000000,70.000000,-2.290343,-0.021159,2.311506,-0.495422,-0.006102,0.072103,MOVE_LEFT
2067,1774867634.825740,322.961700,476.899567,69.182846,139.000000,70.000000,-2.291307,-0.022408,2.312712,-0.495372,-0.006459,0.072065,MOVE_LEFT
2068,1774867634.879895,323.118866,477.079681,69.530685,140.000000,70.000000,-2.278714,-0.021000,2.301142,-0.495127,-0.006084,0.072428,MOVE_LEFT
2069,1774867634.965390,323.233215,477.205780,69.545052,140.000000,70.000000,-2.277421,-0.020089,2.300667,-0.494948,-0.005821,0.072443,MOVE_LEFT
2070,1774867635.027463,323.313232,477.444031,69.528870,140.000000,70.000000,-2.277376,-0.018381,2.301202,-0.494823,-0.005325,0.072426,MOVE_LEFT
2071,1774867635.094560,323.369263,477.610840,69.528870,140.000000,70.000000,-2.276973,-0.017181,2.301202,-0.494736,-0.004977,0.072426,MOVE_LEFT
2072,1774867635.145640,323.412781,477.877563,69.530655,140.000000,70.000000,-2.276602,-0.015263,2.301143,-0.494668,-0.004422,0.072428,MOVE_LEFT
2073,1774867635.199393,323.447571,477.914307,69.536072,140.000000,70.000000,-2.276174,-0.014997,2.300964,-0.494613,-0.004345,0.072433,MOVE_LEFT
2074,1774867635.256786,323.613312,477.490021,69.218956,139.000000,70.000000,-2.285405,-0.018131,2.311506,-0.494354,-0.005229,0.072103,MOVE_LEFT
2075,1774867635.313543,323.729309,477.193024,69.218956,139.000000,70.000000,-2.284567,-0.020276,2.311506,-0.494173,-0.005848,0.072103,MOVE_LEFT
2076,1774867635.361269,323.810516,477.135132,69.181023,139.000000,70.000000,-2.285233,-0.020706,2.312773,-0.494046,-0.005968,0.072064,MOVE_LEFT
2077,1774867635.414583,323.857574,477.094604,69.148483,139.000000,70.000000,-2.285968,-0.021008,2.313861,-0.493973,-0.006053,0.072030,MOVE_LEFT
2078,1774867635.474916,323.890503,477.066223,69.148483,139.000000,70.000000,-2.285730,-0.021214,2.313861,-0.493921,-0.006112,0.072030,MOVE_LEFT
2079,1774867635.539465,323.913574,477.046356,69.148483,139.000000,69.000000,-2.285563,-0.021357,2.313861,-0.493885,-0.006153,0.072030,MOVE_LEFT
2080,1774867635.589625,323.939514,477.182434,69.146683,139.000000,70.000000,-2.285435,-0.020374,2.313922,-0.493845,-0.005870,0.072028,MOVE_LEFT
2081,1774867635.645490,323.957672,477.277710,69.146683,139.000000,70.000000,-2.285304,-0.019685,2.313922,-0.493816,-0.005671,0.072028,MOVE_LEFT
2082,1774867635.704584,323.970367,477.344391,69.146683,139.000000,70.000000,-2.285212,-0.019203,2.313922,-0.493796,-0.005533,0.072028,MOVE_LEFT
2083,1774867635.764026,323.979248,477.391083,69.146683,139.000000,70.000000,-2.285148,-0.018865,2.313922,-0.493782,-0.005435,0.072028,MOVE_LEFT
2084,1774867635.822138,323.975708,477.573792,69.148483,139.000000,70.000000,-2.285114,-0.017543,2.313861,-0.493788,-0.005055,0.072030,MOVE_LEFT
2085,1774867635.867591,323.973206,477.701660,69.148483,139.000000,70.000000,-2.285132,-0.016619,2.313861,-0.493792,-0.004788,0.072030,MOVE_LEFT
2086,1774867635.920272,323.971436,477.791138,69.148483,139.000000,70.000000,-2.285145,-0.015972,2.313861,-0.493795,-0.004602,0.072030,MOVE_LEFT
2087,1774867635.982684,323.970215,477.853821,69.148483,139.000000,70.000000,-2.285153,-0.015519,2.313861,-0.493797,-0.004471,0.072030,MOVE_LEFT
2088,1774867636.033298,323.969360,477.897705,69.148483,139.000000,71.000000,-2.285160,-0.015201,2.313861,-0.493798,-0.004380,0.072030,MOVE_LEFT
2089,1774867636.083740,323.968750,477.928406,69.148483,139.000000,71.000000,-2.285164,-0.014979,2.313861,-0.493799,-0.004316,0.072030,MOVE_LEFT
2090,1774867636.141622,323.968323,477.949890,69.148483,139.000000,71.000000,-2.285167,-0.014824,2.313861,-0.493800,-0.004271,0.072030,MOVE_LEFT
2091,1774867636.206218,323.965881,477.964905,69.220772,139.000000,71.000000,-2.282798,-0.014700,2.311445,-0.493803,-0.004240,0.072105,MOVE_LEFT
2092,1774867636.268105,323.964172,477.975464,69.220772,139.000000,71.000000,-2.282811,-0.014624,2.311445,-0.493806,-0.004218,0.072105,MOVE_LEFT
2093,1774867636.313853,323.962952,477.982849,69.220772,139.000000,71.000000,-2.282819,-0.014570,2.311445,-0.493808,-0.004202,0.072105,MOVE_LEFT
2094,1774867636.372812,323.824066,478.138000,69.588173,140.000000,71.000000,-2.271765,-0.013379,2.299241,-0.494025,-0.003879,0.072488,MOVE_LEFT
2095,1774867636.432321,323.726868,478.396606,69.564819,140.000000,71.000000,-2.273226,-0.011524,2.300013,-0.494177,-0.003340,0.072463,MOVE_LEFT
2096,1774867636.495245,323.658813,478.727631,69.588173,140.000000,71.000000,-2.272952,-0.009142,2.299241,-0.494283,-0.002651,0.072488,MOVE_LEFT
2097,1774867636.537371,323.611176,478.809357,69.564819,140.000000,71.000000,-2.274058,-0.008558,2.300013,-0.494358,-0.002481,0.072463,MOVE_LEFT
2098,1774867636.598692,323.577820,479.016541,69.545052,140.000000,71.000000,-2.274944,-0.007071,2.300667,-0.494410,-0.002049,0.072443,MOVE_LEFT
2101,1774867636.768908,323.541534,479.011597,69.572006,140.000000,71.000000,-2.274323,-0.007103,2.299776,-0.494466,-0.002059,0.072471,MOVE_LEFT
2102,1774867636.833176,323.516113,479.008118,69.572006,140.000000,71.000000,-2.274506,-0.007128,2.299776,-0.494506,-0.002066,0.072471,MOVE_LEFT
2103,1774867636.887951,323.496155,478.855652,69.595375,140.000000,71.000000,-2.273886,-0.008221,2.299003,-0.494537,-0.002384,0.072495,MOVE_LEFT
2104,1774867636.938188,323.488678,478.748962,69.616913,140.000000,72.000000,-2.273236,-0.008985,2.298292,-0.494549,-0.002606,0.072518,MOVE_LEFT
2105,1774867636.994673,323.492065,478.374268,69.645630,140.000000,71.000000,-2.272274,-0.011671,2.297344,-0.494544,-0.003387,0.072548,MOVE_LEFT
2106,1774867637.044062,323.479340,478.111969,69.595375,140.000000,71.000000,-2.274006,-0.013564,2.299003,-0.494564,-0.003933,0.072495,MOVE_LEFT
2107,1774867637.094091,323.466125,477.928375,69.581024,140.000000,71.000000,-2.274570,-0.014886,2.299478,-0.494584,-0.004316,0.072480,MOVE_LEFT
2108,1774867637.158775,323.326294,477.199890,69.305580,139.000000,71.000000,-2.284619,-0.020201,2.308616,-0.494803,-0.005834,0.072193,MOVE_LEFT
2109,1774867637.219481,323.228394,476.689941,69.305580,139.000000,72.000000,-2.285325,-0.023880,2.308616,-0.494956,-0.006896,0.072193,MOVE_LEFT
2110,1774867637.288197,323.172913,476.332947,69.262283,139.000000,71.000000,-2.287155,-0.026472,2.310060,-0.495042,-0.007640,0.072148,MOVE_LEFT
2111,1774867637.349066,323.135162,475.933044,69.307411,139.000000,71.000000,-2.285938,-0.029340,2.308555,-0.495101,-0.008473,0.072195,MOVE_LEFT
2112,1774867637.406907,323.094604,475.503143,69.305580,139.000000,71.000000,-2.286291,-0.032442,2.308616,-0.495165,-0.009368,0.072193,MOVE_LEFT
2113,1774867637.462704,323.066223,475.202209,69.305580,139.000000,72.000000,-2.286495,-0.034613,2.308616,-0.495209,-0.009995,0.072193,MOVE_LEFT
2114,1774867637.505412,323.181244,475.291565,69.595383,140.000000,72.000000,-2.276148,-0.033827,2.299003,-0.495029,-0.009809,0.072495,MOVE_LEFT
2115,1774867637.562295,323.268250,475.354126,69.616913,140.000000,71.000000,-2.274819,-0.033367,2.298292,-0.494893,-0.009679,0.072518,MOVE_LEFT
2116,1774867637.620942,323.337769,475.397888,69.645630,140.000000,71.000000,-2.273382,-0.033039,2.297344,-0.494785,-0.009588,0.072548,MOVE_LEFT
2117,1774867637.671725,323.386444,475.428528,69.645630,140.000000,72.000000,-2.273032,-0.032820,2.297344,-0.494709,-0.009524,0.072548,MOVE_LEFT
2118,1774867637.721048,323.420532,475.449951,69.588173,140.000000,72.000000,-2.274664,-0.032693,2.299241,-0.494655,-0.009479,0.072488,MOVE_LEFT
2127,1774867638.255125,323.450836,475.464966,69.566612,140.000000,73.000000,-2.275151,-0.032595,2.299954,-0.494608,-0.009448,0.072465,MOVE_LEFT
2128,1774867638.316755,323.472076,475.475464,69.566612,140.000000,73.000000,-2.274999,-0.032519,2.299954,-0.494575,-0.009426,0.072465,MOVE_LEFT
2129,1774867638.375601,323.486938,475.482849,69.566612,140.000000,72.000000,-2.274892,-0.032466,2.299954,-0.494552,-0.009411,0.072465,MOVE_LEFT
2130,1774867638.425814,323.497345,475.487976,69.566612,140.000000,72.000000,-2.274817,-0.032430,2.299954,-0.494535,-0.009400,0.072465,MOVE_LEFT
2131,1774867638.475992,323.498138,475.491577,69.588173,140.000000,72.000000,-2.274107,-0.032394,2.299241,-0.494534,-0.009393,0.072488,MOVE_LEFT
2132,1774867638.540233,323.498718,475.494080,69.588173,140.000000,72.000000,-2.274103,-0.032376,2.299241,-0.494533,-0.009387,0.072488,MOVE_LEFT
2133,1774867638.593925,323.499084,475.495850,69.588173,140.000000,72.000000,-2.274100,-0.032363,2.299241,-0.494533,-0.009384,0.072488,MOVE_LEFT
2134,1774867638.648151,323.499359,475.497070,69.588173,140.000000,73.000000,-2.274098,-0.032354,2.299241,-0.494532,-0.009381,0.072488,MOVE_LEFT
2135,1774867638.708509,323.490936,475.497925,69.616913,140.000000,73.000000,-2.273220,-0.032335,2.298292,-0.494545,-0.009379,0.072518,MOVE_LEFT
2136,1774867638.765078,323.485016,475.498535,69.616913,140.000000,73.000000,-2.273262,-0.032330,2.298292,-0.494555,-0.009378,0.072518,MOVE_LEFT
2137,1774867638.826857,323.354736,475.198975,69.356087,139.000000,73.000000,-2.282750,-0.034611,2.306935,-0.494758,-0.010002,0.072246,MOVE_LEFT
2138,1774867638.897829,323.263550,474.989288,69.356087,139.000000,73.000000,-2.283408,-0.036123,2.306935,-0.494901,-0.010439,0.072246,MOVE_LEFT
2139,1774867638.944267,323.198608,474.992493,69.307411,139.000000,73.000000,-2.285480,-0.036125,2.308555,-0.495002,-0.010432,0.072195,MOVE_LEFT
2140,1774867638.992657,323.153168,474.994751,69.307411,139.000000,73.000000,-2.285808,-0.036109,2.308555,-0.495073,-0.010428,0.072195,MOVE_LEFT
2141,1774867639.054185,323.107208,474.996307,69.354263,139.000000,73.000000,-2.284595,-0.036073,2.306996,-0.495145,-0.010424,0.072244,MOVE_LEFT
2142,1774867639.113714,322.950958,475.147400,69.631325,140.000000,73.000000,-2.276627,-0.034845,2.297816,-0.495389,-0.010110,0.072533,MOVE_LEFT
2143,1774867639.159495,322.826477,475.253174,69.681534,140.000000,73.000000,-2.275879,-0.034061,2.296161,-0.495584,-0.009889,0.072585,MOVE_LEFT
2144,1774867639.211633,322.728546,475.477234,69.679726,140.000000,73.000000,-2.276641,-0.032454,2.296220,-0.495737,-0.009422,0.072583,MOVE_LEFT
2145,1774867639.269981,322.659973,475.784058,69.645630,140.000000,73.000000,-2.278248,-0.030267,2.297344,-0.495844,-0.008783,0.072548,MOVE_LEFT
2146,1774867639.331565,322.612000,476.148834,69.615112,140.000000,73.000000,-2.279591,-0.027660,2.298352,-0.495919,-0.008023,0.072516,MOVE_LEFT
2147,1774867639.386813,322.578400,476.254181,69.645630,140.000000,73.000000,-2.278834,-0.026892,2.297344,-0.495971,-0.007804,0.072548,MOVE_LEFT
2148,1774867639.430726,322.544067,476.327942,69.681519,140.000000,73.000000,-2.277906,-0.026349,2.296161,-0.496025,-0.007650,0.072585,MOVE_LEFT
2149,1774867639.495111,322.520050,476.379578,69.681519,140.000000,74.000000,-2.278079,-0.025978,2.296161,-0.496062,-0.007543,0.072585,MOVE_LEFT
2150,1774867639.551382,322.490295,476.415710,69.724602,140.000000,73.000000,-2.276884,-0.025703,2.294742,-0.496109,-0.007467,0.072630,MOVE_LEFT
2151,1774867639.601956,322.343201,476.140991,69.406509,139.000000,73.000000,-2.288379,-0.027800,2.305259,-0.496339,-0.008040,0.072298,MOVE_LEFT
2152,1774867639.653953,322.133423,476.098694,69.708565,140.000000,73.000000,-2.279968,-0.027983,2.295270,-0.496667,-0.008128,0.072613,MOVE_LEFT
2153,1774867639.714902,321.967133,476.219086,69.724602,140.000000,73.000000,-2.280636,-0.027113,2.294742,-0.496926,-0.007877,0.072630,MOVE_LEFT
2154,1774867639.774784,321.826996,476.153381,69.758614,140.000000,73.000000,-2.280528,-0.027571,2.293624,-0.497145,-0.008014,0.072665,MOVE_LEFT
2155,1774867639.828782,321.740784,476.407379,69.719200,140.000000,73.000000,-2.282436,-0.025765,2.294920,-0.497280,-0.007485,0.072624,MOVE_LEFT
2156,1774867639.882135,321.668549,476.585175,69.758614,140.000000,74.000000,-2.281664,-0.024476,2.293624,-0.497393,-0.007114,0.072665,MOVE_LEFT
2157,1774867639.940540,321.617981,476.859619,69.717384,140.000000,74.000000,-2.283376,-0.022522,2.294980,-0.497472,-0.006542,0.072622,MOVE_LEFT
2158,1774867640.006318,321.582581,477.201721,69.679726,140.000000,73.000000,-2.284864,-0.020080,2.296220,-0.497527,-0.005830,0.072583,MOVE_LEFT
2159,1774867640.055008,321.557800,477.441223,69.679726,140.000000,73.000000,-2.285042,-0.018361,2.296220,-0.497566,-0.005331,0.072583,MOVE_LEFT
2160,1774867640.106210,321.540466,477.458862,69.717384,140.000000,73.000000,-2.283932,-0.018225,2.294980,-0.497593,-0.005294,0.072622,MOVE_LEFT
2161,1774867640.164677,321.528320,477.471191,69.717384,140.000000,73.000000,-2.284019,-0.018136,2.294980,-0.497612,-0.005268,0.072622,MOVE_LEFT
2162,1774867640.228664,321.519836,477.479828,69.717384,140.000000,73.000000,-2.284080,-0.018074,2.294980,-0.497625,-0.005250,0.072622,MOVE_LEFT
2163,1774867640.280019,321.513885,477.485870,69.717384,140.000000,73.000000,-2.284123,-0.018031,2.294980,-0.497635,-0.005238,0.072622,MOVE_LEFT
2164,1774867640.341719,321.496765,477.490112,69.760429,140.000000,73.000000,-2.282836,-0.017989,2.293564,-0.497661,-0.005229,0.072667,MOVE_LEFT
2165,1774867640.392889,321.484802,477.493073,69.760429,140.000000,73.000000,-2.282922,-0.017968,2.293564,-0.497680,-0.005223,0.072667,MOVE_LEFT
2166,1774867640.450531,321.476410,477.495148,69.760429,140.000000,73.000000,-2.282982,-0.017953,2.293564,-0.497693,-0.005218,0.072667,MOVE_LEFT
2167,1774867640.511353,321.470520,477.496613,69.760429,140.000000,73.000000,-2.283024,-0.017943,2.293564,-0.497702,-0.005215,0.072667,MOVE_LEFT
2168,1774867640.552815,321.340088,478.097626,70.051865,141.000000,73.000000,-2.274457,-0.013578,2.284022,-0.497906,-0.003963,0.072971,MOVE_LEFT
2169,1774867640.610327,321.248779,478.518341,70.051865,141.000000,73.000000,-2.275109,-0.010575,2.284022,-0.498049,-0.003087,0.072971,MOVE_LEFT
2170,1774867640.675845,321.184875,478.812836,70.051865,141.000000,73.000000,-2.275565,-0.008473,2.284022,-0.498149,-0.002473,0.072971,MOVE_LEFT
2171,1774867640.739703,321.140137,479.018982,70.051865,141.000000,73.000000,-2.275884,-0.007002,2.284022,-0.498219,-0.002044,0.072971,MOVE_LEFT
2172,1774867640.789053,321.108826,479.163300,70.051865,141.000000,73.000000,-2.276108,-0.005972,2.284022,-0.498267,-0.001743,0.072971,MOVE_LEFT
2173,1774867640.837789,321.086884,479.264313,70.051865,141.000000,73.000000,-2.276264,-0.005251,2.284022,-0.498302,-0.001533,0.072971,MOVE_LEFT
2174,1774867640.895904,321.071533,479.335022,70.051865,141.000000,73.000000,-2.276374,-0.004746,2.284022,-0.498326,-0.001385,0.072971,MOVE_LEFT
2175,1774867640.959762,321.060791,479.384521,70.051865,141.000000,73.000000,-2.276451,-0.004393,2.284022,-0.498343,-0.001282,0.072971,MOVE_LEFT
2176,1774867641.008772,321.053284,479.419159,70.051865,141.000000,73.000000,-2.276504,-0.004146,2.284022,-0.498354,-0.001210,0.072971,MOVE_LEFT
2177,1774867641.055865,321.173279,478.993408,69.805191,140.000000,73.000000,-2.283689,-0.007210,2.292093,-0.498167,-0.002097,0.072714,MOVE_LEFT
2178,1774867641.114008,321.257263,478.695374,69.805191,140.000000,73.000000,-2.283088,-0.009345,2.292093,-0.498036,-0.002718,0.072714,MOVE_LEFT
2179,1774867641.175362,321.316071,478.486755,69.805191,140.000000,73.000000,-2.282666,-0.010839,2.292093,-0.497944,-0.003153,0.072714,MOVE_LEFT
2180,1774867641.234385,321.357239,478.340759,69.805191,140.000000,73.000000,-2.282372,-0.011885,2.292093,-0.497879,-0.003457,0.072714,MOVE_LEFT
2181,1774867641.289488,321.386047,478.238525,69.805191,140.000000,73.000000,-2.282165,-0.012617,2.292093,-0.497834,-0.003670,0.072714,MOVE_LEFT
2182,1774867641.332601,321.420227,478.016968,69.803391,140.000000,73.000000,-2.281979,-0.014204,2.292152,-0.497781,-0.004131,0.072712,MOVE_LEFT
2183,1774867641.389790,321.444153,477.861877,69.803391,140.000000,73.000000,-2.281808,-0.015315,2.292152,-0.497744,-0.004454,0.072712,MOVE_LEFT
2184,1774867641.453527,321.460907,477.753296,69.803391,140.000000,73.000000,-2.281688,-0.016093,2.292152,-0.497717,-0.004681,0.072712,MOVE_LEFT
2185,1774867641.501480,321.472626,477.827332,69.758614,140.000000,74.000000,-2.283068,-0.015573,2.293624,-0.497699,-0.004526,0.072665,MOVE_LEFT
2186,1774867641.553346,321.480835,477.879150,69.758614,140.000000,74.000000,-2.283010,-0.015201,2.293624,-0.497686,-0.004418,0.072665,MOVE_LEFT
2187,1774867641.617410,321.486572,477.915405,69.758614,140.000000,74.000000,-2.282968,-0.014941,2.293624,-0.497677,-0.004343,0.072665,MOVE_LEFT
2188,1774867641.677293,321.490601,477.940796,69.758614,140.000000,74.000000,-2.282940,-0.014759,2.293624,-0.497671,-0.004290,0.072665,MOVE_LEFT
2189,1774867641.735993,321.481537,477.958557,69.719200,140.000000,74.000000,-2.284295,-0.014640,2.294920,-0.497685,-0.004253,0.072624,MOVE_LEFT
2190,1774867641.797324,321.475220,477.971008,69.719200,140.000000,74.000000,-2.284340,-0.014551,2.294920,-0.497695,-0.004227,0.072624,MOVE_LEFT
2191,1774867641.847619,321.482666,477.829712,69.717384,140.000000,73.000000,-2.284347,-0.015565,2.294980,-0.497683,-0.004521,0.072622,MOVE_LEFT
2192,1774867641.898790,321.487854,477.730804,69.717384,140.000000,73.000000,-2.284309,-0.016274,2.294980,-0.497675,-0.004727,0.072622,MOVE_LEFT
2193,1774867641.953837,321.491486,477.661560,69.717384,140.000000,73.000000,-2.284283,-0.016771,2.294980,-0.497670,-0.004872,0.072622,MOVE_LEFT
2194,1774867642.014934,321.494049,477.613098,69.717384,140.000000,73.000000,-2.284265,-0.017118,2.294980,-0.497666,-0.004973,0.072622,MOVE_LEFT
2195,1774867642.067328,321.495850,477.579163,69.717384,140.000000,73.000000,-2.284252,-0.017362,2.294980,-0.497663,-0.005043,0.072622,MOVE_LEFT
2196,1774867642.120041,321.497101,477.555420,69.717384,140.000000,73.000000,-2.284243,-0.017532,2.294980,-0.497661,-0.005093,0.072622,MOVE_LEFT
2197,1774867642.180876,321.497986,477.538788,69.717384,140.000000,73.000000,-2.284237,-0.017651,2.294980,-0.497659,-0.005128,0.072622,MOVE_LEFT
2198,1774867642.237681,321.498596,477.527161,69.717384,140.000000,73.000000,-2.284232,-0.017735,2.294980,-0.497658,-0.005152,0.072622,MOVE_LEFT
2199,1774867642.280166,321.499023,477.519012,69.717384,140.000000,73.000000,-2.284229,-0.017793,2.294980,-0.497658,-0.005169,0.072622,MOVE_LEFT
2200,1774867642.336432,321.499329,477.513306,69.717384,140.000000,73.000000,-2.284227,-0.017834,2.294980,-0.497657,-0.005181,0.072622,MOVE_LEFT
2201,1774867642.398794,321.499542,477.509308,69.717384,140.000000,74.000000,-2.284226,-0.017863,2.294980,-0.497657,-0.005189,0.072622,MOVE_LEFT
2202,1774867642.455599,321.499695,477.506500,69.717384,140.000000,74.000000,-2.284224,-0.017883,2.294980,-0.497657,-0.005195,0.072622,MOVE_LEFT
2203,1774867642.497741,321.499786,477.504547,69.717384,140.000000,74.000000,-2.284224,-0.017897,2.294980,-0.497657,-0.005199,0.072622,MOVE_LEFT
2204,1774867642.555802,321.499847,477.503174,69.717384,140.000000,74.000000,-2.284223,-0.017907,2.294980,-0.497656,-0.005202,0.072622,MOVE_LEFT
2205,1774867642.618618,321.488037,477.352234,69.719200,140.000000,74.000000,-2.284249,-0.018989,2.294920,-0.497675,-0.005516,0.072624,MOVE_LEFT
2206,1774867642.673558,321.470062,477.246552,69.686920,140.000000,74.000000,-2.285436,-0.019756,2.295983,-0.497703,-0.005736,0.072591,MOVE_LEFT
2207,1774867642.727769,321.457458,477.172577,69.686920,140.000000,74.000000,-2.285526,-0.020287,2.295983,-0.497723,-0.005890,0.072591,MOVE_LEFT
2208,1774867642.791558,321.448639,477.120819,69.686920,140.000000,73.000000,-2.285589,-0.020658,2.295983,-0.497737,-0.005998,0.072591,MOVE_LEFT
2209,1774867642.859669,321.451111,476.934570,69.760406,140.000000,73.000000,-2.283164,-0.021971,2.293565,-0.497733,-0.006386,0.072667,MOVE_LEFT
2210,1774867642.910721,321.465790,476.654175,69.758614,140.000000,73.000000,-2.283117,-0.023981,2.293624,-0.497710,-0.006970,0.072665,MOVE_LEFT
2211,1774867642.957839,321.454468,476.457947,69.686920,140.000000,74.000000,-2.285547,-0.025414,2.295983,-0.497727,-0.007379,0.072591,MOVE_LEFT
2212,1774867643.017295,321.444397,476.170593,69.724602,140.000000,74.000000,-2.284385,-0.027461,2.294742,-0.497743,-0.007978,0.072630,MOVE_LEFT
2213,1774867643.080183,321.437347,475.969421,69.724602,140.000000,74.000000,-2.284435,-0.028904,2.294742,-0.497754,-0.008397,0.072630,MOVE_LEFT
2214,1774867643.135061,321.306152,475.528595,69.406509,139.000000,74.000000,-2.295850,-0.032212,2.305259,-0.497959,-0.009315,0.072298,MOVE_LEFT
2215,1774867643.181437,321.214294,475.220032,69.406509,139.000000,74.000000,-2.296512,-0.034435,2.305259,-0.498103,-0.009958,0.072298,MOVE_LEFT
2216,1774867643.242780,321.150024,475.004028,69.406509,139.000000,73.000000,-2.296975,-0.035991,2.305259,-0.498203,-0.010408,0.072298,MOVE_LEFT
2217,1774867643.306570,321.105011,474.852814,69.406509,139.000000,73.000000,-2.297299,-0.037080,2.305259,-0.498273,-0.010723,0.072298,MOVE_LEFT
2218,1774867643.351600,321.073486,474.746979,69.406509,139.000000,73.000000,-2.297526,-0.037842,2.305259,-0.498323,-0.010944,0.072298,MOVE_LEFT
2219,1774867643.404078,321.051453,474.672882,69.406509,139.000000,73.000000,-2.297685,-0.038376,2.305259,-0.498357,-0.011098,0.072298,MOVE_LEFT
2220,1774867643.460199,320.918396,474.621033,69.695946,140.000000,73.000000,-2.289097,-0.038589,2.295686,-0.498565,-0.011206,0.072600,MOVE_LEFT
2221,1774867643.509148,320.825256,474.584717,69.695953,140.000000,73.000000,-2.289765,-0.038849,2.295686,-0.498711,-0.011282,0.072600,MOVE_LEFT
2222,1774867643.566092,320.760071,474.559296,69.695953,140.000000,73.000000,-2.290233,-0.039032,2.295686,-0.498812,-0.011335,0.072600,MOVE_LEFT
2223,1774867643.625816,320.720886,474.541504,69.674469,140.000000,73.000000,-2.291220,-0.039171,2.296394,-0.498874,-0.011372,0.072578,MOVE_LEFT
2224,1774867643.678124,320.693481,474.529053,69.674469,140.000000,74.000000,-2.291417,-0.039261,2.296394,-0.498916,-0.011398,0.072578,MOVE_LEFT
2225,1774867643.728377,320.674286,474.520325,69.674469,140.000000,74.000000,-2.291555,-0.039323,2.296394,-0.498946,-0.011416,0.072578,MOVE_LEFT
2226,1774867643.787416,320.660858,474.514221,69.674469,140.000000,74.000000,-2.291651,-0.039367,2.296394,-0.498967,-0.011429,0.072578,MOVE_LEFT
2227,1774867643.848107,320.651459,474.509949,69.674469,140.000000,74.000000,-2.291719,-0.039398,2.296394,-0.498982,-0.011438,0.072578,MOVE_LEFT
2228,1774867643.899701,320.644867,474.506958,69.674469,140.000000,74.000000,-2.291766,-0.039419,2.296394,-0.498992,-0.011444,0.072578,MOVE_LEFT
2229,1774867643.952798,320.627319,474.504883,69.631325,140.000000,74.000000,-2.293312,-0.039459,2.297816,-0.499020,-0.011448,0.072533,MOVE_LEFT
2230,1774867644.014411,320.615021,474.503418,69.631325,140.000000,74.000000,-2.293400,-0.039469,2.297816,-0.499039,-0.011451,0.072533,MOVE_LEFT
2231,1774867644.072100,320.606415,474.502380,69.631325,140.000000,74.000000,-2.293462,-0.039477,2.297816,-0.499052,-0.011453,0.072533,MOVE_LEFT
2232,1774867644.120142,320.600403,474.501678,69.631325,140.000000,74.000000,-2.293505,-0.039482,2.297816,-0.499062,-0.011455,0.072533,MOVE_LEFT
2233,1774867644.175449,320.596191,474.501190,69.631325,140.000000,74.000000,-2.293535,-0.039485,2.297816,-0.499068,-0.011456,0.072533,MOVE_LEFT
2234,1774867644.234910,320.606171,474.500824,69.674469,140.000000,74.000000,-2.292044,-0.039463,2.296394,-0.499053,-0.011457,0.072578,MOVE_LEFT
2235,1774867644.293726,320.613159,474.500580,69.674469,140.000000,74.000000,-2.291993,-0.039465,2.296394,-0.499042,-0.011457,0.072578,MOVE_LEFT
2236,1774867644.354740,320.618073,474.500397,69.674469,140.000000,74.000000,-2.291958,-0.039466,2.296394,-0.499034,-0.011458,0.072578,MOVE_LEFT
2237,1774867644.413585,320.732666,474.350281,69.354263,139.000000,74.000000,-2.301714,-0.040731,2.306996,-0.498855,-0.011770,0.072244,MOVE_LEFT
2238,1774867644.454866,320.812866,474.245209,69.354263,139.000000,74.000000,-2.301136,-0.041488,2.306996,-0.498730,-0.011989,0.072244,MOVE_LEFT
2239,1774867644.516800,320.869019,474.171661,69.354263,139.000000,73.000000,-2.300731,-0.042019,2.306996,-0.498642,-0.012142,0.072244,MOVE_LEFT
2240,1774867644.575597,320.908325,474.120178,69.354263,139.000000,73.000000,-2.300447,-0.042390,2.306996,-0.498581,-0.012250,0.072244,MOVE_LEFT
2241,1774867644.636417,320.935822,474.084137,69.354263,139.000000,73.000000,-2.300249,-0.042650,2.306996,-0.498538,-0.012325,0.072244,MOVE_LEFT
2242,1774867644.686378,320.955078,474.058899,69.354263,139.000000,73.000000,-2.300110,-0.042832,2.306996,-0.498508,-0.012377,0.072244,MOVE_LEFT
2243,1774867644.738595,320.968567,474.041229,69.354263,139.000000,73.000000,-2.300013,-0.042959,2.306996,-0.498487,-0.012414,0.072244,MOVE_LEFT
2244,1774867644.797359,320.977997,474.028870,69.354263,139.000000,73.000000,-2.299945,-0.043048,2.306996,-0.498472,-0.012440,0.072244,MOVE_LEFT
2245,1774867644.856688,320.984619,474.020203,69.354263,139.000000,72.000000,-2.299897,-0.043111,2.306996,-0.498462,-0.012458,0.072244,MOVE_LEFT
2246,1774867644.921108,320.989227,474.014160,69.354263,139.000000,72.000000,-2.299864,-0.043154,2.306996,-0.498454,-0.012470,0.072244,MOVE_LEFT
2247,1774867644.960750,320.992462,474.009918,69.354263,139.000000,72.000000,-2.299841,-0.043185,2.306996,-0.498449,-0.012479,0.072244,MOVE_LEFT
2248,1774867645.017579,320.994720,474.006958,69.354263,139.000000,73.000000,-2.299825,-0.043206,2.306996,-0.498446,-0.012486,0.072244,MOVE_LEFT
2249,1774867645.078982,320.996307,474.004883,69.354263,139.000000,73.000000,-2.299813,-0.043221,2.306996,-0.498443,-0.012490,0.072244,MOVE_LEFT
2250,1774867645.138164,320.997437,474.003418,69.354263,139.000000,73.000000,-2.299805,-0.043232,2.306996,-0.498442,-0.012493,0.072244,MOVE_LEFT
2251,1774867645.188263,320.998199,474.002411,69.354263,139.000000,73.000000,-2.299800,-0.043239,2.306996,-0.498440,-0.012495,0.072244,MOVE_LEFT
2252,1774867645.243131,321.012878,474.001709,69.307388,139.000000,72.000000,-2.301249,-0.043273,2.308556,-0.498417,-0.012496,0.072195,MOVE_LEFT
2253,1774867645.303997,321.023132,474.001190,69.307388,139.000000,72.000000,-2.301175,-0.043277,2.308556,-0.498401,-0.012498,0.072195,MOVE_LEFT
2254,1774867645.367307,321.157562,474.450867,69.616913,140.000000,72.000000,-2.289978,-0.039855,2.298292,-0.498191,-0.011561,0.072518,MOVE_LEFT
2255,1774867645.427072,321.245178,475.065613,69.595383,140.000000,73.000000,-2.290057,-0.035451,2.299003,-0.498054,-0.010280,0.072495,MOVE_LEFT
2256,1774867645.466065,321.306519,475.495941,69.595383,140.000000,73.000000,-2.289617,-0.032359,2.299003,-0.497959,-0.009383,0.072495,MOVE_LEFT
2257,1774867645.523639,321.349457,475.797180,69.595383,140.000000,73.000000,-2.289308,-0.030195,2.299003,-0.497891,-0.008756,0.072495,MOVE_LEFT
2258,1774867645.585757,321.385986,476.008026,69.616913,140.000000,72.000000,-2.288338,-0.028671,2.298292,-0.497834,-0.008317,0.072518,MOVE_LEFT
2259,1774867645.644726,321.405090,476.155640,69.595383,140.000000,72.000000,-2.288908,-0.027619,2.299003,-0.497805,-0.008009,0.072495,MOVE_LEFT
2260,1774867645.696869,321.418457,476.258942,69.595383,140.000000,72.000000,-2.288812,-0.026877,2.299003,-0.497784,-0.007794,0.072495,MOVE_LEFT
2261,1774867645.748966,321.292908,475.881256,69.354263,139.000000,72.000000,-2.297675,-0.029694,2.306996,-0.497980,-0.008581,0.072244,MOVE_LEFT
2262,1774867645.803569,321.205017,475.766907,69.305580,139.000000,72.000000,-2.299923,-0.030539,2.308616,-0.498117,-0.008819,0.072193,MOVE_LEFT
2263,1774867645.863852,321.157654,475.836853,69.307411,139.000000,72.000000,-2.300204,-0.030034,2.308555,-0.498191,-0.008673,0.072195,MOVE_LEFT
2264,1774867645.916976,321.124481,475.885803,69.307411,139.000000,72.000000,-2.300443,-0.029681,2.308555,-0.498243,-0.008571,0.072195,MOVE_LEFT
2265,1774867645.966607,321.087158,475.920044,69.354263,139.000000,72.000000,-2.299158,-0.029414,2.306996,-0.498301,-0.008500,0.072244,MOVE_LEFT
2266,1774867646.020453,321.061005,475.944031,69.260475,139.000000,72.000000,-2.302460,-0.029281,2.310120,-0.498342,-0.008450,0.072146,MOVE_LEFT
2267,1774867646.082706,321.042725,475.960815,69.260475,139.000000,72.000000,-2.302592,-0.029159,2.310120,-0.498371,-0.008415,0.072146,MOVE_LEFT
2268,1774867646.137759,321.029907,475.972595,69.260475,139.000000,72.000000,-2.302685,-0.029074,2.310120,-0.498391,-0.008390,0.072146,MOVE_LEFT
2269,1774867646.193295,321.020935,475.980835,69.260475,139.000000,72.000000,-2.302750,-0.029015,2.310120,-0.498405,-0.008373,0.072146,MOVE_LEFT
2270,1774867646.256091,321.014648,476.136597,69.218956,139.000000,72.000000,-2.304176,-0.027907,2.311506,-0.498415,-0.008049,0.072103,MOVE_LEFT
2271,1774867646.320225,321.010254,476.395630,69.260475,139.000000,71.000000,-2.302827,-0.026020,2.310120,-0.498421,-0.007509,0.072146,MOVE_LEFT
2272,1774867646.362532,321.007172,476.576935,69.260475,139.000000,71.000000,-2.302849,-0.024712,2.310120,-0.498426,-0.007131,0.072146,MOVE_LEFT
2273,1774867646.416847,321.005005,476.703857,69.260475,139.000000,72.000000,-2.302865,-0.023795,2.310120,-0.498430,-0.006867,0.072146,MOVE_LEFT
2274,1774867646.478570,321.003510,476.942688,69.218956,139.000000,72.000000,-2.304257,-0.022084,2.311506,-0.498432,-0.006369,0.072103,MOVE_LEFT
2275,1774867646.542508,321.002441,477.109863,69.218956,139.000000,72.000000,-2.304264,-0.020877,2.311506,-0.498434,-0.006021,0.072103,MOVE_LEFT
2276,1774867646.608837,321.001709,477.226898,69.218956,139.000000,72.000000,-2.304270,-0.020031,2.311506,-0.498435,-0.005777,0.072103,MOVE_LEFT
2277,1774867646.672642,321.001190,477.308838,69.218956,139.000000,72.000000,-2.304273,-0.019439,2.311506,-0.498436,-0.005607,0.072103,MOVE_LEFT
2278,1774867646.740588,321.000854,477.366180,69.218956,139.000000,72.000000,-2.304276,-0.019025,2.311506,-0.498436,-0.005487,0.072103,MOVE_LEFT
2279,1774867646.797047,321.000610,477.406311,69.305580,139.000000,72.000000,-2.301398,-0.018712,2.308616,-0.498437,-0.005404,0.072193,MOVE_LEFT
2280,1774867646.861721,321.000427,477.434418,69.305580,139.000000,72.000000,-2.301399,-0.018509,2.308616,-0.498437,-0.005345,0.072193,MOVE_LEFT
2281,1774867646.929630,321.000305,477.454102,69.305580,139.000000,72.000000,-2.301400,-0.018367,2.308616,-0.498437,-0.005304,0.072193,MOVE_LEFT
2282,1774867646.975875,321.000214,477.467865,69.305580,139.000000,72.000000,-2.301400,-0.018268,2.308616,-0.498437,-0.005275,0.072193,MOVE_LEFT
2283,1774867647.033659,320.865265,477.777527,69.595375,140.000000,72.000000,-2.292787,-0.015967,2.299003,-0.498648,-0.004630,0.072495,MOVE_LEFT
2284,1774867647.100564,320.764313,477.994263,69.616913,140.000000,72.000000,-2.292803,-0.014406,2.298292,-0.498806,-0.004179,0.072518,MOVE_LEFT
2285,1774867647.145230,320.693665,478.145996,69.616913,140.000000,72.000000,-2.293310,-0.013316,2.298292,-0.498916,-0.003863,0.072518,MOVE_LEFT
2286,1774867647.198323,320.644196,478.252197,69.616913,140.000000,72.000000,-2.293665,-0.012553,2.298292,-0.498993,-0.003641,0.072518,MOVE_LEFT
2287,1774867647.255704,320.608490,478.476532,69.589966,140.000000,72.000000,-2.294810,-0.010946,2.299182,-0.499049,-0.003174,0.072490,MOVE_LEFT
2288,1774867647.314997,320.575928,478.483582,69.588173,140.000000,72.000000,-2.295103,-0.010896,2.299241,-0.499100,-0.003159,0.072488,MOVE_LEFT
2289,1774867647.360249,320.553162,478.488525,69.588173,140.000000,72.000000,-2.295267,-0.010860,2.299241,-0.499136,-0.003149,0.072488,MOVE_LEFT
2290,1774867647.412716,320.537201,478.491943,69.588173,140.000000,71.000000,-2.295381,-0.010836,2.299241,-0.499161,-0.003142,0.072488,MOVE_LEFT
2291,1774867647.471369,320.526031,478.494385,69.588173,140.000000,71.000000,-2.295462,-0.010818,2.299241,-0.499178,-0.003137,0.072488,MOVE_LEFT
2292,1774867647.524640,320.518219,478.496094,69.588173,140.000000,71.000000,-2.295518,-0.010806,2.299241,-0.499190,-0.003133,0.072488,MOVE_LEFT
2293,1774867647.574297,320.512756,478.497253,69.588173,140.000000,71.000000,-2.295557,-0.010797,2.299241,-0.499199,-0.003131,0.072488,MOVE_LEFT
2294,1774867647.636018,320.508942,478.498047,69.588173,140.000000,71.000000,-2.295584,-0.010792,2.299241,-0.499205,-0.003129,0.072488,MOVE_LEFT
2295,1774867647.695811,320.506256,478.498657,69.588173,140.000000,71.000000,-2.295604,-0.010787,2.299241,-0.499209,-0.003128,0.072488,MOVE_LEFT
2296,1774867647.745583,320.504364,478.499084,69.588173,140.000000,71.000000,-2.295617,-0.010784,2.299241,-0.499212,-0.003127,0.072488,MOVE_LEFT
2297,1774867647.801732,320.503052,478.499329,69.588173,140.000000,71.000000,-2.295627,-0.010783,2.299241,-0.499214,-0.003126,0.072488,MOVE_LEFT
2298,1774867647.859679,320.502136,478.499512,69.588173,140.000000,71.000000,-2.295633,-0.010781,2.299241,-0.499215,-0.003126,0.072488,MOVE_LEFT
2299,1774867647.923936,320.501495,478.499634,69.588173,140.000000,71.000000,-2.295638,-0.010780,2.299241,-0.499216,-0.003126,0.072488,MOVE_LEFT
2300,1774867647.976632,320.507507,478.499756,69.566612,140.000000,71.000000,-2.296306,-0.010783,2.299954,-0.499207,-0.003126,0.072465,MOVE_LEFT
2301,1774867648.027262,320.511719,478.499817,69.566612,140.000000,71.000000,-2.296276,-0.010782,2.299954,-0.499200,-0.003125,0.072465,MOVE_LEFT
2302,1774867648.083932,320.514679,478.499878,69.566612,140.000000,71.000000,-2.296255,-0.010782,2.299954,-0.499196,-0.003125,0.072465,MOVE_LEFT
2303,1774867648.145248,320.521057,478.499939,69.552254,140.000000,71.000000,-2.296683,-0.010784,2.300429,-0.499186,-0.003125,0.072450,MOVE_LEFT
2304,1774867648.204309,320.525513,478.499939,69.552254,140.000000,72.000000,-2.296651,-0.010784,2.300429,-0.499179,-0.003125,0.072450,MOVE_LEFT
2305,1774867648.252127,320.528656,478.499939,69.552254,140.000000,72.000000,-2.296628,-0.010784,2.300429,-0.499174,-0.003125,0.072450,MOVE_LEFT
2306,1774867648.304173,320.670044,477.899963,69.305580,139.000000,72.000000,-2.303782,-0.015151,2.308616,-0.498953,-0.004375,0.072193,MOVE_LEFT
2307,1774867648.368869,320.769043,477.479980,69.305580,139.000000,72.000000,-2.303068,-0.018180,2.308616,-0.498798,-0.005250,0.072193,MOVE_LEFT
2308,1774867648.424323,320.838318,477.186005,69.305580,139.000000,72.000000,-2.302568,-0.020301,2.308616,-0.498690,-0.005862,0.072193,MOVE_LEFT
2309,1774867648.475583,320.873779,476.980225,69.262306,139.000000,71.000000,-2.303751,-0.021800,2.310059,-0.498635,-0.006291,0.072148,MOVE_LEFT
2310,1774867648.527660,320.898621,476.836151,69.262306,139.000000,71.000000,-2.303572,-0.022840,2.310059,-0.498596,-0.006591,0.072148,MOVE_LEFT
2311,1774867648.589043,320.929016,476.585327,69.260475,139.000000,71.000000,-2.303413,-0.024651,2.310120,-0.498548,-0.007114,0.072146,MOVE_LEFT
2312,1774867648.649702,320.950317,476.409729,69.260475,139.000000,71.000000,-2.303259,-0.025919,2.310120,-0.498515,-0.007480,0.072146,MOVE_LEFT
2313,1774867648.710631,320.965210,476.286804,69.260475,139.000000,71.000000,-2.303152,-0.026806,2.310120,-0.498492,-0.007736,0.072146,MOVE_LEFT
2314,1774867648.770856,320.975647,476.200745,69.260475,139.000000,72.000000,-2.303077,-0.027427,2.310120,-0.498476,-0.007915,0.072146,MOVE_LEFT
2315,1774867648.819242,320.982971,476.140503,69.260475,139.000000,72.000000,-2.303024,-0.027862,2.310120,-0.498464,-0.008041,0.072146,MOVE_LEFT
2316,1774867648.875120,320.988098,476.098328,69.260475,139.000000,72.000000,-2.302987,-0.028167,2.310120,-0.498456,-0.008128,0.072146,MOVE_LEFT
2317,1774867648.931176,320.991669,476.068848,69.260475,139.000000,72.000000,-2.302961,-0.028379,2.310120,-0.498451,-0.008190,0.072146,MOVE_LEFT
2318,1774867648.972733,320.994171,475.898193,69.305580,139.000000,72.000000,-2.301444,-0.029592,2.308616,-0.498447,-0.008545,0.072193,MOVE_LEFT
2319,1774867649.028374,320.995911,475.628723,69.260475,139.000000,71.000000,-2.302930,-0.031557,2.310120,-0.498444,-0.009107,0.072146,MOVE_LEFT
2320,1774867649.094417,320.997131,475.440094,69.260475,139.000000,71.000000,-2.302921,-0.032919,2.310120,-0.498442,-0.009500,0.072146,MOVE_LEFT
2321,1774867649.145751,320.997986,475.308075,69.260475,139.000000,71.000000,-2.302915,-0.033872,2.310120,-0.498441,-0.009775,0.072146,MOVE_LEFT
2322,1774867649.191812,320.998596,475.215637,69.260475,139.000000,72.000000,-2.302911,-0.034539,2.310120,-0.498440,-0.009967,0.072146,MOVE_LEFT
2323,1774867649.252546,320.999023,475.150940,69.260475,139.000000,72.000000,-2.302908,-0.035006,2.310120,-0.498439,-0.010102,0.072146,MOVE_LEFT
2324,1774867649.310910,320.999329,475.105652,69.260475,139.000000,72.000000,-2.302906,-0.035333,2.310120,-0.498439,-0.010197,0.072146,MOVE_LEFT
2325,1774867649.362998,320.999512,475.073944,69.260475,139.000000,72.000000,-2.302904,-0.035562,2.310120,-0.498438,-0.010263,0.072146,MOVE_LEFT
2326,1774867649.412546,320.999664,475.051758,69.260475,139.000000,72.000000,-2.302903,-0.035722,2.310120,-0.498438,-0.010309,0.072146,MOVE_LEFT
2327,1774867649.472218,320.999756,475.036224,69.260475,139.000000,72.000000,-2.302903,-0.035834,2.310120,-0.498438,-0.010341,0.072146,MOVE_LEFT
2328,1774867649.521069,320.999817,475.025360,69.260475,139.000000,72.000000,-2.302902,-0.035913,2.310120,-0.498438,-0.010364,0.072146,MOVE_LEFT
2329,1774867649.576087,320.999878,475.017761,69.260475,139.000000,72.000000,-2.302902,-0.035967,2.310120,-0.498438,-0.010380,0.072146,MOVE_LEFT
2330,1774867649.632780,320.999908,475.012421,69.260475,139.000000,72.000000,-2.302901,-0.036006,2.310120,-0.498438,-0.010391,0.072146,MOVE_LEFT
2331,1774867649.692156,320.999939,475.008698,69.260475,139.000000,72.000000,-2.302901,-0.036033,2.310120,-0.498438,-0.010399,0.072146,MOVE_LEFT
2332,1774867649.760406,320.999939,475.006073,69.181023,139.000000,72.000000,-2.305546,-0.036093,2.312773,-0.498438,-0.010404,0.072064,MOVE_LEFT
2333,1774867649.815299,320.999939,475.004242,69.181023,139.000000,72.000000,-2.305546,-0.036106,2.312773,-0.498438,-0.010408,0.072064,MOVE_LEFT
2334,1774867649.864700,320.999939,475.002960,69.181023,139.000000,72.000000,-2.305546,-0.036116,2.312773,-0.498438,-0.010410,0.072064,MOVE_LEFT
2335,1774867649.922356,320.999939,475.002075,69.181023,139.000000,72.000000,-2.305546,-0.036122,2.312773,-0.498438,-0.010412,0.072064,MOVE_LEFT
2336,1774867649.986806,321.010834,475.151428,69.182831,139.000000,72.000000,-2.305407,-0.035042,2.312713,-0.498421,-0.010101,0.072065,MOVE_LEFT
2337,1774867650.056991,321.019531,475.105988,69.220772,139.000000,72.000000,-2.304081,-0.035351,2.311445,-0.498407,-0.010196,0.072105,MOVE_LEFT
2338,1774867650.118563,321.025635,475.074188,69.220772,139.000000,71.000000,-2.304036,-0.035580,2.311445,-0.498397,-0.010262,0.072105,MOVE_LEFT
2339,1774867650.160733,321.029907,475.051941,69.220772,139.000000,72.000000,-2.304006,-0.035741,2.311445,-0.498391,-0.010308,0.072105,MOVE_LEFT
2340,1774867650.216005,321.032898,475.036346,69.220772,139.000000,72.000000,-2.303984,-0.035854,2.311445,-0.498386,-0.010341,0.072105,MOVE_LEFT
2341,1774867650.278223,321.168701,475.775452,69.530685,140.000000,72.000000,-2.292738,-0.030379,2.301142,-0.498174,-0.008801,0.072428,MOVE_LEFT
2342,1774867650.337642,321.268097,476.592834,69.545052,140.000000,72.000000,-2.291550,-0.024496,2.300667,-0.498019,-0.007098,0.072443,MOVE_LEFT
2343,1774867650.399542,321.346313,477.015015,69.536072,140.000000,72.000000,-2.291283,-0.021464,2.300964,-0.497896,-0.006219,0.072433,MOVE_LEFT
2344,1774867650.453771,321.529358,476.860504,69.262306,139.000000,71.000000,-2.299018,-0.022664,2.310059,-0.497610,-0.006541,0.072148,MOVE_LEFT
2345,1774867650.501939,321.658600,476.902344,69.220772,139.000000,71.000000,-2.299464,-0.022375,2.311445,-0.497408,-0.006453,0.072105,MOVE_LEFT
2346,1774867650.559079,321.761017,476.931641,69.181023,139.000000,72.000000,-2.300045,-0.022176,2.312773,-0.497248,-0.006392,0.072064,MOVE_LEFT
2347,1774867650.620911,321.832703,476.952148,69.181023,139.000000,72.000000,-2.299527,-0.022028,2.312773,-0.497136,-0.006350,0.072064,MOVE_LEFT
2348,1774867650.683076,321.882874,476.966492,69.260475,139.000000,72.000000,-2.296527,-0.021899,2.310120,-0.497058,-0.006320,0.072146,MOVE_LEFT
2349,1774867650.730736,321.918030,476.826538,69.305580,139.000000,72.000000,-2.294779,-0.022895,2.308616,-0.497003,-0.006611,0.072193,MOVE_LEFT
2350,1774867650.781707,321.968719,476.878571,69.267761,139.000000,71.000000,-2.295666,-0.022532,2.309877,-0.496924,-0.006503,0.072154,MOVE_LEFT
2351,1774867650.851607,322.266144,476.915009,69.220772,139.000000,71.000000,-2.295076,-0.022284,2.311445,-0.496459,-0.006427,0.072105,MOVE_LEFT
2352,1774867650.930328,322.475433,477.090515,69.182846,139.000000,72.000000,-2.294822,-0.021028,2.312712,-0.496132,-0.006061,0.072065,MOVE_LEFT
2353,1774867650.991561,322.623016,477.363342,69.148483,139.000000,72.000000,-2.294895,-0.019065,2.313861,-0.495902,-0.005493,0.072030,MOVE_LEFT
2354,1774867651.052241,322.736115,477.554321,69.181023,139.000000,72.000000,-2.292998,-0.017676,2.312773,-0.495725,-0.005095,0.072064,MOVE_LEFT
2355,1774867651.117840,322.826172,477.538025,69.182846,139.000000,72.000000,-2.292287,-0.017793,2.312712,-0.495584,-0.005129,0.072065,MOVE_LEFT
2356,1774867651.175278,322.902222,477.526611,69.226227,139.000000,72.000000,-2.290301,-0.017865,2.311263,-0.495465,-0.005153,0.072111,MOVE_LEFT
2357,1774867651.236601,322.975037,477.368622,69.210075,139.000000,72.000000,-2.290309,-0.019010,2.311802,-0.495351,-0.005482,0.072094,MOVE_LEFT
2358,1774867651.301482,323.269470,477.408020,69.262306,139.000000,71.000000,-2.286457,-0.018711,2.310059,-0.494891,-0.005400,0.072148,MOVE_LEFT
2360,1774867651.403651,323.488617,477.435608,69.146683,139.000000,72.000000,-2.288695,-0.018543,2.313922,-0.494549,-0.005342,0.072028,MOVE_LEFT
2361,1774867651.459345,323.642029,477.604919,69.115944,139.000000,72.000000,-2.288603,-0.017327,2.314951,-0.494309,-0.004990,0.071996,MOVE_LEFT
2362,1774867651.520913,323.749420,477.573425,69.146683,139.000000,72.000000,-2.286809,-0.017547,2.313922,-0.494142,-0.005055,0.072028,MOVE_LEFT
2363,1774867651.582263,323.824585,477.551392,69.218956,139.000000,72.000000,-2.283879,-0.017687,2.311506,-0.494024,-0.005101,0.072103,MOVE_LEFT
2364,1774867651.645750,323.877197,477.535980,69.218956,139.000000,72.000000,-2.283499,-0.017799,2.311506,-0.493942,-0.005133,0.072103,MOVE_LEFT
2365,1774867651.702222,323.935791,477.375183,69.188301,139.000000,72.000000,-2.284087,-0.018969,2.312530,-0.493850,-0.005468,0.072071,MOVE_LEFT
2366,1774867651.754000,324.105042,477.112640,68.807800,138.000000,72.000000,-2.295488,-0.020981,2.325318,-0.493586,-0.006015,0.071675,MOVE_LEFT
2367,1774867651.805971,324.223511,476.928864,68.807800,138.000000,72.000000,-2.294627,-0.022317,2.325318,-0.493401,-0.006398,0.071675,MOVE_LEFT
2368,1774867651.862960,324.306458,476.800201,68.807800,138.000000,72.000000,-2.294024,-0.023252,2.325318,-0.493271,-0.006666,0.071675,MOVE_LEFT
2369,1774867651.922142,324.364502,476.710144,68.807800,138.000000,72.000000,-2.293603,-0.023906,2.325318,-0.493180,-0.006854,0.071675,MOVE_LEFT
2370,1774867651.975143,324.405151,476.647095,68.807800,138.000000,72.000000,-2.293307,-0.024364,2.325318,-0.493117,-0.006985,0.071675,MOVE_LEFT
2371,1774867652.026538,324.433594,476.602966,68.807800,138.000000,71.000000,-2.293101,-0.024685,2.325318,-0.493073,-0.007077,0.071675,MOVE_LEFT
2372,1774867652.081156,324.453522,476.422058,68.856834,138.000000,71.000000,-2.291323,-0.025981,2.323662,-0.493041,-0.007454,0.071726,MOVE_LEFT
2373,1774867652.140090,324.467468,476.295410,68.856834,138.000000,71.000000,-2.291222,-0.026901,2.323662,-0.493020,-0.007718,0.071726,MOVE_LEFT
2374,1774867652.193031,324.477234,476.056763,68.807800,138.000000,71.000000,-2.292783,-0.028654,2.325318,-0.493004,-0.008215,0.071675,MOVE_LEFT
2375,1774867652.246342,324.484070,475.889709,68.807800,138.000000,71.000000,-2.292734,-0.029868,2.325318,-0.492994,-0.008563,0.071675,MOVE_LEFT
2376,1774867652.306167,324.488831,475.772827,68.807800,138.000000,71.000000,-2.292699,-0.030717,2.325318,-0.492986,-0.008807,0.071675,MOVE_LEFT
2377,1774867652.369203,324.492188,475.690979,68.807800,138.000000,71.000000,-2.292675,-0.031312,2.325318,-0.492981,-0.008977,0.071675,MOVE_LEFT
2378,1774867652.427674,324.494537,475.633667,68.807800,138.000000,71.000000,-2.292658,-0.031728,2.325318,-0.492977,-0.009097,0.071675,MOVE_LEFT
2379,1774867652.492228,324.496185,475.593567,68.807800,138.000000,72.000000,-2.292646,-0.032020,2.325318,-0.492975,-0.009180,0.071675,MOVE_LEFT
2380,1774867652.552161,324.629944,475.715515,69.123192,139.000000,72.000000,-2.281217,-0.030992,2.314708,-0.492766,-0.008926,0.072003,MOVE_LEFT
2381,1774867652.595106,324.731171,475.800842,69.148483,139.000000,71.000000,-2.279651,-0.030363,2.313861,-0.492608,-0.008748,0.072030,MOVE_LEFT
2382,1774867652.647100,324.802032,475.860596,69.148483,139.000000,71.000000,-2.279139,-0.029931,2.313861,-0.492497,-0.008624,0.072030,MOVE_LEFT
2383,1774867652.707819,324.851624,475.902405,69.148483,139.000000,71.000000,-2.278780,-0.029629,2.313861,-0.492419,-0.008537,0.072030,MOVE_LEFT
2384,1774867652.760358,324.896149,475.931702,69.181023,139.000000,71.000000,-2.277386,-0.029403,2.312773,-0.492350,-0.008476,0.072064,MOVE_LEFT
2385,1774867652.812871,324.927307,475.952209,69.115944,139.000000,71.000000,-2.279305,-0.029283,2.314951,-0.492301,-0.008433,0.071996,MOVE_LEFT
2386,1774867652.872519,324.949127,475.966553,69.115944,139.000000,71.000000,-2.279148,-0.029179,2.314951,-0.492267,-0.008403,0.071996,MOVE_LEFT
2390,1774867653.089882,324.964386,476.126587,69.088814,139.000000,71.000000,-2.279932,-0.028032,2.315860,-0.492243,-0.008070,0.071968,MOVE_LEFT
2391,1774867653.153783,324.975067,476.238617,69.088814,139.000000,71.000000,-2.279855,-0.027221,2.315860,-0.492226,-0.007836,0.071968,MOVE_LEFT
2392,1774867653.218371,324.990173,476.167053,69.090622,139.000000,71.000000,-2.279686,-0.027739,2.315799,-0.492203,-0.007985,0.071969,MOVE_LEFT
2393,1774867653.264020,325.000732,476.116943,69.090622,139.000000,71.000000,-2.279609,-0.028101,2.315799,-0.492186,-0.008090,0.071969,MOVE_LEFT
2394,1774867653.320503,325.017914,476.081848,69.123192,139.000000,71.000000,-2.278411,-0.028342,2.314708,-0.492160,-0.008163,0.072003,MOVE_LEFT
2395,1774867653.380051,325.162537,475.607300,68.807800,138.000000,70.000000,-2.287804,-0.031920,2.325318,-0.491934,-0.009151,0.071675,MOVE_LEFT
2396,1774867653.438474,325.263763,475.425110,68.762367,138.000000,70.000000,-2.288579,-0.033266,2.326854,-0.491775,-0.009531,0.071627,MOVE_LEFT
2397,1774867653.481110,325.334625,475.297577,68.762367,138.000000,70.000000,-2.288064,-0.034193,2.326854,-0.491665,-0.009797,0.071627,MOVE_LEFT
2398,1774867653.534918,325.384247,475.208313,68.762367,138.000000,70.000000,-2.287703,-0.034842,2.326854,-0.491587,-0.009983,0.071627,MOVE_LEFT
2399,1774867653.598655,325.431030,475.145813,68.722366,138.000000,70.000000,-2.288694,-0.035317,2.328209,-0.491514,-0.010113,0.071586,MOVE_LEFT
2400,1774867653.657876,325.464844,474.952057,68.764206,138.000000,70.000000,-2.287056,-0.036705,2.326792,-0.491461,-0.010517,0.071629,MOVE_LEFT
2401,1774867653.704633,325.488525,474.816437,68.764206,138.000000,70.000000,-2.286884,-0.037691,2.326792,-0.491424,-0.010799,0.071629,MOVE_LEFT
2402,1774867653.759633,325.641968,475.021484,69.088814,139.000000,70.000000,-2.275028,-0.036030,2.315860,-0.491184,-0.010372,0.071968,MOVE_LEFT
2403,1774867653.818083,325.749390,475.315063,69.065285,139.000000,70.000000,-2.275026,-0.033917,2.316649,-0.491017,-0.009760,0.071943,MOVE_LEFT
2404,1774867653.873612,325.824585,475.670563,69.045372,139.000000,70.000000,-2.275137,-0.031352,2.317317,-0.490899,-0.009020,0.071922,MOVE_LEFT
2405,1774867653.925443,325.877197,475.769409,69.065285,139.000000,70.000000,-2.274101,-0.030627,2.316649,-0.490817,-0.008814,0.071943,MOVE_LEFT
2406,1774867653.982291,325.927063,475.838562,69.072548,139.000000,71.000000,-2.273500,-0.030124,2.316405,-0.490739,-0.008670,0.071951,MOVE_LEFT
2407,1774867654.040037,326.098938,475.586975,68.762367,138.000000,71.000000,-2.282506,-0.032089,2.326854,-0.490470,-0.009194,0.071627,MOVE_LEFT
2408,1774867654.105447,326.219269,475.560913,68.720551,138.000000,71.000000,-2.283020,-0.032298,2.328270,-0.490282,-0.009248,0.071584,MOVE_LEFT
2409,1774867654.156566,326.303497,475.542664,68.720551,138.000000,70.000000,-2.282407,-0.032431,2.328270,-0.490151,-0.009286,0.071584,MOVE_LEFT
2410,1774867654.201293,326.362457,475.529846,68.720551,138.000000,70.000000,-2.281978,-0.032524,2.328270,-0.490059,-0.009313,0.071584,MOVE_LEFT
2411,1774867654.260573,326.403717,475.520874,68.720551,138.000000,70.000000,-2.281678,-0.032589,2.328270,-0.489994,-0.009332,0.071584,MOVE_LEFT
2412,1774867654.319584,326.432617,475.364594,68.762367,138.000000,70.000000,-2.280080,-0.033706,2.326854,-0.489949,-0.009657,0.071627,MOVE_LEFT
2413,1774867654.367801,326.596313,475.705231,69.067108,139.000000,70.000000,-2.268835,-0.031091,2.316588,-0.489693,-0.008947,0.071945,MOVE_LEFT
2414,1774867654.421059,326.717407,476.093658,69.065285,139.000000,70.000000,-2.268018,-0.028280,2.316649,-0.489504,-0.008138,0.071943,MOVE_LEFT
2415,1774867654.477149,326.802185,476.515564,69.045372,139.000000,70.000000,-2.268058,-0.025233,2.317317,-0.489372,-0.007259,0.071922,MOVE_LEFT
2416,1774867654.539677,326.861511,476.810883,69.045372,139.000000,70.000000,-2.267628,-0.023094,2.317317,-0.489279,-0.006644,0.071922,MOVE_LEFT
2417,1774867654.605059,326.908508,476.867615,69.047195,139.000000,70.000000,-2.267228,-0.022683,2.317256,-0.489205,-0.006526,0.071924,MOVE_LEFT
2418,1774867654.659907,326.941406,476.907318,69.047195,139.000000,69.000000,-2.266990,-0.022395,2.317256,-0.489154,-0.006443,0.071924,MOVE_LEFT
2419,1774867654.701427,327.096924,476.635132,68.722397,138.000000,69.000000,-2.276573,-0.024482,2.328208,-0.488911,-0.007010,0.071586,MOVE_LEFT
2420,1774867654.762615,327.217865,476.594604,68.720551,138.000000,70.000000,-2.275754,-0.024777,2.328270,-0.488722,-0.007095,0.071584,MOVE_LEFT
2421,1774867654.827400,327.302521,476.566223,68.720551,138.000000,70.000000,-2.275138,-0.024984,2.328270,-0.488590,-0.007154,0.071584,MOVE_LEFT
2422,1774867654.874836,327.361755,476.546356,68.647751,138.000000,70.000000,-2.277119,-0.025155,2.330739,-0.488497,-0.007195,0.071508,MOVE_LEFT
2423,1774867654.925762,327.393372,476.682465,68.649590,138.000000,69.000000,-2.276828,-0.024163,2.330677,-0.488448,-0.006912,0.071510,MOVE_LEFT
2424,1774867654.985979,327.415497,476.777740,68.649590,138.000000,69.000000,-2.276667,-0.023469,2.330677,-0.488413,-0.006713,0.071510,MOVE_LEFT
2425,1774867655.046109,327.431000,476.844421,68.649590,138.000000,69.000000,-2.276554,-0.022983,2.330677,-0.488389,-0.006574,0.071510,MOVE_LEFT
2426,1774867655.084032,327.451691,476.891083,68.682335,138.000000,70.000000,-2.275318,-0.022633,2.329566,-0.488357,-0.006477,0.071544,MOVE_LEFT
2427,1774867655.144487,327.466187,477.073761,68.647751,138.000000,69.000000,-2.276359,-0.021313,2.330739,-0.488334,-0.006096,0.071508,MOVE_LEFT
2428,1774867655.206069,327.476349,477.201630,68.647751,138.000000,69.000000,-2.276285,-0.020382,2.330739,-0.488318,-0.005830,0.071508,MOVE_LEFT
2429,1774867655.256402,327.473602,477.441162,68.649590,138.000000,69.000000,-2.276244,-0.018637,2.330677,-0.488322,-0.005331,0.071510,MOVE_LEFT
2430,1774867655.310302,327.471680,477.608826,68.649590,138.000000,69.000000,-2.276258,-0.017416,2.330677,-0.488326,-0.004982,0.071510,MOVE_LEFT
2431,1774867655.369361,327.336700,477.876160,69.067085,139.000000,69.000000,-2.263475,-0.015375,2.316588,-0.488536,-0.004425,0.071945,MOVE_LEFT
2432,1774867655.428999,327.235687,478.213318,69.065285,139.000000,69.000000,-2.264266,-0.012935,2.316649,-0.488694,-0.003722,0.071943,MOVE_LEFT
2433,1774867655.484592,327.164978,478.449341,69.065285,139.000000,69.000000,-2.264778,-0.011226,2.316649,-0.488805,-0.003231,0.071943,MOVE_LEFT
2434,1774867655.545377,327.115479,478.614532,69.065285,139.000000,69.000000,-2.265136,-0.010030,2.316649,-0.488882,-0.002886,0.071943,MOVE_LEFT
2435,1774867655.604902,327.080841,479.030182,69.065285,139.000000,69.000000,-2.265387,-0.007021,2.316649,-0.488936,-0.002020,0.071943,MOVE_LEFT
2436,1774867655.654176,327.056580,479.321136,69.065285,139.000000,69.000000,-2.265562,-0.004915,2.316649,-0.488974,-0.001414,0.071943,MOVE_LEFT
2437,1774867655.713217,327.034180,479.524780,69.047173,139.000000,69.000000,-2.266319,-0.003441,2.317256,-0.489009,-0.000990,0.071924,MOVE_LEFT
2438,1774867655.774858,327.017395,479.517334,69.067108,139.000000,69.000000,-2.265786,-0.003494,2.316588,-0.489035,-0.001006,0.071945,MOVE_LEFT
2439,1774867655.833032,327.005646,479.512146,69.067108,139.000000,69.000000,-2.265871,-0.003532,2.316588,-0.489054,-0.001016,0.071945,MOVE_LEFT
2440,1774867655.877752,326.995239,479.508514,69.117760,139.000000,69.000000,-2.264286,-0.003555,2.314890,-0.489070,-0.001024,0.071998,MOVE_LEFT
2441,1774867655.934027,326.977112,479.505951,69.081604,139.000000,69.000000,-2.265602,-0.003576,2.316101,-0.489098,-0.001029,0.071960,MOVE_LEFT
2442,1774867655.996191,326.961151,479.354187,69.105125,139.000000,68.000000,-2.264947,-0.004673,2.315313,-0.489123,-0.001345,0.071985,MOVE_LEFT
2443,1774867656.058486,326.822815,479.097900,68.720551,138.000000,68.000000,-2.278628,-0.006564,2.328270,-0.489339,-0.001879,0.071584,MOVE_LEFT
2444,1774867656.105285,326.725983,478.918518,68.720551,138.000000,68.000000,-2.279333,-0.007869,2.328270,-0.489491,-0.002253,0.071584,MOVE_LEFT
2445,1774867656.157675,326.658203,478.792969,68.720551,138.000000,68.000000,-2.279826,-0.008782,2.328270,-0.489597,-0.002515,0.071584,MOVE_LEFT
2446,1774867656.216778,326.475952,478.705078,69.096069,139.000000,68.000000,-2.268755,-0.009370,2.315617,-0.489881,-0.002698,0.071975,MOVE_LEFT
2447,1774867656.279234,326.348389,478.643555,69.096069,139.000000,68.000000,-2.269678,-0.009816,2.315617,-0.490081,-0.002826,0.071975,MOVE_LEFT
2448,1774867656.335982,326.259094,478.600464,69.096069,139.000000,68.000000,-2.270324,-0.010127,2.315617,-0.490220,-0.002916,0.071975,MOVE_LEFT
2449,1774867656.388291,326.181366,478.570312,69.146683,139.000000,68.000000,-2.269224,-0.010338,2.313922,-0.490342,-0.002979,0.072028,MOVE_LEFT
2450,1774867656.442065,326.126953,478.549194,69.146683,139.000000,68.000000,-2.269618,-0.010491,2.313922,-0.490427,-0.003023,0.072028,MOVE_LEFT
2451,1774867656.501384,326.088867,478.534424,69.146683,139.000000,68.000000,-2.269893,-0.010598,2.313922,-0.490486,-0.003053,0.072028,MOVE_LEFT
2452,1774867656.561967,326.062195,478.524109,69.146683,139.000000,68.000000,-2.270086,-0.010672,2.313922,-0.490528,-0.003075,0.072028,MOVE_LEFT
2453,1774867656.623476,326.043518,478.516846,69.146683,139.000000,68.000000,-2.270221,-0.010725,2.313922,-0.490557,-0.003090,0.072028,MOVE_LEFT
2454,1774867656.682837,326.045685,478.511780,69.096069,139.000000,68.000000,-2.271868,-0.010769,2.315617,-0.490554,-0.003100,0.071975,MOVE_LEFT
2455,1774867656.743058,326.047211,478.508240,69.096069,139.000000,68.000000,-2.271857,-0.010795,2.315617,-0.490551,-0.003108,0.071975,MOVE_LEFT
2456,1774867656.803793,326.052612,478.505737,69.081604,139.000000,68.000000,-2.272294,-0.010815,2.316101,-0.490543,-0.003113,0.071960,MOVE_LEFT
2457,1774867656.847852,326.052063,478.504028,69.096069,139.000000,68.000000,-2.271822,-0.010825,2.315617,-0.490544,-0.003117,0.071975,MOVE_LEFT
2458,1774867656.902052,326.186432,478.352844,68.682335,138.000000,68.000000,-2.284529,-0.011991,2.329566,-0.490334,-0.003432,0.071544,MOVE_LEFT
2459,1774867656.963704,326.280518,478.247009,68.682335,138.000000,68.000000,-2.283844,-0.012762,2.329566,-0.490187,-0.003652,0.071544,MOVE_LEFT
2460,1774867657.026176,326.346375,478.172913,68.682335,138.000000,68.000000,-2.283365,-0.013301,2.329566,-0.490084,-0.003806,0.071544,MOVE_LEFT
2461,1774867657.079112,326.402313,478.121033,68.649567,138.000000,68.000000,-2.284047,-0.013685,2.330677,-0.489996,-0.003915,0.071510,MOVE_LEFT
2462,1774867657.129930,326.441467,478.084717,68.649567,138.000000,68.000000,-2.283762,-0.013950,2.330677,-0.489935,-0.003990,0.071510,MOVE_LEFT
2463,1774867657.189132,326.468872,478.059326,68.649567,138.000000,68.000000,-2.283562,-0.014135,2.330677,-0.489892,-0.004043,0.071510,MOVE_LEFT
2464,1774867657.251880,326.617340,478.191528,69.052635,139.000000,68.000000,-2.269158,-0.013095,2.317073,-0.489660,-0.003768,0.071930,MOVE_LEFT
2465,1774867657.312577,326.721283,478.284058,69.052635,139.000000,68.000000,-2.268405,-0.012425,2.317073,-0.489498,-0.003575,0.071930,MOVE_LEFT
2466,1774867657.375894,326.794037,478.348816,69.052635,139.000000,68.000000,-2.267878,-0.011956,2.317073,-0.489384,-0.003440,0.071930,MOVE_LEFT
2467,1774867657.421713,326.844971,478.394165,69.052635,139.000000,68.000000,-2.267510,-0.011628,2.317073,-0.489305,-0.003345,0.071930,MOVE_LEFT
2468,1774867657.469345,326.880615,478.425903,69.052635,139.000000,68.000000,-2.267252,-0.011398,2.317073,-0.489249,-0.003279,0.071930,MOVE_LEFT
2469,1774867657.532586,326.905548,478.448120,69.052635,139.000000,68.000000,-2.267071,-0.011237,2.317073,-0.489210,-0.003233,0.071930,MOVE_LEFT
2470,1774867657.594434,326.923004,478.463684,69.052635,139.000000,68.000000,-2.266945,-0.011124,2.317073,-0.489183,-0.003201,0.071930,MOVE_LEFT
2471,1774867657.655038,326.939575,478.474548,69.067108,139.000000,68.000000,-2.266350,-0.011043,2.316588,-0.489157,-0.003178,0.071945,MOVE_LEFT
2472,1774867657.717962,326.951172,478.482178,69.067108,139.000000,67.000000,-2.266266,-0.010988,2.316588,-0.489139,-0.003162,0.071945,MOVE_LEFT
2473,1774867657.791791,326.954956,478.487549,69.052635,139.000000,67.000000,-2.266713,-0.010951,2.317073,-0.489133,-0.003151,0.071930,MOVE_LEFT
2474,1774867657.854516,326.957611,478.491272,69.052635,139.000000,67.000000,-2.266694,-0.010924,2.317073,-0.489129,-0.003143,0.071930,MOVE_LEFT
2475,1774867657.911468,326.959473,478.493896,69.052635,139.000000,67.000000,-2.266681,-0.010905,2.317073,-0.489126,-0.003138,0.071930,MOVE_LEFT
2476,1774867657.980267,326.971619,478.495728,69.088814,139.000000,67.000000,-2.265406,-0.010887,2.315860,-0.489107,-0.003134,0.071968,MOVE_LEFT
2477,1774867658.031763,326.980133,478.497009,69.088814,139.000000,67.000000,-2.265344,-0.010877,2.315860,-0.489094,-0.003131,0.071968,MOVE_LEFT
2478,1774867658.082031,326.986084,478.497925,69.088814,139.000000,67.000000,-2.265301,-0.010871,2.315860,-0.489084,-0.003129,0.071968,MOVE_LEFT
2479,1774867658.141831,326.990265,478.498535,69.088814,139.000000,67.000000,-2.265271,-0.010866,2.315860,-0.489078,-0.003128,0.071968,MOVE_LEFT
2480,1774867658.201758,326.993195,478.498962,69.088814,139.000000,67.000000,-2.265250,-0.010863,2.315860,-0.489073,-0.003127,0.071968,MOVE_LEFT
2481,1774867658.262379,326.982178,478.499268,69.045395,139.000000,67.000000,-2.266754,-0.010868,2.317316,-0.489090,-0.003127,0.071922,MOVE_LEFT
2482,1774867658.333233,326.974487,478.499512,69.045395,139.000000,67.000000,-2.266809,-0.010866,2.317316,-0.489102,-0.003126,0.071922,MOVE_LEFT
2483,1774867658.389817,326.965851,478.349670,69.061691,139.000000,67.000000,-2.266337,-0.011948,2.316769,-0.489116,-0.003438,0.071939,MOVE_LEFT
2484,1774867658.455759,326.959808,478.244751,69.061691,139.000000,67.000000,-2.266381,-0.012708,2.316769,-0.489125,-0.003657,0.071939,MOVE_LEFT
2485,1774867658.529788,326.955566,478.171326,69.061691,139.000000,67.000000,-2.266412,-0.013239,2.316769,-0.489132,-0.003810,0.071939,MOVE_LEFT
2486,1774867658.588255,326.952606,478.119934,69.061691,139.000000,67.000000,-2.266433,-0.013611,2.316769,-0.489137,-0.003917,0.071939,MOVE_LEFT
2487,1774867658.644088,326.816833,477.783966,68.682335,138.000000,67.000000,-2.279940,-0.016132,2.329566,-0.489349,-0.004617,0.071544,MOVE_LEFT
2488,1774867658.714698,326.721771,477.548767,68.682335,138.000000,67.000000,-2.280632,-0.017845,2.329566,-0.489497,-0.005107,0.071544,MOVE_LEFT
2489,1774867658.774138,326.655243,477.534119,68.647751,138.000000,67.000000,-2.282265,-0.017960,2.330739,-0.489601,-0.005137,0.071508,MOVE_LEFT
2490,1774867658.835895,326.608673,477.523865,68.647751,138.000000,67.000000,-2.282604,-0.018035,2.330739,-0.489674,-0.005159,0.071508,MOVE_LEFT
2491,1774867658.900618,326.441284,477.516693,69.096069,139.000000,67.000000,-2.269005,-0.017970,2.315617,-0.489935,-0.005174,0.071975,MOVE_LEFT
2492,1774867658.968765,326.315430,477.511688,69.067085,139.000000,67.000000,-2.270869,-0.018014,2.316588,-0.490132,-0.005184,0.071945,MOVE_LEFT
2493,1774867659.022331,326.227325,477.508179,69.067085,139.000000,67.000000,-2.271507,-0.018039,2.316588,-0.490270,-0.005191,0.071945,MOVE_LEFT
2494,1774867659.090066,326.165649,477.505707,69.067085,139.000000,67.000000,-2.271953,-0.018057,2.316588,-0.490366,-0.005196,0.071945,MOVE_LEFT
2495,1774867659.160105,326.115967,477.653992,69.065285,139.000000,67.000000,-2.272372,-0.016984,2.316649,-0.490444,-0.004888,0.071943,MOVE_LEFT
2496,1774867659.222988,326.081177,477.757812,69.065285,139.000000,67.000000,-2.272624,-0.016232,2.316649,-0.490498,-0.004671,0.071943,MOVE_LEFT
2497,1774867659.289213,326.056824,477.980469,69.045372,139.000000,67.000000,-2.273456,-0.014625,2.317317,-0.490536,-0.004207,0.071922,MOVE_LEFT
2498,1774867659.341830,326.039795,478.286346,69.065285,139.000000,67.000000,-2.272923,-0.012406,2.316649,-0.490563,-0.003570,0.071943,MOVE_LEFT
2499,1774867659.401241,326.022430,478.500458,69.047173,139.000000,67.000000,-2.273645,-0.010859,2.317256,-0.490590,-0.003124,0.071924,MOVE_LEFT
2500,1774867659.462438,326.009186,478.500305,69.067108,139.000000,68.000000,-2.273085,-0.010857,2.316588,-0.490611,-0.003124,0.071945,MOVE_LEFT
2501,1774867659.524867,325.999908,478.500183,69.067108,139.000000,68.000000,-2.273152,-0.010858,2.316588,-0.490625,-0.003125,0.071945,MOVE_LEFT
2502,1774867659.586228,325.993408,478.500122,69.067108,139.000000,68.000000,-2.273199,-0.010858,2.316588,-0.490635,-0.003125,0.071945,MOVE_LEFT
2503,1774867659.633633,325.980164,478.500061,69.096062,139.000000,68.000000,-2.272343,-0.010854,2.315617,-0.490656,-0.003125,0.071975,MOVE_LEFT
2504,1774867659.684489,325.966553,478.500061,69.081604,139.000000,68.000000,-2.272917,-0.010856,2.316101,-0.490677,-0.003125,0.071960,MOVE_LEFT
2505,1774867659.741739,325.699402,478.350037,69.105141,139.000000,68.000000,-2.274075,-0.011938,2.315313,-0.491095,-0.003437,0.071985,MOVE_LEFT
2506,1774867659.802376,325.489594,478.395020,69.146683,139.000000,67.000000,-2.274226,-0.011606,2.313922,-0.491423,-0.003344,0.072028,MOVE_LEFT
2507,1774867659.863373,325.342712,478.426514,69.146683,139.000000,67.000000,-2.275288,-0.011378,2.313922,-0.491652,-0.003278,0.072028,MOVE_LEFT
2508,1774867659.920616,325.239899,478.448547,69.088814,139.000000,67.000000,-2.277938,-0.011228,2.315860,-0.491813,-0.003232,0.071968,MOVE_LEFT
2509,1774867659.983273,325.167938,478.463989,69.088814,139.000000,67.000000,-2.278459,-0.011116,2.315860,-0.491925,-0.003200,0.071968,MOVE_LEFT
2510,1774867660.050466,325.117554,478.624786,69.065285,139.000000,67.000000,-2.279600,-0.009956,2.316649,-0.492004,-0.002865,0.071943,MOVE_LEFT
2511,1774867660.110580,325.082306,478.737366,69.065285,139.000000,67.000000,-2.279855,-0.009141,2.316649,-0.492059,-0.002630,0.071943,MOVE_LEFT
2512,1774867660.167882,325.051086,478.966156,69.067108,139.000000,67.000000,-2.280021,-0.007484,2.316588,-0.492108,-0.002154,0.071945,MOVE_LEFT
2513,1774867660.230235,325.028137,478.976318,69.090630,139.000000,67.000000,-2.279411,-0.007408,2.315799,-0.492144,-0.002133,0.071969,MOVE_LEFT
2514,1774867660.289744,325.019714,478.833435,69.146683,139.000000,67.000000,-2.277624,-0.008435,2.313922,-0.492157,-0.002430,0.072028,MOVE_LEFT
2515,1774867660.348795,324.863800,479.183411,69.507294,140.000000,67.000000,-2.266929,-0.005874,2.301917,-0.492400,-0.001701,0.072403,MOVE_LEFT
2516,1774867660.404174,324.754669,479.578369,69.501900,140.000000,67.000000,-2.267890,-0.003033,2.302095,-0.492571,-0.000878,0.072398,MOVE_LEFT
2517,1774867660.459039,324.539124,479.254883,69.182846,139.000000,67.000000,-2.279907,-0.005385,2.312712,-0.492908,-0.001552,0.072065,MOVE_LEFT
2518,1774867660.509017,324.377380,479.028442,69.146683,139.000000,68.000000,-2.282269,-0.007025,2.313922,-0.493160,-0.002024,0.072028,MOVE_LEFT
2519,1774867660.572615,324.264160,478.869934,69.146683,139.000000,68.000000,-2.283087,-0.008172,2.313922,-0.493337,-0.002354,0.072028,MOVE_LEFT
2520,1774867660.620313,324.184906,478.908966,69.115944,139.000000,68.000000,-2.284676,-0.007893,2.314951,-0.493461,-0.002273,0.071996,MOVE_LEFT
2521,1774867660.684540,324.129425,478.936279,69.115944,139.000000,68.000000,-2.285077,-0.007695,2.314951,-0.493548,-0.002216,0.071996,MOVE_LEFT
2522,1774867660.758118,324.090607,478.955414,69.115944,139.000000,68.000000,-2.285358,-0.007557,2.314951,-0.493608,-0.002176,0.071996,MOVE_LEFT
2523,1774867660.820530,324.063416,478.968811,69.115944,139.000000,68.000000,-2.285555,-0.007460,2.314951,-0.493651,-0.002148,0.071996,MOVE_LEFT
2524,1774867660.865827,324.035706,478.828186,69.117760,139.000000,68.000000,-2.285695,-0.008477,2.314890,-0.493694,-0.002441,0.071998,MOVE_LEFT
2525,1774867660.920173,324.009796,478.729736,69.096062,139.000000,68.000000,-2.286601,-0.009192,2.315617,-0.493735,-0.002646,0.071975,MOVE_LEFT
2526,1774867660.979086,323.989471,478.510803,69.123215,139.000000,67.000000,-2.285849,-0.010772,2.314707,-0.493766,-0.003102,0.072003,MOVE_LEFT
2527,1774867661.033355,323.844788,478.807556,69.509102,140.000000,67.000000,-2.274200,-0.008578,2.301857,-0.493993,-0.002484,0.072405,MOVE_LEFT
2528,1774867661.077153,323.743500,479.015289,69.509102,140.000000,67.000000,-2.274929,-0.007083,2.301857,-0.494151,-0.002051,0.072405,MOVE_LEFT
2529,1774867661.134091,323.670471,479.310699,69.507294,140.000000,67.000000,-2.275513,-0.004958,2.301917,-0.494265,-0.001436,0.072403,MOVE_LEFT
2530,1774867661.191690,323.619324,479.517487,69.507294,140.000000,67.000000,-2.275881,-0.003471,2.301917,-0.494345,-0.001005,0.072403,MOVE_LEFT
2531,1774867661.254968,323.581360,479.512238,69.509087,140.000000,67.000000,-2.276096,-0.003509,2.301857,-0.494404,-0.001016,0.072405,MOVE_LEFT
2532,1774867661.322767,323.554779,479.508575,69.509087,140.000000,67.000000,-2.276287,-0.003535,2.301857,-0.494446,-0.001024,0.072405,MOVE_LEFT
2533,1774867661.388987,323.405731,479.056030,69.123192,139.000000,67.000000,-2.290073,-0.006828,2.314708,-0.494679,-0.001967,0.072003,MOVE_LEFT
2534,1774867661.446672,323.293793,478.739197,69.148483,139.000000,67.000000,-2.290044,-0.009117,2.313861,-0.494853,-0.002627,0.072030,MOVE_LEFT
2535,1774867661.508382,323.215454,478.517456,69.148483,139.000000,67.000000,-2.290611,-0.010720,2.313861,-0.494976,-0.003089,0.072030,MOVE_LEFT
2536,1774867661.575910,323.150818,478.512207,69.146683,139.000000,67.000000,-2.291138,-0.010758,2.313922,-0.495077,-0.003100,0.072028,MOVE_LEFT
2537,1774867661.632738,323.114258,478.508545,69.117752,139.000000,67.000000,-2.292361,-0.010789,2.314890,-0.495134,-0.003107,0.071998,MOVE_LEFT
2538,1774867661.694180,323.088684,478.505981,69.117752,139.000000,67.000000,-2.292546,-0.010808,2.314890,-0.495174,-0.003113,0.071998,MOVE_LEFT
2539,1774867661.760833,323.062073,478.504211,69.088814,139.000000,67.000000,-2.293699,-0.010825,2.315860,-0.495216,-0.003116,0.071968,MOVE_LEFT
2540,1774867661.815087,323.034760,478.502930,69.117760,139.000000,67.000000,-2.292936,-0.010830,2.314890,-0.495258,-0.003119,0.071998,MOVE_LEFT
2541,1774867661.882509,323.024323,478.352051,69.115944,139.000000,68.000000,-2.293072,-0.011922,2.314951,-0.495274,-0.003433,0.071996,MOVE_LEFT
2542,1774867661.955843,323.017029,478.096436,69.146683,139.000000,68.000000,-2.292105,-0.013765,2.313922,-0.495286,-0.003966,0.072028,MOVE_LEFT
2543,1774867662.016684,323.011932,477.917511,69.146683,139.000000,68.000000,-2.292142,-0.015058,2.313922,-0.495294,-0.004339,0.072028,MOVE_LEFT
2544,1774867662.067870,322.862671,478.242279,69.514473,140.000000,68.000000,-2.281088,-0.012643,2.301679,-0.495527,-0.003662,0.072411,MOVE_LEFT
2546,1774867662.188443,322.753876,478.469604,69.507294,140.000000,68.000000,-2.282107,-0.011009,2.301917,-0.495697,-0.003188,0.072403,MOVE_LEFT
2548,1774867662.293155,322.674469,478.328735,69.518074,140.000000,68.000000,-2.282324,-0.012020,2.301560,-0.495821,-0.003482,0.072415,MOVE_LEFT
2549,1774867662.354998,322.615662,478.380127,69.523476,140.000000,68.000000,-2.282570,-0.011650,2.301381,-0.495913,-0.003375,0.072420,MOVE_LEFT
2550,1774867662.416328,322.430969,477.966095,69.181023,139.000000,68.000000,-2.295203,-0.014700,2.312773,-0.496202,-0.004237,0.072064,MOVE_LEFT
2551,1774867662.479607,322.301697,477.826263,69.146683,139.000000,68.000000,-2.297278,-0.015718,2.313922,-0.496404,-0.004529,0.072028,MOVE_LEFT
2552,1774867662.539405,322.211182,477.728394,69.146683,139.000000,68.000000,-2.297932,-0.016426,2.313922,-0.496545,-0.004733,0.072028,MOVE_LEFT
2553,1774867662.588119,322.147827,477.659882,69.146683,139.000000,68.000000,-2.298391,-0.016921,2.313922,-0.496644,-0.004875,0.072028,MOVE_LEFT
2554,1774867662.645780,322.103485,477.611908,69.146683,139.000000,68.000000,-2.298711,-0.017268,2.313922,-0.496713,-0.004975,0.072028,MOVE_LEFT
2555,1774867662.719132,321.931091,477.728333,69.536072,140.000000,68.000000,-2.287078,-0.016334,2.300964,-0.496983,-0.004733,0.072433,MOVE_LEFT
2556,1774867662.781276,321.810394,477.809814,69.536072,140.000000,68.000000,-2.287946,-0.015749,2.300964,-0.497171,-0.004563,0.072433,MOVE_LEFT
2557,1774867662.838910,321.721588,478.016846,69.530655,140.000000,68.000000,-2.288763,-0.014261,2.301143,-0.497310,-0.004132,0.072428,MOVE_LEFT
2558,1774867662.909038,321.655121,478.311798,69.528870,140.000000,68.000000,-2.289300,-0.012140,2.301202,-0.497414,-0.003517,0.072426,MOVE_LEFT
2559,1774867662.975036,321.604279,478.368286,69.530655,140.000000,68.000000,-2.289607,-0.011734,2.301143,-0.497493,-0.003399,0.072428,MOVE_LEFT
2560,1774867663.022040,321.572998,478.407776,69.588173,140.000000,68.000000,-2.287939,-0.011440,2.299241,-0.497542,-0.003317,0.072488,MOVE_LEFT
2561,1774867663.079209,321.540283,478.435425,69.552254,140.000000,68.000000,-2.289356,-0.011247,2.300429,-0.497593,-0.003260,0.072450,MOVE_LEFT
2562,1774867663.140442,321.512024,478.304810,69.561241,140.000000,68.000000,-2.289263,-0.012185,2.300131,-0.497637,-0.003532,0.072460,MOVE_LEFT
2563,1774867663.199234,321.369293,478.063354,69.182846,139.000000,68.000000,-2.302816,-0.013997,2.312712,-0.497860,-0.004035,0.072065,MOVE_LEFT
2564,1774867663.262132,321.258484,477.744354,69.181023,139.000000,69.000000,-2.303677,-0.016302,2.312773,-0.498034,-0.004699,0.072064,MOVE_LEFT
2565,1774867663.310844,321.180939,477.671051,69.146683,139.000000,69.000000,-2.305382,-0.016841,2.313922,-0.498155,-0.004852,0.072028,MOVE_LEFT
2566,1774867663.364887,321.126648,477.469727,69.181023,139.000000,69.000000,-2.304630,-0.018287,2.312773,-0.498240,-0.005271,0.072064,MOVE_LEFT
2567,1774867663.424545,320.958069,477.478790,69.581009,140.000000,69.000000,-2.292593,-0.018117,2.299478,-0.498503,-0.005253,0.072480,MOVE_LEFT
2568,1774867663.474203,320.840088,477.485138,69.581009,140.000000,69.000000,-2.293441,-0.018071,2.299478,-0.498687,-0.005239,0.072480,MOVE_LEFT
2569,1774867663.523250,320.744537,477.489594,69.566612,140.000000,69.000000,-2.294603,-0.018043,2.299954,-0.498837,-0.005230,0.072465,MOVE_LEFT
2570,1774867663.582500,320.677673,477.492706,69.566612,140.000000,69.000000,-2.295083,-0.018021,2.299954,-0.498941,-0.005224,0.072465,MOVE_LEFT
2571,1774867663.641610,320.630859,477.494904,69.566612,140.000000,69.000000,-2.295420,-0.018005,2.299954,-0.499014,-0.005219,0.072465,MOVE_LEFT
2572,1774867663.699324,320.598083,477.496429,69.566612,140.000000,69.000000,-2.295655,-0.017994,2.299954,-0.499065,-0.005216,0.072465,MOVE_LEFT
2573,1774867663.741969,320.568665,477.497498,69.588173,140.000000,69.000000,-2.295155,-0.017981,2.299241,-0.499111,-0.005214,0.072488,MOVE_LEFT
2574,1774867663.796774,320.548065,477.498230,69.588173,140.000000,69.000000,-2.295303,-0.017976,2.299241,-0.499144,-0.005212,0.072488,MOVE_LEFT
2575,1774867663.857654,320.533630,477.498749,69.588173,140.000000,69.000000,-2.295407,-0.017972,2.299241,-0.499166,-0.005211,0.072488,MOVE_LEFT
2576,1774867663.899025,320.523529,477.499115,69.588173,140.000000,69.000000,-2.295480,-0.017969,2.299241,-0.499182,-0.005210,0.072488,MOVE_LEFT
2577,1774867663.957381,320.516479,477.499390,69.588173,140.000000,69.000000,-2.295530,-0.017967,2.299241,-0.499193,-0.005210,0.072488,MOVE_LEFT
2578,1774867664.020854,320.511536,477.499573,69.588173,140.000000,69.000000,-2.295566,-0.017966,2.299241,-0.499201,-0.005209,0.072488,MOVE_LEFT
2579,1774867664.066542,320.515625,477.649719,69.589966,140.000000,68.000000,-2.295477,-0.016887,2.299182,-0.499194,-0.004896,0.072490,MOVE_LEFT
2580,1774867664.114305,320.518494,477.754822,69.589966,140.000000,68.000000,-2.295457,-0.016131,2.299182,-0.499190,-0.004677,0.072490,MOVE_LEFT
2581,1774867664.177523,320.520508,477.828369,69.589966,140.000000,68.000000,-2.295442,-0.015603,2.299182,-0.499187,-0.004524,0.072490,MOVE_LEFT
2583,1774867664.290276,320.521912,477.879883,69.589966,140.000000,69.000000,-2.295432,-0.015233,2.299182,-0.499185,-0.004417,0.072490,MOVE_LEFT
2584,1774867664.343242,320.522888,477.915894,69.589966,140.000000,69.000000,-2.295425,-0.014974,2.299182,-0.499183,-0.004342,0.072490,MOVE_LEFT
2585,1774867664.405404,320.516022,477.941101,69.679726,140.000000,69.000000,-2.292517,-0.014774,2.296220,-0.499194,-0.004289,0.072583,MOVE_LEFT
2586,1774867664.465062,320.511200,477.958801,69.679726,140.000000,69.000000,-2.292552,-0.014647,2.296220,-0.499201,-0.004252,0.072583,MOVE_LEFT
2587,1774867664.528105,320.525116,477.971191,69.622314,140.000000,69.000000,-2.294343,-0.014570,2.298114,-0.499180,-0.004227,0.072523,MOVE_LEFT
2588,1774867664.578714,320.534851,477.979858,69.622322,140.000000,69.000000,-2.294272,-0.014508,2.298114,-0.499164,-0.004209,0.072523,MOVE_LEFT
2589,1774867664.628411,320.541656,477.985901,69.622322,140.000000,69.000000,-2.294224,-0.014464,2.298114,-0.499154,-0.004196,0.072523,MOVE_LEFT
2590,1774867664.684213,320.679138,477.990112,69.181023,139.000000,69.000000,-2.307865,-0.014526,2.312773,-0.498939,-0.004187,0.072064,MOVE_LEFT
2591,1774867664.748907,320.910278,478.143066,69.595383,140.000000,70.000000,-2.292463,-0.013341,2.299003,-0.498578,-0.003869,0.072495,MOVE_LEFT
2592,1774867664.799168,321.072083,478.250122,69.595383,140.000000,69.000000,-2.291301,-0.012572,2.299003,-0.498325,-0.003646,0.072495,MOVE_LEFT
2593,1774867664.861246,321.191833,478.325073,69.616913,140.000000,69.000000,-2.289732,-0.012030,2.298292,-0.498138,-0.003489,0.072518,MOVE_LEFT
2594,1774867664.923313,321.276733,478.527557,69.589973,140.000000,69.000000,-2.290009,-0.010579,2.299182,-0.498005,-0.003068,0.072490,MOVE_LEFT
2596,1774867665.048466,321.343719,478.819305,69.588173,140.000000,69.000000,-2.289586,-0.008483,2.299241,-0.497900,-0.002460,0.072488,MOVE_LEFT
2597,1774867665.118318,321.384125,479.323547,69.566628,140.000000,69.000000,-2.290005,-0.004862,2.299953,-0.497837,-0.001409,0.072465,MOVE_LEFT
2598,1774867665.183600,321.412415,479.676514,69.566628,140.000000,69.000000,-2.289802,-0.002325,2.299953,-0.497793,-0.000674,0.072465,MOVE_LEFT
2599,1774867665.244107,321.438690,479.923584,69.588173,140.000000,70.000000,-2.288904,-0.000549,2.299241,-0.497752,-0.000159,0.072488,MOVE_LEFT
2600,1774867665.308529,321.457092,480.096497,69.588173,140.000000,70.000000,-2.288772,0.000693,2.299241,-0.497723,0.000201,0.072488,MOVE_LEFT
2601,1774867665.379800,321.469971,480.067535,69.615112,140.000000,70.000000,-2.287794,0.000485,2.298352,-0.497703,0.000141,0.072516,MOVE_LEFT
2602,1774867665.436797,321.486542,480.047272,69.589973,140.000000,70.000000,-2.288501,0.000340,2.299182,-0.497677,0.000098,0.072490,MOVE_LEFT
2603,1774867665.496461,321.499207,479.883087,69.616913,140.000000,70.000000,-2.287525,-0.000840,2.298292,-0.497657,-0.000244,0.072518,MOVE_LEFT
2604,1774867665.564447,321.522095,479.918152,69.604385,140.000000,69.000000,-2.287772,-0.000588,2.298706,-0.497622,-0.000171,0.072505,MOVE_LEFT
2605,1774867665.654061,321.665466,479.792694,69.218956,139.000000,69.000000,-2.299475,-0.001497,2.311506,-0.497398,-0.000432,0.072103,MOVE_LEFT
2606,1774867665.715033,321.765808,479.704895,69.218956,139.000000,69.000000,-2.298750,-0.002132,2.311506,-0.497241,-0.000615,0.072103,MOVE_LEFT
2607,1774867665.773289,321.836060,479.643433,69.218956,139.000000,69.000000,-2.298243,-0.002576,2.311506,-0.497131,-0.000743,0.072103,MOVE_LEFT
2608,1774867665.843504,321.885254,479.300415,69.218956,139.000000,69.000000,-2.297887,-0.005053,2.311506,-0.497054,-0.001457,0.072103,MOVE_LEFT
2609,1774867665.913570,322.058899,479.360291,69.552238,140.000000,69.000000,-2.285628,-0.004599,2.300429,-0.496783,-0.001333,0.072450,MOVE_LEFT
2610,1774867665.969641,322.184753,479.402191,69.566628,140.000000,69.000000,-2.284251,-0.004297,2.299953,-0.496586,-0.001245,0.072465,MOVE_LEFT
2611,1774867666.035499,322.273926,479.581543,69.546860,140.000000,69.000000,-2.284259,-0.003008,2.300607,-0.496447,-0.000872,0.072445,MOVE_LEFT
2612,1774867666.093518,322.336365,479.707062,69.546860,140.000000,69.000000,-2.283810,-0.002106,2.300607,-0.496349,-0.000610,0.072445,MOVE_LEFT
2613,1774867666.155387,322.380066,479.794952,69.546860,140.000000,69.000000,-2.283496,-0.001474,2.300607,-0.496281,-0.000427,0.072445,MOVE_LEFT
2614,1774867666.216120,322.410645,479.856476,69.546860,140.000000,69.000000,-2.283276,-0.001032,2.300607,-0.496233,-0.000299,0.072445,MOVE_LEFT
2615,1774867666.276637,322.432068,479.899536,69.546860,140.000000,69.000000,-2.283122,-0.000722,2.300607,-0.496200,-0.000209,0.072445,MOVE_LEFT
2616,1774867666.328782,322.448120,480.079651,69.530685,140.000000,69.000000,-2.283538,0.000573,2.301142,-0.496175,0.000166,0.072428,MOVE_LEFT
2617,1774867666.387217,322.459381,480.205750,69.530685,140.000000,69.000000,-2.283457,0.001480,2.301142,-0.496157,0.000429,0.072428,MOVE_LEFT
2618,1774867666.445359,322.467255,480.294006,69.530685,140.000000,69.000000,-2.283400,0.002114,2.301142,-0.496145,0.000613,0.072428,MOVE_LEFT
2619,1774867666.506682,322.472778,480.355835,69.530685,140.000000,69.000000,-2.283360,0.002559,2.301142,-0.496136,0.000741,0.072428,MOVE_LEFT
2620,1774867666.561155,322.476624,480.399109,69.530685,140.000000,69.000000,-2.283333,0.002870,2.301142,-0.496130,0.000831,0.072428,MOVE_LEFT
2621,1774867666.623668,322.479309,480.429382,69.530685,140.000000,69.000000,-2.283313,0.003088,2.301142,-0.496126,0.000895,0.072428,MOVE_LEFT
2622,1774867666.695269,322.481201,480.450562,69.530685,140.000000,69.000000,-2.283300,0.003240,2.301142,-0.496123,0.000939,0.072428,MOVE_LEFT
2623,1774867666.761147,322.482513,480.465393,69.530685,140.000000,69.000000,-2.283290,0.003347,2.301142,-0.496121,0.000970,0.072428,MOVE_LEFT
2624,1774867666.821971,322.474823,480.475769,69.545052,140.000000,69.000000,-2.282874,0.003421,2.300667,-0.496133,0.000991,0.072443,MOVE_LEFT
2625,1774867666.884364,322.469421,480.483032,69.545052,140.000000,69.000000,-2.282913,0.003473,2.300667,-0.496142,0.001006,0.072443,MOVE_LEFT
2626,1774867666.945918,322.465637,480.488098,69.545052,140.000000,69.000000,-2.282940,0.003509,2.300667,-0.496147,0.001017,0.072443,MOVE_LEFT
2627,1774867667.005639,322.463013,480.491699,69.545052,140.000000,69.000000,-2.282959,0.003535,2.300667,-0.496152,0.001024,0.072443,MOVE_LEFT
2628,1774867667.075336,322.324097,479.894165,69.218956,139.000000,69.000000,-2.294718,-0.000764,2.311506,-0.496369,-0.000220,0.072103,MOVE_LEFT
2629,1774867667.146484,322.226868,479.625916,69.181023,139.000000,69.000000,-2.296678,-0.002704,2.312773,-0.496521,-0.000779,0.072064,MOVE_LEFT
2630,1774867667.197763,322.158813,479.438141,69.181023,139.000000,69.000000,-2.297170,-0.004061,2.312773,-0.496627,-0.001171,0.072064,MOVE_LEFT
2631,1774867667.243861,322.111176,479.306702,69.181023,139.000000,69.000000,-2.297515,-0.005011,2.312773,-0.496701,-0.001444,0.072064,MOVE_LEFT
2632,1774867667.305343,322.077820,479.214691,69.181023,139.000000,69.000000,-2.297756,-0.005676,2.312773,-0.496753,-0.001636,0.072064,MOVE_LEFT
2633,1774867667.370947,322.054474,479.150299,69.115944,139.000000,69.000000,-2.300088,-0.006147,2.314951,-0.496790,-0.001770,0.071996,MOVE_LEFT
2634,1774867667.432809,322.038147,479.105225,69.115944,139.000000,69.000000,-2.300206,-0.006473,2.314951,-0.496815,-0.001864,0.071996,MOVE_LEFT
2635,1774867667.501164,322.026703,479.073669,69.115944,139.000000,69.000000,-2.300289,-0.006701,2.314951,-0.496833,-0.001930,0.071996,MOVE_LEFT
2636,1774867667.572798,322.018677,479.051575,69.115944,139.000000,69.000000,-2.300347,-0.006861,2.314951,-0.496846,-0.001976,0.071996,MOVE_LEFT
2637,1774867667.631329,322.013062,479.036102,69.181023,139.000000,69.000000,-2.298224,-0.006966,2.312773,-0.496855,-0.002008,0.072064,MOVE_LEFT
2638,1774867667.689287,321.999359,479.025269,69.148514,139.000000,69.000000,-2.299403,-0.007048,2.313860,-0.496876,-0.002031,0.072030,MOVE_LEFT
2639,1774867667.758066,321.989777,479.017700,69.148514,139.000000,69.000000,-2.299473,-0.007103,2.313860,-0.496891,-0.002046,0.072030,MOVE_LEFT
2640,1774867667.820757,321.981964,478.862366,69.182831,139.000000,69.000000,-2.298388,-0.008222,2.312713,-0.496903,-0.002370,0.072065,MOVE_LEFT
2641,1774867667.877293,321.987366,478.603638,69.181023,139.000000,69.000000,-2.298409,-0.010092,2.312773,-0.496895,-0.002909,0.072064,MOVE_LEFT
2643,1774867668.006689,321.843323,478.872559,69.509102,140.000000,69.000000,-2.288597,-0.008110,2.301857,-0.497120,-0.002349,0.072405,MOVE_LEFT
2644,1774867668.076058,321.738159,479.060791,69.509087,140.000000,69.000000,-2.289354,-0.006756,2.301857,-0.497284,-0.001957,0.072405,MOVE_LEFT
2645,1774867668.136562,321.664551,479.192566,69.509087,140.000000,69.000000,-2.289884,-0.005808,2.301857,-0.497399,-0.001682,0.072405,MOVE_LEFT
2646,1774867668.196382,321.476044,478.684784,69.182846,139.000000,69.000000,-2.302044,-0.009505,2.312712,-0.497694,-0.002740,0.072065,MOVE_LEFT
2647,1774867668.266853,321.333252,478.179352,69.181023,139.000000,69.000000,-2.303137,-0.013159,2.312773,-0.497917,-0.003793,0.072064,MOVE_LEFT
2648,1774867668.324380,321.233276,477.825562,69.181023,139.000000,69.000000,-2.303860,-0.015716,2.312773,-0.498073,-0.004530,0.072064,MOVE_LEFT
2649,1774867668.382748,321.173096,477.577881,69.148483,139.000000,69.000000,-2.305379,-0.017514,2.313861,-0.498167,-0.005046,0.072030,MOVE_LEFT
2650,1774867668.453047,321.129883,477.554504,69.117752,139.000000,68.000000,-2.306716,-0.017691,2.314890,-0.498235,-0.005095,0.071998,MOVE_LEFT
2651,1774867668.518608,321.099609,477.538147,69.117752,139.000000,69.000000,-2.306935,-0.017809,2.314890,-0.498282,-0.005129,0.071998,MOVE_LEFT
2652,1774867668.563982,321.069733,477.376709,69.115944,139.000000,69.000000,-2.307212,-0.018977,2.314951,-0.498329,-0.005465,0.071996,MOVE_LEFT
2653,1774867668.618442,321.048828,477.263702,69.115944,139.000000,69.000000,-2.307363,-0.019795,2.314951,-0.498361,-0.005701,0.071996,MOVE_LEFT
2654,1774867668.680518,321.034180,477.034607,69.146683,139.000000,69.000000,-2.306443,-0.021443,2.313922,-0.498384,-0.006178,0.072028,MOVE_LEFT
2655,1774867668.741592,321.023926,476.874237,69.146683,139.000000,69.000000,-2.306518,-0.022602,2.313922,-0.498400,-0.006512,0.072028,MOVE_LEFT
2656,1774867668.795027,321.016754,476.761963,69.146683,139.000000,69.000000,-2.306569,-0.023414,2.313922,-0.498411,-0.006746,0.072028,MOVE_LEFT
2657,1774867668.860044,321.011719,476.533386,69.181023,139.000000,69.000000,-2.305461,-0.025055,2.312773,-0.498419,-0.007222,0.072064,MOVE_LEFT
2659,1774867668.977737,320.990814,476.373352,69.123215,139.000000,69.000000,-2.307540,-0.026233,2.314707,-0.498452,-0.007556,0.072003,MOVE_LEFT
2660,1774867669.048554,320.976196,476.261353,69.123215,139.000000,69.000000,-2.307646,-0.027043,2.314707,-0.498475,-0.007789,0.072003,MOVE_LEFT
2661,1774867669.098979,320.957245,476.032959,69.132263,139.000000,69.000000,-2.307481,-0.028692,2.314404,-0.498504,-0.008265,0.072013,MOVE_LEFT
2662,1774867669.147735,320.944000,475.873047,69.132263,139.000000,69.000000,-2.307577,-0.029848,2.314404,-0.498525,-0.008598,0.072013,MOVE_LEFT
2663,1774867669.207879,320.934723,475.761108,69.132263,139.000000,69.000000,-2.307644,-0.030658,2.314404,-0.498540,-0.008831,0.072013,MOVE_LEFT
2664,1774867669.269752,320.928223,475.682800,69.132263,139.000000,69.000000,-2.307691,-0.031224,2.314404,-0.498550,-0.008994,0.072013,MOVE_LEFT
2665,1774867669.320147,320.799744,476.377991,69.500099,140.000000,69.000000,-2.296401,-0.026058,2.302155,-0.498750,-0.007546,0.072396,MOVE_LEFT
2666,1774867669.372483,320.833740,476.114624,69.132263,139.000000,69.000000,-2.308374,-0.028101,2.314404,-0.498697,-0.008095,0.072013,MOVE_LEFT
2667,1774867669.440031,320.860809,476.080261,69.105125,139.000000,69.000000,-2.309085,-0.028361,2.315313,-0.498655,-0.008166,0.071985,MOVE_LEFT
2668,1774867669.491940,320.879761,476.056152,69.105125,139.000000,69.000000,-2.308948,-0.028535,2.315313,-0.498625,-0.008216,0.071985,MOVE_LEFT
2669,1774867669.552693,320.898438,476.039307,69.123215,139.000000,69.000000,-2.308208,-0.028650,2.314707,-0.498596,-0.008251,0.072003,MOVE_LEFT
2670,1774867669.625709,320.911499,476.027527,69.123192,139.000000,69.000000,-2.308115,-0.028735,2.314708,-0.498576,-0.008276,0.072003,MOVE_LEFT
2671,1774867669.687238,320.920654,476.019287,69.123192,139.000000,69.000000,-2.308048,-0.028794,2.314708,-0.498561,-0.008293,0.072003,MOVE_LEFT
2672,1774867669.740195,320.929260,476.163513,69.096069,139.000000,69.000000,-2.308892,-0.027762,2.315617,-0.498548,-0.007993,0.071975,MOVE_LEFT
2673,1774867669.793670,320.935272,476.264465,69.096069,139.000000,69.000000,-2.308849,-0.027031,2.315617,-0.498539,-0.007782,0.071975,MOVE_LEFT
2674,1774867669.854601,320.939484,476.335144,69.096069,139.000000,69.000000,-2.308818,-0.026520,2.315617,-0.498532,-0.007635,0.071975,MOVE_LEFT
2675,1774867669.914166,320.942444,476.384613,69.096069,139.000000,69.000000,-2.308797,-0.026162,2.315617,-0.498527,-0.007532,0.071975,MOVE_LEFT
2676,1774867669.979114,320.951019,476.419250,69.117752,139.000000,68.000000,-2.308010,-0.025903,2.314890,-0.498514,-0.007460,0.071998,MOVE_LEFT
2677,1774867670.031438,320.958099,476.593475,69.090630,139.000000,68.000000,-2.308865,-0.024653,2.315799,-0.498503,-0.007097,0.071969,MOVE_LEFT
2678,1774867670.083235,320.963074,476.715424,69.090630,139.000000,68.000000,-2.308829,-0.023770,2.315799,-0.498495,-0.006843,0.071969,MOVE_LEFT
2679,1774867670.139690,320.966553,476.800812,69.090630,139.000000,68.000000,-2.308804,-0.023152,2.315799,-0.498490,-0.006665,0.071969,MOVE_LEFT
2680,1774867670.203544,320.968994,476.860565,69.090630,139.000000,68.000000,-2.308786,-0.022720,2.315799,-0.498486,-0.006540,0.071969,MOVE_LEFT
2681,1774867670.245226,320.970703,476.902405,69.090630,139.000000,68.000000,-2.308774,-0.022417,2.315799,-0.498483,-0.006453,0.071969,MOVE_LEFT
2682,1774867670.298933,320.972961,477.081665,69.067108,139.000000,68.000000,-2.309544,-0.021127,2.316588,-0.498480,-0.006080,0.071945,MOVE_LEFT
2683,1774867670.358384,320.974548,477.207153,69.067108,139.000000,68.000000,-2.309532,-0.020218,2.316588,-0.498477,-0.005818,0.071945,MOVE_LEFT
2684,1774867670.405368,320.975647,477.295013,69.067108,139.000000,68.000000,-2.309524,-0.019582,2.316588,-0.498476,-0.005635,0.071945,MOVE_LEFT
2685,1774867670.461565,320.976440,477.356506,69.067108,139.000000,68.000000,-2.309519,-0.019137,2.316588,-0.498474,-0.005507,0.071945,MOVE_LEFT
2686,1774867670.525418,320.976990,477.399536,69.067108,139.000000,68.000000,-2.309515,-0.018826,2.316588,-0.498473,-0.005418,0.071945,MOVE_LEFT
2687,1774867670.585998,320.977356,477.429657,69.067108,139.000000,68.000000,-2.309512,-0.018608,2.316588,-0.498473,-0.005355,0.071945,MOVE_LEFT
2688,1774867670.649383,320.977631,477.450745,69.067108,139.000000,68.000000,-2.309510,-0.018455,2.316588,-0.498472,-0.005311,0.071945,MOVE_LEFT
2689,1774867670.716139,320.977844,477.465515,69.067108,139.000000,68.000000,-2.309509,-0.018348,2.316588,-0.498472,-0.005280,0.071945,MOVE_LEFT
2690,1774867670.778462,320.977966,477.475861,69.067108,139.000000,68.000000,-2.309508,-0.018273,2.316588,-0.498472,-0.005259,0.071945,MOVE_LEFT
2691,1774867670.839926,320.978058,477.483093,69.067108,139.000000,68.000000,-2.309507,-0.018221,2.316588,-0.498472,-0.005244,0.071945,MOVE_LEFT
2692,1774867670.905840,320.978119,477.488159,69.067108,139.000000,68.000000,-2.309507,-0.018184,2.316588,-0.498472,-0.005233,0.071945,MOVE_LEFT
2693,1774867670.964923,320.978149,477.491699,69.067108,139.000000,68.000000,-2.309506,-0.018158,2.316588,-0.498472,-0.005226,0.071945,MOVE_LEFT
2694,1774867671.025336,320.978210,477.494171,69.067108,139.000000,68.000000,-2.309506,-0.018141,2.316588,-0.498472,-0.005220,0.071945,MOVE_LEFT
2695,1774867671.095735,320.978210,477.495911,69.067108,139.000000,68.000000,-2.309506,-0.018128,2.316588,-0.498472,-0.005217,0.071945,MOVE_LEFT
2696,1774867671.159036,320.978210,477.497131,69.067108,139.000000,69.000000,-2.309506,-0.018119,2.316588,-0.498472,-0.005214,0.071945,MOVE_LEFT
2697,1774867671.220680,320.978210,477.497986,69.067108,139.000000,69.000000,-2.309506,-0.018113,2.316588,-0.498472,-0.005213,0.071945,MOVE_LEFT
2698,1774867671.291811,320.978210,477.498596,69.067108,139.000000,69.000000,-2.309506,-0.018109,2.316588,-0.498472,-0.005211,0.071945,MOVE_LEFT
2699,1774867671.360605,320.978210,477.499023,69.067108,139.000000,69.000000,-2.309506,-0.018105,2.316588,-0.498472,-0.005210,0.071945,MOVE_LEFT
2701,1774867671.485535,320.979309,477.649292,69.047173,139.000000,69.000000,-2.310165,-0.017022,2.317256,-0.498470,-0.004897,0.071924,MOVE_LEFT
2702,1774867671.548268,320.980072,477.754517,69.047173,139.000000,69.000000,-2.310159,-0.016261,2.317256,-0.498469,-0.004678,0.071924,MOVE_LEFT
2703,1774867671.606888,320.986053,477.828186,69.065285,139.000000,69.000000,-2.309510,-0.015723,2.316649,-0.498459,-0.004525,0.071943,MOVE_LEFT
2704,1774867671.656788,320.990234,478.029724,69.045372,139.000000,69.000000,-2.310146,-0.014268,2.317317,-0.498453,-0.004105,0.071922,MOVE_LEFT
2705,1774867671.706391,320.993164,478.020813,69.065285,139.000000,69.000000,-2.309459,-0.014328,2.316649,-0.498448,-0.004123,0.071943,MOVE_LEFT
2706,1774867671.760933,320.995209,478.014587,69.065285,139.000000,69.000000,-2.309444,-0.014373,2.316649,-0.498445,-0.004136,0.071943,MOVE_LEFT
2707,1774867671.823915,321.002075,478.010193,69.047195,139.000000,69.000000,-2.309999,-0.014409,2.317256,-0.498434,-0.004145,0.071924,MOVE_LEFT
2708,1774867671.880192,321.001465,478.007141,69.115944,139.000000,69.000000,-2.307706,-0.014417,2.314951,-0.498435,-0.004152,0.071996,MOVE_LEFT
2709,1774867671.932158,321.017334,478.005005,69.061684,139.000000,69.000000,-2.309404,-0.014444,2.316769,-0.498410,-0.004156,0.071939,MOVE_LEFT
2710,1774867672.001598,321.162140,477.553497,68.720551,138.000000,69.000000,-2.319815,-0.017800,2.328270,-0.498184,-0.005097,0.071584,MOVE_LEFT
2711,1774867672.069051,321.263489,477.387451,68.682335,138.000000,69.000000,-2.320367,-0.019019,2.329566,-0.498026,-0.005443,0.071544,MOVE_LEFT
2712,1774867672.126637,321.334442,477.271210,68.682335,138.000000,69.000000,-2.319851,-0.019865,2.329566,-0.497915,-0.005685,0.071544,MOVE_LEFT
2713,1774867672.196238,321.384125,477.189850,68.682335,138.000000,69.000000,-2.319489,-0.020458,2.329566,-0.497837,-0.005854,0.071544,MOVE_LEFT
2714,1774867672.260805,321.418884,477.132904,68.682335,138.000000,69.000000,-2.319236,-0.020872,2.329566,-0.497783,-0.005973,0.071544,MOVE_LEFT
2715,1774867672.319058,321.454163,476.943054,68.684166,138.000000,69.000000,-2.318918,-0.022254,2.329503,-0.497728,-0.006369,0.071546,MOVE_LEFT
2716,1774867672.383572,321.479980,476.660156,68.722366,138.000000,70.000000,-2.317441,-0.024300,2.328209,-0.497688,-0.006958,0.071586,MOVE_LEFT
2717,1774867672.439876,321.630554,476.762115,69.047173,139.000000,69.000000,-2.305449,-0.023447,2.317256,-0.497452,-0.006746,0.071924,MOVE_LEFT
2718,1774867672.501530,321.741394,476.833496,69.065285,139.000000,69.000000,-2.304042,-0.022924,2.316649,-0.497279,-0.006597,0.071943,MOVE_LEFT
2719,1774867672.571680,321.818970,477.033447,69.045372,139.000000,69.000000,-2.304145,-0.021483,2.317317,-0.497158,-0.006180,0.071922,MOVE_LEFT
2721,1774867672.678779,321.877625,477.173401,69.030891,139.000000,69.000000,-2.304203,-0.020473,2.317803,-0.497066,-0.005889,0.071907,MOVE_LEFT
2722,1774867672.736918,321.923035,477.121368,69.036331,139.000000,69.000000,-2.303693,-0.020849,2.317620,-0.496995,-0.005997,0.071913,MOVE_LEFT
2723,1774867672.800286,321.962433,477.084961,69.061684,139.000000,69.000000,-2.302562,-0.021105,2.316769,-0.496934,-0.006073,0.071939,MOVE_LEFT
2724,1774867672.850068,322.123718,476.609497,68.720551,138.000000,69.000000,-2.312818,-0.024669,2.328270,-0.496682,-0.007064,0.071584,MOVE_LEFT
2725,1774867672.901202,322.236603,476.426636,68.682335,138.000000,69.000000,-2.313283,-0.026014,2.329566,-0.496505,-0.007445,0.071544,MOVE_LEFT
2726,1774867672.957907,322.315613,476.298645,68.682335,138.000000,69.000000,-2.312708,-0.026945,2.329566,-0.496382,-0.007711,0.071544,MOVE_LEFT
2727,1774867673.021626,322.380798,476.209045,68.649590,138.000000,69.000000,-2.313336,-0.027611,2.330677,-0.496280,-0.007898,0.071510,MOVE_LEFT
2728,1774867673.069769,322.427490,475.996338,68.684166,138.000000,69.000000,-2.311832,-0.029145,2.329503,-0.496207,-0.008341,0.071546,MOVE_LEFT
2729,1774867673.120694,322.460205,475.847412,68.684166,138.000000,70.000000,-2.311594,-0.030230,2.329503,-0.496156,-0.008651,0.071546,MOVE_LEFT
2730,1774867673.183236,322.616699,475.893188,69.047173,139.000000,70.000000,-2.298308,-0.029739,2.317256,-0.495911,-0.008556,0.071924,MOVE_LEFT
2731,1774867673.242456,322.731689,476.075226,69.045372,139.000000,70.000000,-2.297535,-0.028422,2.317317,-0.495732,-0.008177,0.071922,MOVE_LEFT
2732,1774867673.290162,322.812195,476.352661,69.029076,139.000000,70.000000,-2.297494,-0.026419,2.317864,-0.495606,-0.007599,0.071905,MOVE_LEFT
2733,1774867673.354226,322.868530,476.696869,69.045372,139.000000,70.000000,-2.296544,-0.023920,2.317317,-0.495518,-0.006882,0.071922,MOVE_LEFT
2734,1774867673.419852,322.916656,476.787811,69.036331,139.000000,70.000000,-2.296496,-0.023264,2.317620,-0.495443,-0.006692,0.071913,MOVE_LEFT
2735,1774867673.472746,322.957977,476.851471,69.061684,139.000000,70.000000,-2.295354,-0.022795,2.316769,-0.495378,-0.006559,0.071939,MOVE_LEFT
2736,1774867673.530178,323.120605,476.446045,68.720551,138.000000,70.000000,-2.305565,-0.025858,2.328270,-0.495124,-0.007404,0.071584,MOVE_LEFT
2737,1774867673.598302,323.234436,476.162231,68.720551,138.000000,70.000000,-2.304737,-0.027923,2.328270,-0.494946,-0.007995,0.071584,MOVE_LEFT
2738,1774867673.652681,323.314087,476.113586,68.682335,138.000000,70.000000,-2.305439,-0.028293,2.329566,-0.494822,-0.008097,0.071544,MOVE_LEFT
2739,1774867673.706443,323.369873,476.079529,68.682335,138.000000,70.000000,-2.305033,-0.028541,2.329566,-0.494735,-0.008168,0.071544,MOVE_LEFT
2740,1774867673.772467,323.408905,476.055664,68.682335,138.000000,70.000000,-2.304749,-0.028714,2.329566,-0.494674,-0.008217,0.071544,MOVE_LEFT
2741,1774867673.831009,323.436218,476.038940,68.682335,138.000000,69.000000,-2.304550,-0.028836,2.329566,-0.494631,-0.008252,0.071544,MOVE_LEFT
2742,1774867673.885708,323.455353,475.877258,68.720551,138.000000,69.000000,-2.303129,-0.029996,2.328270,-0.494601,-0.008589,0.071584,MOVE_LEFT
2743,1774867673.950367,323.468750,475.764099,68.720551,138.000000,69.000000,-2.303032,-0.030820,2.328270,-0.494580,-0.008825,0.071584,MOVE_LEFT
2744,1774867674.012712,323.617249,475.984863,69.052635,139.000000,69.000000,-2.290881,-0.029073,2.317073,-0.494348,-0.008365,0.071930,MOVE_LEFT
2745,1774867674.068110,323.725555,476.139404,69.067108,139.000000,69.000000,-2.289617,-0.027948,2.316588,-0.494179,-0.008043,0.071945,MOVE_LEFT
2746,1774867674.122640,323.807892,476.397583,69.065285,139.000000,69.000000,-2.289081,-0.026080,2.316649,-0.494050,-0.007505,0.071943,MOVE_LEFT
2747,1774867674.180669,323.865540,476.578308,69.065285,139.000000,69.000000,-2.288664,-0.024771,2.316649,-0.493960,-0.007129,0.071943,MOVE_LEFT
2748,1774867674.241128,323.905884,476.854797,69.045372,139.000000,69.000000,-2.289032,-0.022776,2.317317,-0.493897,-0.006553,0.071922,MOVE_LEFT
2749,1774867674.295739,323.934113,477.048340,69.045372,139.000000,69.000000,-2.288827,-0.021375,2.317317,-0.493853,-0.006149,0.071922,MOVE_LEFT
2750,1774867674.341129,323.953888,477.183838,69.045372,139.000000,69.000000,-2.288684,-0.020394,2.317317,-0.493822,-0.005867,0.071922,MOVE_LEFT
2751,1774867674.401914,323.967712,477.128693,69.065285,139.000000,69.000000,-2.287924,-0.020787,2.316649,-0.493800,-0.005982,0.071943,MOVE_LEFT
2752,1774867674.463479,323.983917,477.240082,69.067085,139.000000,70.000000,-2.287747,-0.019980,2.316588,-0.493775,-0.005750,0.071945,MOVE_LEFT
2753,1774867674.510406,323.995270,477.318054,69.067085,139.000000,70.000000,-2.287665,-0.019416,2.316588,-0.493757,-0.005587,0.071945,MOVE_LEFT
2754,1774867674.562689,323.996704,477.372620,69.146683,139.000000,69.000000,-2.285021,-0.018999,2.313922,-0.493755,-0.005474,0.072028,MOVE_LEFT
2755,1774867674.623758,323.997681,477.410828,69.146683,139.000000,69.000000,-2.285014,-0.018722,2.313922,-0.493754,-0.005394,0.072028,MOVE_LEFT
2756,1774867674.672127,323.998383,477.437561,69.146683,139.000000,69.000000,-2.285009,-0.018529,2.313922,-0.493753,-0.005338,0.072028,MOVE_LEFT
2757,1774867674.722241,324.016266,477.306305,69.123192,139.000000,69.000000,-2.285656,-0.019485,2.314708,-0.493725,-0.005612,0.072003,MOVE_LEFT
2758,1774867674.780084,324.161377,477.364410,68.720551,138.000000,69.000000,-2.297993,-0.019176,2.328270,-0.493498,-0.005491,0.071584,MOVE_LEFT
2759,1774867674.834078,324.262970,477.405090,68.720551,138.000000,69.000000,-2.297253,-0.018880,2.328270,-0.493339,-0.005406,0.071584,MOVE_LEFT
2760,1774867674.896710,324.334076,477.283569,68.762367,138.000000,69.000000,-2.295339,-0.019752,2.326854,-0.493228,-0.005659,0.071627,MOVE_LEFT
2761,1774867674.949499,324.518616,477.348480,69.096069,139.000000,70.000000,-2.282918,-0.019187,2.315617,-0.492940,-0.005524,0.071975,MOVE_LEFT
2762,1774867675.004000,324.655426,477.543945,69.090630,139.000000,70.000000,-2.282108,-0.017774,2.315799,-0.492726,-0.005117,0.071969,MOVE_LEFT
2763,1774867675.063244,324.751190,477.680786,69.090630,139.000000,70.000000,-2.281415,-0.016784,2.315799,-0.492576,-0.004832,0.071969,MOVE_LEFT
2764,1774867675.120775,324.825836,477.926575,69.088814,139.000000,69.000000,-2.280935,-0.015006,2.315860,-0.492460,-0.004320,0.071968,MOVE_LEFT
2765,1774867675.165603,324.878082,478.248596,69.065285,139.000000,69.000000,-2.281334,-0.012679,2.316649,-0.492378,-0.003649,0.071943,MOVE_LEFT
2766,1774867675.220810,324.914673,478.324036,69.088814,139.000000,69.000000,-2.280292,-0.012129,2.315860,-0.492321,-0.003492,0.071968,MOVE_LEFT
2767,1774867675.281382,324.940277,478.376831,69.146683,139.000000,69.000000,-2.278198,-0.011737,2.313922,-0.492281,-0.003382,0.072028,MOVE_LEFT
2768,1774867675.341519,324.958191,478.263794,69.181023,139.000000,69.000000,-2.276938,-0.012548,2.312773,-0.492253,-0.003617,0.072064,MOVE_LEFT
2769,1774867675.403446,324.988129,478.184631,69.123192,139.000000,69.000000,-2.278626,-0.013131,2.314708,-0.492206,-0.003782,0.072003,MOVE_LEFT
2770,1774867675.465379,325.141693,478.129272,68.762367,138.000000,69.000000,-2.289467,-0.013603,2.326854,-0.491966,-0.003897,0.071627,MOVE_LEFT
2771,1774867675.513331,325.383972,478.240479,69.096069,139.000000,69.000000,-2.276656,-0.012732,2.315617,-0.491588,-0.003666,0.071975,MOVE_LEFT
2773,1774867675.623518,325.568787,478.318359,69.088814,139.000000,69.000000,-2.275558,-0.012170,2.315860,-0.491299,-0.003503,0.071968,MOVE_LEFT
2774,1774867675.688551,325.698151,478.522858,69.065285,139.000000,69.000000,-2.275397,-0.010694,2.316649,-0.491097,-0.003077,0.071943,MOVE_LEFT
2775,1774867675.750507,325.788696,478.515991,69.088814,139.000000,69.000000,-2.273967,-0.010740,2.315860,-0.490955,-0.003092,0.071968,MOVE_LEFT
2776,1774867675.800981,325.852081,478.511169,69.146683,139.000000,69.000000,-2.271605,-0.010766,2.313922,-0.490856,-0.003102,0.072028,MOVE_LEFT
2777,1774867675.844368,325.907318,478.507812,69.182846,139.000000,69.000000,-2.270019,-0.010784,2.312712,-0.490770,-0.003109,0.072065,MOVE_LEFT
2778,1774867675.907381,326.085114,478.505493,68.720551,138.000000,69.000000,-2.283996,-0.010874,2.328270,-0.490492,-0.003114,0.071584,MOVE_LEFT
2779,1774867675.970336,326.333496,478.503845,69.132263,139.000000,69.000000,-2.268597,-0.010821,2.314404,-0.490104,-0.003117,0.072013,MOVE_LEFT
2780,1774867676.020633,326.524750,478.502686,69.117752,139.000000,69.000000,-2.267690,-0.010832,2.314890,-0.489805,-0.003119,0.071998,MOVE_LEFT
2781,1774867676.072188,326.667328,478.501892,69.088814,139.000000,69.000000,-2.267608,-0.010842,2.315860,-0.489582,-0.003121,0.071968,MOVE_LEFT
2782,1774867676.132569,326.767151,478.501343,69.088814,139.000000,69.000000,-2.266885,-0.010846,2.315860,-0.489426,-0.003122,0.071968,MOVE_LEFT
2783,1774867676.191956,326.837006,478.650940,69.065285,139.000000,69.000000,-2.267152,-0.009767,2.316649,-0.489317,-0.002811,0.071943,MOVE_LEFT
2784,1774867676.254111,326.885925,478.605652,69.088814,139.000000,69.000000,-2.266026,-0.010091,2.315860,-0.489241,-0.002905,0.071968,MOVE_LEFT
2785,1774867676.310320,326.920166,478.573975,69.146683,139.000000,69.000000,-2.263882,-0.010312,2.313922,-0.489187,-0.002971,0.072028,MOVE_LEFT
2786,1774867676.361479,326.944122,478.551758,69.146683,139.000000,69.000000,-2.263709,-0.010472,2.313922,-0.489150,-0.003017,0.072028,MOVE_LEFT
2787,1774867676.418620,326.986969,478.536255,69.132286,139.000000,69.000000,-2.263870,-0.010587,2.314403,-0.489083,-0.003049,0.072013,MOVE_LEFT
2788,1774867676.475421,327.140869,478.375366,68.762367,138.000000,69.000000,-2.274930,-0.011813,2.326854,-0.488842,-0.003385,0.071627,MOVE_LEFT
2789,1774867676.523324,327.248627,478.262756,68.762367,138.000000,69.000000,-2.274146,-0.012632,2.326854,-0.488674,-0.003619,0.071627,MOVE_LEFT
2790,1774867676.575839,327.447968,478.333923,69.132263,139.000000,69.000000,-2.260537,-0.012050,2.314404,-0.488363,-0.003471,0.072013,MOVE_LEFT
2791,1774867676.630339,327.598358,478.383728,69.096069,139.000000,69.000000,-2.260633,-0.011696,2.315617,-0.488128,-0.003367,0.071975,MOVE_LEFT
2792,1774867676.690885,327.710144,478.418579,69.117752,139.000000,70.000000,-2.259115,-0.011440,2.314890,-0.487953,-0.003295,0.071998,MOVE_LEFT
2793,1774867676.749922,327.788391,478.442993,69.117752,139.000000,70.000000,-2.258549,-0.011263,2.314890,-0.487831,-0.003244,0.071998,MOVE_LEFT
2794,1774867676.800002,327.843170,478.460083,69.117752,139.000000,70.000000,-2.258152,-0.011140,2.314890,-0.487745,-0.003208,0.071998,MOVE_LEFT
2795,1774867676.850533,327.882629,478.622070,69.090630,139.000000,70.000000,-2.258753,-0.009972,2.315799,-0.487683,-0.002871,0.071969,MOVE_LEFT
2796,1774867676.912028,327.910217,478.735443,69.090630,139.000000,70.000000,-2.258554,-0.009151,2.315799,-0.487640,-0.002634,0.071969,MOVE_LEFT
2797,1774867676.967578,327.929565,478.814819,69.090630,139.000000,70.000000,-2.258414,-0.008577,2.315799,-0.487610,-0.002469,0.071969,MOVE_LEFT
2798,1774867677.018987,327.950684,478.870392,69.115944,139.000000,70.000000,-2.257434,-0.008172,2.314951,-0.487577,-0.002353,0.071996,MOVE_LEFT
2799,1774867677.078350,327.965485,478.909271,69.115944,139.000000,70.000000,-2.257327,-0.007891,2.314951,-0.487554,-0.002272,0.071996,MOVE_LEFT
2800,1774867677.137222,327.967133,479.086487,69.117752,139.000000,70.000000,-2.257256,-0.006608,2.314890,-0.487551,-0.001903,0.071998,MOVE_LEFT
2801,1774867677.195638,327.968292,479.210541,69.117752,139.000000,70.000000,-2.257247,-0.005711,2.314890,-0.487550,-0.001645,0.071998,MOVE_LEFT
2802,1774867677.254022,327.969116,479.297394,69.117752,139.000000,70.000000,-2.257241,-0.005083,2.314890,-0.487548,-0.001464,0.071998,MOVE_LEFT
2803,1774867677.300632,327.969696,479.358185,69.117752,139.000000,70.000000,-2.257237,-0.004643,2.314890,-0.487547,-0.001337,0.071998,MOVE_LEFT
2804,1774867677.363084,327.970093,479.400726,69.117752,139.000000,70.000000,-2.257234,-0.004335,2.314890,-0.487547,-0.001248,0.071998,MOVE_LEFT
2805,1774867677.434738,327.970367,479.430511,69.117752,139.000000,70.000000,-2.257232,-0.004120,2.314890,-0.487546,-0.001186,0.071998,MOVE_LEFT
2806,1774867677.501420,327.970551,479.451355,69.117752,139.000000,70.000000,-2.257231,-0.003969,2.314890,-0.487546,-0.001143,0.071998,MOVE_LEFT
2807,1774867677.562772,327.970673,479.465942,69.117752,139.000000,70.000000,-2.257230,-0.003863,2.314890,-0.487546,-0.001113,0.071998,MOVE_LEFT
2808,1774867677.633651,327.964264,479.476166,69.096069,139.000000,70.000000,-2.257985,-0.003791,2.315617,-0.487556,-0.001091,0.071975,MOVE_LEFT
2809,1774867677.690832,327.964111,479.483307,69.182831,139.000000,70.000000,-2.255154,-0.003734,2.312713,-0.487556,-0.001076,0.072065,MOVE_LEFT
2811,1774867677.820943,327.948792,479.488312,69.132263,139.000000,70.000000,-2.256914,-0.003701,2.314404,-0.487580,-0.001066,0.072013,MOVE_LEFT
2812,1774867677.876878,327.938080,479.491821,69.132263,139.000000,70.000000,-2.256992,-0.003675,2.314404,-0.487597,-0.001059,0.072013,MOVE_LEFT
2813,1774867677.929644,327.930573,479.494263,69.132263,139.000000,70.000000,-2.257046,-0.003658,2.314404,-0.487608,-0.001054,0.072013,MOVE_LEFT
2814,1774867677.988455,327.922058,479.345978,69.163033,139.000000,70.000000,-2.256104,-0.004728,2.313375,-0.487622,-0.001363,0.072045,MOVE_LEFT
2815,1774867678.049253,327.916077,479.242188,69.163033,139.000000,70.000000,-2.256147,-0.005478,2.313375,-0.487631,-0.001579,0.072045,MOVE_LEFT
2816,1774867678.106815,327.911896,479.169525,69.163033,139.000000,70.000000,-2.256177,-0.006004,2.313375,-0.487638,-0.001730,0.072045,MOVE_LEFT
2817,1774867678.156953,327.908997,479.118683,69.163033,139.000000,70.000000,-2.256198,-0.006371,2.313375,-0.487642,-0.001836,0.072045,MOVE_LEFT
2818,1774867678.204254,327.906952,479.083099,69.163033,139.000000,70.000000,-2.256213,-0.006629,2.313375,-0.487645,-0.001910,0.072045,MOVE_LEFT
2819,1774867678.268801,327.900085,479.058167,69.144966,139.000000,70.000000,-2.256852,-0.006811,2.313979,-0.487656,-0.001962,0.072026,MOVE_LEFT
2820,1774867678.339131,327.780060,478.890686,68.807800,138.000000,70.000000,-2.268783,-0.008061,2.325318,-0.487844,-0.002311,0.071675,MOVE_LEFT
2821,1774867678.393144,327.696045,478.773499,68.807800,138.000000,70.000000,-2.269394,-0.008913,2.325318,-0.487975,-0.002555,0.071675,MOVE_LEFT
2822,1774867678.443217,327.487244,478.541443,69.260475,139.000000,71.000000,-2.256069,-0.010530,2.310120,-0.488301,-0.003039,0.072146,MOVE_LEFT
2823,1774867678.501066,327.341064,478.379028,69.260475,139.000000,71.000000,-2.257124,-0.011702,2.310120,-0.488530,-0.003377,0.072146,MOVE_LEFT
2824,1774867678.571377,327.238770,478.415344,69.218956,139.000000,71.000000,-2.259217,-0.011447,2.311506,-0.488689,-0.003301,0.072103,MOVE_LEFT
2825,1774867678.638856,327.167145,478.440735,69.218956,139.000000,71.000000,-2.259734,-0.011263,2.311506,-0.488801,-0.003248,0.072103,MOVE_LEFT
2826,1774867678.695818,327.136566,478.458496,69.153946,139.000000,71.000000,-2.262079,-0.011145,2.313679,-0.488849,-0.003211,0.072035,MOVE_LEFT
2827,1774867678.755262,327.105377,478.320923,69.148483,139.000000,71.000000,-2.262484,-0.012141,2.313861,-0.488898,-0.003498,0.072030,MOVE_LEFT
2828,1774867678.798751,327.073761,478.374634,69.146683,139.000000,70.000000,-2.262771,-0.011753,2.313922,-0.488947,-0.003386,0.072028,MOVE_LEFT
2829,1774867678.850293,327.051636,478.412231,69.146683,139.000000,70.000000,-2.262931,-0.011481,2.313922,-0.488982,-0.003308,0.072028,MOVE_LEFT
2830,1774867678.916762,327.036133,478.438538,69.146683,139.000000,70.000000,-2.263043,-0.011291,2.313922,-0.489006,-0.003253,0.072028,MOVE_LEFT
2831,1774867678.972949,327.025299,478.456970,69.146683,139.000000,70.000000,-2.263122,-0.011158,2.313922,-0.489023,-0.003215,0.072028,MOVE_LEFT
2832,1774867679.037274,327.017700,478.469849,69.146683,139.000000,71.000000,-2.263177,-0.011065,2.313922,-0.489035,-0.003188,0.072028,MOVE_LEFT
2833,1774867679.103056,327.003693,478.478882,69.117760,139.000000,71.000000,-2.264225,-0.011004,2.314890,-0.489057,-0.003169,0.071998,MOVE_LEFT
2834,1774867679.159863,326.985199,478.335205,69.123215,139.000000,70.000000,-2.264180,-0.012042,2.314707,-0.489086,-0.003468,0.072003,MOVE_LEFT
2835,1774867679.205231,326.979858,478.234619,69.148514,139.000000,70.000000,-2.263390,-0.012765,2.313860,-0.489094,-0.003678,0.072030,MOVE_LEFT
2836,1774867679.257888,326.985901,477.864227,69.181023,139.000000,70.000000,-2.262283,-0.015436,2.312773,-0.489085,-0.004450,0.072064,MOVE_LEFT
2837,1774867679.320900,326.990112,477.604950,69.181023,139.000000,70.000000,-2.262253,-0.017310,2.312773,-0.489078,-0.004990,0.072064,MOVE_LEFT
2838,1774867679.380289,326.973511,477.273468,69.153938,139.000000,71.000000,-2.263259,-0.019713,2.313679,-0.489104,-0.005680,0.072035,MOVE_LEFT
2839,1774867679.434759,326.831451,476.891418,68.762367,138.000000,71.000000,-2.277180,-0.022604,2.326854,-0.489326,-0.006476,0.071627,MOVE_LEFT
2840,1774867679.488698,326.732025,476.623962,68.762367,138.000000,71.000000,-2.277903,-0.024549,2.326854,-0.489481,-0.007033,0.071627,MOVE_LEFT
2841,1774867679.546728,326.662415,476.436768,68.762367,138.000000,70.000000,-2.278409,-0.025910,2.326854,-0.489590,-0.007423,0.071627,MOVE_LEFT
2842,1774867679.605357,326.613678,476.155762,68.807800,138.000000,70.000000,-2.277259,-0.027935,2.325318,-0.489666,-0.008009,0.071675,MOVE_LEFT
2843,1774867679.660730,326.441528,476.109009,69.220772,139.000000,70.000000,-2.264916,-0.028106,2.311445,-0.489935,-0.008106,0.072105,MOVE_LEFT
2844,1774867679.722982,326.309082,475.926331,69.218956,139.000000,70.000000,-2.265932,-0.029426,2.311506,-0.490142,-0.008487,0.072103,MOVE_LEFT
2845,1774867679.773796,326.233765,475.948425,69.123192,139.000000,71.000000,-2.269616,-0.029307,2.314708,-0.490260,-0.008441,0.072003,MOVE_LEFT
2846,1774867679.827878,326.181030,475.963867,69.123192,139.000000,71.000000,-2.269998,-0.029195,2.314708,-0.490342,-0.008409,0.072003,MOVE_LEFT
2847,1774867679.884674,326.144104,475.974731,69.123192,139.000000,71.000000,-2.270265,-0.029117,2.314708,-0.490400,-0.008386,0.072003,MOVE_LEFT
2848,1774867679.948138,326.118286,475.982300,69.123192,139.000000,71.000000,-2.270452,-0.029062,2.314708,-0.490440,-0.008370,0.072003,MOVE_LEFT
2849,1774867679.996168,326.100189,475.987610,69.123192,139.000000,71.000000,-2.270582,-0.029023,2.314708,-0.490468,-0.008359,0.072003,MOVE_LEFT
2850,1774867680.041518,326.077728,475.991333,69.090622,139.000000,71.000000,-2.271815,-0.029010,2.315799,-0.490504,-0.008351,0.071969,MOVE_LEFT
2851,1774867680.103909,326.062012,475.993958,69.090622,139.000000,71.000000,-2.271929,-0.028991,2.315799,-0.490528,-0.008346,0.071969,MOVE_LEFT
2852,1774867680.163216,326.051025,475.995789,69.090622,139.000000,71.000000,-2.272009,-0.028978,2.315799,-0.490545,-0.008342,0.071969,MOVE_LEFT
2853,1774867680.200692,326.043335,475.997070,69.090622,139.000000,71.000000,-2.272064,-0.028969,2.315799,-0.490557,-0.008339,0.071969,MOVE_LEFT
2854,1774867680.258620,326.037933,475.997925,69.090622,139.000000,71.000000,-2.272103,-0.028963,2.315799,-0.490566,-0.008338,0.071969,MOVE_LEFT
2855,1774867680.317787,326.026550,476.148560,69.088814,139.000000,71.000000,-2.272245,-0.027873,2.315860,-0.490584,-0.008024,0.071968,MOVE_LEFT
2856,1774867680.370712,326.018585,476.253998,69.088814,139.000000,71.000000,-2.272303,-0.027110,2.315860,-0.490596,-0.007804,0.071968,MOVE_LEFT
2857,1774867680.421921,326.013000,476.327820,69.088814,139.000000,70.000000,-2.272343,-0.026576,2.315860,-0.490605,-0.007650,0.071968,MOVE_LEFT
2858,1774867680.481548,326.009094,476.379486,69.088814,139.000000,70.000000,-2.272372,-0.026202,2.315860,-0.490611,-0.007543,0.071968,MOVE_LEFT
2859,1774867680.526808,326.006348,476.415649,69.088814,139.000000,70.000000,-2.272391,-0.025940,2.315860,-0.490615,-0.007467,0.071968,MOVE_LEFT
2860,1774867680.580443,326.004456,476.440948,69.088814,139.000000,70.000000,-2.272405,-0.025757,2.315860,-0.490618,-0.007415,0.071968,MOVE_LEFT
2861,1774867680.643027,326.003113,476.458679,69.088814,139.000000,70.000000,-2.272415,-0.025629,2.315860,-0.490620,-0.007378,0.071968,MOVE_LEFT
2862,1774867680.733094,326.002197,476.471069,69.088814,139.000000,71.000000,-2.272421,-0.025539,2.315860,-0.490622,-0.007352,0.071968,MOVE_LEFT
2863,1774867680.788928,325.993927,476.629761,69.090630,139.000000,71.000000,-2.272422,-0.024390,2.315799,-0.490635,-0.007021,0.071969,MOVE_LEFT
2864,1774867680.837271,325.988129,476.740845,69.090630,139.000000,70.000000,-2.272464,-0.023586,2.315799,-0.490644,-0.006790,0.071969,MOVE_LEFT
2865,1774867680.889443,325.984070,476.818604,69.090630,139.000000,70.000000,-2.272493,-0.023023,2.315799,-0.490650,-0.006628,0.071969,MOVE_LEFT
2866,1774867680.955089,325.981232,476.873016,69.090630,139.000000,70.000000,-2.272513,-0.022630,2.315799,-0.490654,-0.006515,0.071969,MOVE_LEFT
2867,1774867681.004026,325.979248,476.911102,69.090630,139.000000,70.000000,-2.272528,-0.022354,2.315799,-0.490657,-0.006435,0.071969,MOVE_LEFT
2868,1774867681.061734,325.968079,476.937775,69.123215,139.000000,70.000000,-2.271537,-0.022150,2.314707,-0.490675,-0.006380,0.072003,MOVE_LEFT
2869,1774867681.116034,325.977661,476.956451,69.181023,139.000000,70.000000,-2.269570,-0.021997,2.312773,-0.490660,-0.006341,0.072064,MOVE_LEFT
2870,1774867681.175456,325.984375,476.969513,69.181023,139.000000,70.000000,-2.269521,-0.021903,2.312773,-0.490649,-0.006314,0.072064,MOVE_LEFT
2871,1774867681.219740,325.971680,476.978668,69.123215,139.000000,70.000000,-2.271511,-0.021855,2.314707,-0.490669,-0.006294,0.072003,MOVE_LEFT
2872,1774867681.269401,325.962769,476.985077,69.123215,139.000000,70.000000,-2.271576,-0.021808,2.314707,-0.490683,-0.006281,0.072003,MOVE_LEFT
2873,1774867681.330926,325.951111,476.989563,69.105125,139.000000,70.000000,-2.272255,-0.021782,2.315313,-0.490701,-0.006272,0.071985,MOVE_LEFT
2874,1774867681.382317,325.948364,476.992706,69.123215,139.000000,69.000000,-2.271680,-0.021753,2.314707,-0.490706,-0.006265,0.072003,MOVE_LEFT
2875,1774867681.436670,325.946472,476.994904,69.123192,139.000000,69.000000,-2.271694,-0.021737,2.314708,-0.490709,-0.006261,0.072003,MOVE_LEFT
2876,1774867681.496995,325.812531,476.996429,68.762367,138.000000,69.000000,-2.284589,-0.021840,2.326854,-0.490918,-0.006257,0.071627,MOVE_LEFT
2877,1774867681.553650,325.718781,476.997498,68.762367,138.000000,69.000000,-2.285271,-0.021832,2.326854,-0.491064,-0.006255,0.071627,MOVE_LEFT
2878,1774867681.595166,325.653137,476.998260,68.762367,138.000000,69.000000,-2.285748,-0.021827,2.326854,-0.491167,-0.006254,0.071627,MOVE_LEFT
2879,1774867681.650701,325.607208,476.998779,68.682335,138.000000,69.000000,-2.288746,-0.021849,2.329566,-0.491239,-0.006253,0.071544,MOVE_LEFT
2880,1774867681.709484,325.575043,476.999146,68.682335,138.000000,69.000000,-2.288980,-0.021846,2.329566,-0.491289,-0.006252,0.071544,MOVE_LEFT
2881,1774867681.763497,325.552521,476.999390,68.682335,138.000000,70.000000,-2.289144,-0.021844,2.329566,-0.491324,-0.006251,0.071544,MOVE_LEFT
2882,1774867681.821044,325.536774,476.999573,68.682335,138.000000,70.000000,-2.289258,-0.021843,2.329566,-0.491349,-0.006251,0.071544,MOVE_LEFT
2883,1774867681.884119,325.525726,476.999695,68.682335,138.000000,69.000000,-2.289339,-0.021842,2.329566,-0.491366,-0.006251,0.071544,MOVE_LEFT
2884,1774867681.934575,325.518005,476.999786,68.682335,138.000000,69.000000,-2.289395,-0.021841,2.329566,-0.491378,-0.006250,0.071544,MOVE_LEFT
2885,1774867681.995158,325.377808,477.149841,69.096062,139.000000,69.000000,-2.276701,-0.020625,2.315617,-0.491597,-0.005938,0.071975,MOVE_LEFT
2886,1774867682.060294,325.273163,477.254883,69.117760,139.000000,69.000000,-2.276744,-0.019858,2.314890,-0.491761,-0.005719,0.071998,MOVE_LEFT
2887,1774867682.121879,325.198822,477.478394,69.090622,139.000000,69.000000,-2.278176,-0.018249,2.315799,-0.491877,-0.005253,0.071969,MOVE_LEFT
2888,1774867682.185398,325.139191,477.634888,69.115944,139.000000,69.000000,-2.277773,-0.017110,2.314951,-0.491970,-0.004927,0.071996,MOVE_LEFT
2889,1774867682.257109,325.097443,477.744446,69.115944,139.000000,69.000000,-2.278075,-0.016317,2.314951,-0.492035,-0.004699,0.071996,MOVE_LEFT
2890,1774867682.317853,325.068207,477.971130,69.088814,139.000000,69.000000,-2.279181,-0.014683,2.315860,-0.492081,-0.004227,0.071968,MOVE_LEFT
2891,1774867682.366131,325.047760,478.129761,69.088814,139.000000,69.000000,-2.279329,-0.013535,2.315860,-0.492113,-0.003896,0.071968,MOVE_LEFT
2892,1774867682.421280,325.033447,478.540833,69.088814,139.000000,69.000000,-2.279432,-0.010560,2.315860,-0.492135,-0.003040,0.071968,MOVE_LEFT
2893,1774867682.495691,325.023407,478.828583,69.088814,139.000000,69.000000,-2.279505,-0.008478,2.315860,-0.492151,-0.002440,0.071968,MOVE_LEFT
2894,1774867682.562626,325.016388,479.029999,69.088814,139.000000,69.000000,-2.279556,-0.007020,2.315860,-0.492162,-0.002021,0.071968,MOVE_LEFT
2895,1774867682.623101,325.011475,479.320984,69.065285,139.000000,69.000000,-2.280368,-0.004916,2.316649,-0.492170,-0.001415,0.071943,MOVE_LEFT
2896,1774867682.680786,325.008026,479.524689,69.065285,139.000000,69.000000,-2.280393,-0.003441,2.316649,-0.492175,-0.000990,0.071943,MOVE_LEFT
2897,1774867682.737236,325.000183,479.667267,69.047173,139.000000,69.000000,-2.281048,-0.002409,2.317256,-0.492187,-0.000693,0.071924,MOVE_LEFT
2898,1774867682.795624,325.000122,479.767090,69.065285,139.000000,68.000000,-2.280450,-0.001686,2.316649,-0.492187,-0.000485,0.071943,MOVE_LEFT
2899,1774867682.851324,325.000092,479.836945,69.065285,139.000000,68.000000,-2.280450,-0.001180,2.316649,-0.492187,-0.000340,0.071943,MOVE_LEFT
2901,1774867682.952597,324.994629,479.885864,69.047173,139.000000,68.000000,-2.281088,-0.000827,2.317256,-0.492196,-0.000238,0.071924,MOVE_LEFT
2902,1774867683.015678,324.983185,479.920105,69.072548,139.000000,68.000000,-2.280333,-0.000578,2.316405,-0.492214,-0.000166,0.071951,MOVE_LEFT
2903,1774867683.065124,324.975189,479.944061,69.072548,139.000000,68.000000,-2.280391,-0.000405,2.316405,-0.492226,-0.000117,0.071951,MOVE_LEFT
2904,1774867683.113173,324.966339,479.960846,69.061691,139.000000,68.000000,-2.280813,-0.000283,2.316769,-0.492240,-0.000082,0.071939,MOVE_LEFT
2905,1774867683.171727,324.960144,479.972595,69.061691,139.000000,68.000000,-2.280858,-0.000198,2.316769,-0.492250,-0.000057,0.071939,MOVE_LEFT
2906,1774867683.230365,324.952515,479.830811,69.081604,139.000000,68.000000,-2.280256,-0.001225,2.316101,-0.492262,-0.000352,0.071960,MOVE_LEFT
2907,1774867683.289661,324.947205,479.731567,69.081604,139.000000,68.000000,-2.280294,-0.001943,2.316101,-0.492270,-0.000559,0.071960,MOVE_LEFT
2908,1774867683.328810,324.813049,479.512115,68.682335,138.000000,69.000000,-2.294527,-0.003552,2.329566,-0.492480,-0.001016,0.071544,MOVE_LEFT
2909,1774867683.388572,324.719116,479.358490,68.682335,138.000000,68.000000,-2.295211,-0.004670,2.329566,-0.492626,-0.001336,0.071544,MOVE_LEFT
2910,1774867683.450604,324.653381,479.250946,68.682335,138.000000,68.000000,-2.295689,-0.005453,2.329566,-0.492729,-0.001561,0.071544,MOVE_LEFT
2911,1774867683.494354,324.607361,479.175659,68.682335,138.000000,68.000000,-2.296024,-0.006001,2.329566,-0.492801,-0.001717,0.071544,MOVE_LEFT
2912,1774867683.555273,324.575134,478.822937,68.682335,138.000000,68.000000,-2.296259,-0.008569,2.329566,-0.492851,-0.002452,0.071544,MOVE_LEFT
2913,1774867683.642899,324.422150,478.726074,69.081604,139.000000,68.000000,-2.284095,-0.009220,2.316101,-0.493090,-0.002654,0.071960,MOVE_LEFT
2914,1774867683.719379,324.306366,478.658264,69.052620,139.000000,68.000000,-2.285892,-0.009715,2.317074,-0.493271,-0.002795,0.071930,MOVE_LEFT
2915,1774867683.780311,324.225311,478.610779,69.052620,139.000000,67.000000,-2.286479,-0.010059,2.317074,-0.493398,-0.002894,0.071930,MOVE_LEFT
2916,1774867683.826714,324.168579,478.577515,69.052620,139.000000,67.000000,-2.286889,-0.010300,2.317074,-0.493487,-0.002964,0.071930,MOVE_LEFT
2917,1774867683.891598,324.122345,478.554260,69.030891,139.000000,68.000000,-2.287944,-0.010472,2.317803,-0.493559,-0.003012,0.071907,MOVE_LEFT
2918,1774867683.963414,324.085632,478.537964,69.045372,139.000000,68.000000,-2.287730,-0.010588,2.317317,-0.493616,-0.003046,0.071922,MOVE_LEFT
2919,1774867684.022032,324.059937,478.526550,69.045372,139.000000,68.000000,-2.287916,-0.010670,2.317317,-0.493656,-0.003070,0.071922,MOVE_LEFT
2920,1774867684.084215,324.041962,478.518555,69.045372,139.000000,68.000000,-2.288046,-0.010728,2.317317,-0.493684,-0.003086,0.071922,MOVE_LEFT
2922,1774867684.208556,324.025024,478.513000,69.030891,139.000000,68.000000,-2.288649,-0.010771,2.317803,-0.493711,-0.003098,0.071907,MOVE_LEFT
2923,1774867684.258149,324.012085,478.359131,69.047195,139.000000,67.000000,-2.288202,-0.011882,2.317256,-0.493731,-0.003418,0.071924,MOVE_LEFT
2924,1774867684.313813,324.003021,478.251404,69.047195,139.000000,67.000000,-2.288268,-0.012662,2.317256,-0.493745,-0.003643,0.071924,MOVE_LEFT
2925,1774867684.371537,323.991241,478.025970,69.052620,139.000000,67.000000,-2.288174,-0.014294,2.317074,-0.493764,-0.004113,0.071930,MOVE_LEFT
2926,1774867684.432982,323.983002,477.868164,69.052620,139.000000,67.000000,-2.288233,-0.015436,2.317074,-0.493777,-0.004441,0.071930,MOVE_LEFT
2927,1774867684.485066,323.849060,477.457733,68.684166,138.000000,67.000000,-2.301483,-0.018507,2.329503,-0.493986,-0.005296,0.071546,MOVE_LEFT
2928,1774867684.533647,323.754181,477.320404,68.649590,138.000000,67.000000,-2.303334,-0.019516,2.330677,-0.494134,-0.005582,0.071510,MOVE_LEFT
2929,1774867684.590649,323.687775,477.224274,68.649590,138.000000,67.000000,-2.303817,-0.020217,2.330677,-0.494238,-0.005783,0.071510,MOVE_LEFT
2930,1774867684.660952,323.641296,477.156982,68.649590,138.000000,67.000000,-2.304156,-0.020707,2.330677,-0.494310,-0.005923,0.071510,MOVE_LEFT
2931,1774867684.732379,323.608765,477.109894,68.649590,138.000000,67.000000,-2.304393,-0.021050,2.330677,-0.494361,-0.006021,0.071510,MOVE_LEFT
2932,1774867684.787951,323.585999,477.076935,68.649590,138.000000,67.000000,-2.304559,-0.021290,2.330677,-0.494397,-0.006090,0.071510,MOVE_LEFT
2933,1774867684.863598,323.560181,477.053864,68.616791,138.000000,67.000000,-2.305848,-0.021468,2.331791,-0.494437,-0.006138,0.071476,MOVE_LEFT
2934,1774867684.939712,323.542114,477.037720,68.616791,138.000000,67.000000,-2.305980,-0.021586,2.331791,-0.494465,-0.006171,0.071476,MOVE_LEFT
2935,1774867685.010369,323.529480,477.026398,68.616791,138.000000,67.000000,-2.306072,-0.021668,2.331791,-0.494485,-0.006195,0.071476,MOVE_LEFT
2936,1774867685.072650,323.520630,477.018494,68.616791,138.000000,67.000000,-2.306136,-0.021726,2.331791,-0.494499,-0.006211,0.071476,MOVE_LEFT
2937,1774867685.168454,323.514435,477.012939,68.616791,138.000000,67.000000,-2.306182,-0.021766,2.331791,-0.494509,-0.006223,0.071476,MOVE_LEFT
2938,1774867685.231321,323.510101,477.009064,68.682335,138.000000,67.000000,-2.304012,-0.021774,2.329566,-0.494515,-0.006231,0.071544,MOVE_LEFT
2939,1774867685.295558,323.507080,476.856354,68.647751,138.000000,67.000000,-2.305195,-0.022897,2.330739,-0.494520,-0.006549,0.071508,MOVE_LEFT
2940,1774867685.355371,323.504944,476.749451,68.647751,138.000000,67.000000,-2.305211,-0.023676,2.330739,-0.494524,-0.006772,0.071508,MOVE_LEFT
2941,1774867685.420364,323.503479,476.674622,68.647751,138.000000,67.000000,-2.305221,-0.024221,2.330739,-0.494526,-0.006928,0.071508,MOVE_LEFT
2942,1774867685.483381,323.502441,476.622253,68.647751,138.000000,67.000000,-2.305229,-0.024602,2.330739,-0.494527,-0.007037,0.071508,MOVE_LEFT
2943,1774867685.553577,323.501709,476.585571,68.647751,138.000000,67.000000,-2.305234,-0.024869,2.330739,-0.494529,-0.007113,0.071508,MOVE_LEFT
2944,1774867685.615825,323.501190,476.559906,68.647751,138.000000,67.000000,-2.305238,-0.025056,2.330739,-0.494529,-0.007167,0.071508,MOVE_LEFT
2945,1774867685.677103,323.500854,476.541931,68.647751,138.000000,67.000000,-2.305240,-0.025187,2.330739,-0.494530,-0.007204,0.071508,MOVE_LEFT
2946,1774867685.745559,323.500610,476.529358,68.647751,138.000000,67.000000,-2.305242,-0.025279,2.330739,-0.494530,-0.007231,0.071508,MOVE_LEFT
2947,1774867685.807592,323.500427,476.520569,68.647751,138.000000,67.000000,-2.305244,-0.025343,2.330739,-0.494531,-0.007249,0.071508,MOVE_LEFT
2948,1774867685.865395,323.359009,476.664398,69.036331,139.000000,67.000000,-2.293292,-0.024158,2.317620,-0.494752,-0.006949,0.071913,MOVE_LEFT
2949,1774867685.935704,323.260010,476.765076,69.036331,139.000000,67.000000,-2.294009,-0.023429,2.317620,-0.494906,-0.006739,0.071913,MOVE_LEFT
2950,1774867685.995406,323.190704,476.835541,69.036331,139.000000,67.000000,-2.294511,-0.022919,2.317620,-0.495015,-0.006593,0.071913,MOVE_LEFT
2951,1774867686.051588,323.142181,476.884888,69.036331,139.000000,67.000000,-2.294863,-0.022561,2.317620,-0.495090,-0.006490,0.071913,MOVE_LEFT
2952,1774867686.112535,323.106049,477.069427,69.023636,139.000000,67.000000,-2.295547,-0.021229,2.318047,-0.495147,-0.006105,0.071900,MOVE_LEFT
2953,1774867686.182564,323.080750,477.198608,69.023636,139.000000,67.000000,-2.295730,-0.020293,2.318047,-0.495186,-0.005836,0.071900,MOVE_LEFT
2954,1774867686.231911,323.060883,477.289032,69.030891,139.000000,67.000000,-2.295633,-0.019636,2.317803,-0.495217,-0.005648,0.071907,MOVE_LEFT
2955,1774867686.289130,323.046967,477.352325,69.030891,139.000000,67.000000,-2.295733,-0.019177,2.317803,-0.495239,-0.005516,0.071907,MOVE_LEFT
1,1774868399.565102,343.398224,459.963318,67.865791,136.000000,90.000000,-2.185208,-0.147620,2.357594,-0.463440,-0.041743,0.070694,MOVE_LEFT
2,1774868399.664362,343.407654,459.865173,67.830597,136.000000,91.000000,-2.186273,-0.148420,2.358818,-0.463426,-0.041948,0.070657,MOVE_LEFT
3,1774868399.692734,343.405823,459.726074,67.779739,136.000000,91.000000,-2.187927,-0.149557,2.360587,-0.463428,-0.042237,0.070604,MOVE_LEFT
4,1774868399.779506,343.404114,459.572876,67.815979,136.000000,90.000000,-2.186770,-0.150607,2.359326,-0.463431,-0.042557,0.070642,MOVE_LEFT
5,1774868399.826043,343.402374,459.392487,67.864151,136.000000,90.000000,-2.185231,-0.151829,2.357651,-0.463434,-0.042932,0.070692,MOVE_LEFT
6,1774868399.896306,343.410522,459.165588,67.830597,136.000000,91.000000,-2.186251,-0.153577,2.358818,-0.463421,-0.043405,0.070657,MOVE_LEFT
7,1774868399.969184,343.407928,458.949768,67.771118,136.000000,91.000000,-2.188189,-0.155304,2.360888,-0.463425,-0.043855,0.070595,MOVE_LEFT
8,1774868400.169386,343.405579,458.729431,67.815979,135.000000,91.000000,-2.186759,-0.156826,2.359326,-0.463429,-0.044314,0.070642,MOVE_LEFT
9,1774868400.270269,343.414246,458.513916,67.891479,135.000000,91.000000,-2.184263,-0.158238,2.356702,-0.463415,-0.044763,0.070720,MOVE_LEFT
10,1774868400.285810,343.380096,458.278900,67.818741,135.000000,92.000000,-2.186858,-0.160141,2.359230,-0.463469,-0.045252,0.070645,MOVE_LEFT
11,1774868400.303232,343.355225,458.048828,67.861847,135.000000,92.000000,-2.185652,-0.161734,2.357731,-0.463507,-0.045732,0.070689,MOVE_LEFT
12,1774868400.369057,343.347900,457.800659,67.778793,135.000000,91.000000,-2.188384,-0.163763,2.360620,-0.463519,-0.046249,0.070603,MOVE_LEFT
13,1774868400.431010,343.343872,457.610870,67.788559,135.000000,91.000000,-2.188099,-0.165139,2.360280,-0.463525,-0.046644,0.070613,MOVE_LEFT
14,1774868400.485391,343.331482,457.387817,67.792114,135.000000,91.000000,-2.188075,-0.166776,2.360157,-0.463545,-0.047109,0.070617,MOVE_LEFT
15,1774868400.533849,343.322784,457.231689,67.792114,135.000000,91.000000,-2.188140,-0.167927,2.360157,-0.463558,-0.047434,0.070617,MOVE_LEFT
16,1774868400.612381,343.313354,457.078491,67.811890,135.000000,92.000000,-2.187571,-0.169008,2.359468,-0.463573,-0.047753,0.070637,MOVE_LEFT
17,1774868400.667714,343.308350,456.936493,67.841537,135.000000,92.000000,-2.186652,-0.169981,2.358437,-0.463581,-0.048049,0.070668,MOVE_LEFT
18,1774868400.725653,343.285858,456.816650,67.795959,135.000000,92.000000,-2.188288,-0.170979,2.360023,-0.463616,-0.048299,0.070621,MOVE_LEFT
19,1774868400.799591,343.269958,456.722473,67.804794,135.000000,92.000000,-2.188120,-0.171651,2.359715,-0.463641,-0.048495,0.070630,MOVE_LEFT
20,1774868400.864274,343.258423,456.630280,67.827438,135.000000,92.000000,-2.187474,-0.172273,2.358927,-0.463659,-0.048687,0.070654,MOVE_LEFT
21,1774868400.949802,343.250366,456.565765,67.827438,135.000000,92.000000,-2.187534,-0.172749,2.358927,-0.463671,-0.048821,0.070654,MOVE_LEFT
22,1774868401.009995,343.244720,456.520599,67.827438,135.000000,92.000000,-2.187575,-0.173082,2.358927,-0.463680,-0.048915,0.070654,MOVE_LEFT
23,1774868401.082783,343.240631,456.480835,67.834480,135.000000,92.000000,-2.187379,-0.173357,2.358682,-0.463687,-0.048998,0.070661,MOVE_LEFT
24,1774868401.155242,343.237915,456.461151,67.827438,135.000000,92.000000,-2.187626,-0.173520,2.358927,-0.463691,-0.049039,0.070654,MOVE_LEFT
25,1774868401.200918,343.236023,456.447357,67.827438,135.000000,92.000000,-2.187640,-0.173622,2.358927,-0.463694,-0.049068,0.070654,MOVE_LEFT
26,1774868401.269676,343.222168,456.431152,67.873222,135.000000,92.000000,-2.186266,-0.173624,2.357336,-0.463715,-0.049102,0.070701,MOVE_LEFT
27,1774868401.349668,343.210266,456.487671,67.946205,135.000000,92.000000,-2.184005,-0.173022,2.354804,-0.463734,-0.048984,0.070777,MOVE_LEFT
28,1774868401.398053,343.201355,456.542419,67.932899,135.000000,92.000000,-2.184499,-0.172653,2.355265,-0.463748,-0.048870,0.070763,MOVE_LEFT
29,1774868401.476719,343.186615,456.595398,67.945343,135.000000,91.000000,-2.184207,-0.172231,2.354834,-0.463771,-0.048760,0.070776,MOVE_LEFT
30,1774868401.517866,343.180969,456.659149,67.935234,135.000000,91.000000,-2.184574,-0.171788,2.355184,-0.463780,-0.048627,0.070766,MOVE_LEFT
31,1774868401.609584,343.177856,456.719269,67.923294,135.000000,91.000000,-2.184980,-0.171375,2.355598,-0.463785,-0.048502,0.070753,MOVE_LEFT
32,1774868401.656506,343.192078,456.803925,67.935905,135.000000,91.000000,-2.184470,-0.170720,2.355161,-0.463762,-0.048325,0.070767,MOVE_LEFT
33,1774868401.732847,343.196960,456.875244,67.942184,135.000000,91.000000,-2.184232,-0.170180,2.354943,-0.463755,-0.048177,0.070773,MOVE_LEFT
34,1774868401.786588,343.198822,456.954742,67.922661,135.000000,91.000000,-2.184847,-0.169643,2.355620,-0.463752,-0.048011,0.070753,MOVE_LEFT
35,1774868401.865986,343.200134,457.010406,67.922661,135.000000,91.000000,-2.184837,-0.169234,2.355620,-0.463750,-0.047895,0.070753,MOVE_LEFT
36,1774868401.919073,343.177063,457.076202,67.977959,135.000000,91.000000,-2.183229,-0.168612,2.353704,-0.463786,-0.047758,0.070810,MOVE_LEFT
37,1774868402.004229,343.160706,457.149048,67.956627,135.000000,91.000000,-2.184035,-0.168129,2.354443,-0.463811,-0.047606,0.070788,MOVE_LEFT
38,1774868402.047278,343.138153,457.224701,67.972443,135.000000,91.000000,-2.183693,-0.167533,2.353895,-0.463847,-0.047449,0.070805,MOVE_LEFT
39,1774868402.132993,343.121918,457.258667,67.989304,135.000000,91.000000,-2.183271,-0.167242,2.353311,-0.463872,-0.047378,0.070822,MOVE_LEFT
40,1774868402.172824,343.110565,457.282471,67.989304,135.000000,91.000000,-2.183354,-0.167067,2.353311,-0.463890,-0.047328,0.070822,MOVE_LEFT
41,1774868402.247148,343.077393,457.359253,68.022026,135.000000,91.000000,-2.182548,-0.166422,2.352179,-0.463942,-0.047168,0.070856,MOVE_LEFT
42,1774868402.308202,343.033142,457.463135,68.049828,136.000000,92.000000,-2.181981,-0.165591,2.351218,-0.464011,-0.046952,0.070885,MOVE_LEFT
43,1774868402.399210,342.985352,457.576019,68.072418,136.000000,91.000000,-2.181608,-0.164707,2.350438,-0.464085,-0.046717,0.070909,MOVE_LEFT
44,1774868402.447420,342.928192,457.710449,68.105606,136.000000,91.000000,-2.180964,-0.163640,2.349293,-0.464175,-0.046437,0.070943,MOVE_LEFT
45,1774868402.531490,342.888214,457.805542,68.104660,136.000000,91.000000,-2.181288,-0.162944,2.349325,-0.464237,-0.046238,0.070942,MOVE_LEFT
46,1774868402.588429,342.838501,457.923889,68.134789,136.000000,91.000000,-2.180688,-0.162003,2.348286,-0.464315,-0.045992,0.070974,MOVE_LEFT
47,1774868402.672378,342.751801,458.082520,68.123009,136.000000,91.000000,-2.181702,-0.160867,2.348693,-0.464450,-0.045661,0.070961,MOVE_LEFT
48,1774868402.745190,342.676270,458.207764,68.062569,136.000000,91.000000,-2.184194,-0.160090,2.350778,-0.464568,-0.045400,0.070899,MOVE_LEFT
49,1774868402.819664,342.590240,458.386475,68.106644,136.000000,91.000000,-2.183412,-0.158674,2.349257,-0.464703,-0.045028,0.070944,MOVE_LEFT
50,1774868402.877694,342.499939,458.598694,68.170921,136.000000,90.000000,-2.182016,-0.156968,2.347042,-0.464844,-0.044586,0.071011,MOVE_LEFT
51,1774868402.959046,342.438538,458.804871,68.142876,136.000000,90.000000,-2.183364,-0.155520,2.348008,-0.464940,-0.044157,0.070982,MOVE_LEFT
52,1774868403.011333,342.355682,459.022095,68.181801,136.000000,90.000000,-2.182726,-0.153838,2.346667,-0.465069,-0.043704,0.071023,MOVE_LEFT
53,1774868403.093230,342.281891,459.229156,68.197380,137.000000,91.000000,-2.182768,-0.152285,2.346131,-0.465185,-0.043273,0.071039,MOVE_LEFT
54,1774868403.162429,342.217590,459.502899,68.184654,137.000000,90.000000,-2.183647,-0.150306,2.346569,-0.465285,-0.042702,0.071026,MOVE_LEFT
55,1774868403.223767,342.172943,459.763153,68.247650,137.000000,90.000000,-2.181958,-0.148260,2.344403,-0.465355,-0.042160,0.071091,MOVE_LEFT
56,1774868403.313182,342.121063,460.003784,68.264084,137.000000,90.000000,-2.181813,-0.146462,2.343839,-0.465436,-0.041659,0.071108,MOVE_LEFT
57,1774868403.366653,342.084747,460.296539,68.253532,137.000000,90.000000,-2.182416,-0.144340,2.344201,-0.465493,-0.041049,0.071097,MOVE_LEFT
58,1774868403.457090,342.054871,460.550720,68.237000,137.000000,89.000000,-2.183164,-0.142513,2.344769,-0.465539,-0.040519,0.071080,MOVE_LEFT
59,1774868403.525738,342.008820,460.770691,68.293037,137.000000,89.000000,-2.181710,-0.140785,2.342845,-0.465611,-0.040061,0.071139,MOVE_LEFT
60,1774868403.566255,341.994965,461.025024,68.286652,137.000000,89.000000,-2.182015,-0.138936,2.343064,-0.465633,-0.039531,0.071132,MOVE_LEFT
61,1774868403.644972,341.994415,461.314178,68.258461,137.000000,90.000000,-2.182920,-0.136875,2.344032,-0.465634,-0.038929,0.071103,MOVE_LEFT
62,1774868403.697440,341.972717,461.593872,68.320755,137.000000,89.000000,-2.181089,-0.134704,2.341894,-0.465668,-0.038346,0.071167,MOVE_LEFT
63,1774868403.787199,341.980896,461.877411,68.338936,137.000000,89.000000,-2.180449,-0.132593,2.341271,-0.465655,-0.037755,0.071186,MOVE_LEFT
64,1774868403.866580,341.986633,462.117737,68.311592,137.000000,89.000000,-2.181280,-0.130887,2.342209,-0.465646,-0.037255,0.071158,MOVE_LEFT
65,1774868403.928902,342.020569,462.421631,68.322853,137.000000,88.000000,-2.180672,-0.128642,2.341823,-0.465593,-0.036622,0.071170,MOVE_LEFT
66,1774868404.001910,342.044006,462.680389,68.292976,137.000000,88.000000,-2.181454,-0.126804,2.342847,-0.465556,-0.036083,0.071139,MOVE_LEFT
67,1774868404.070687,342.069427,462.918884,68.287231,137.000000,88.000000,-2.181452,-0.125068,2.343044,-0.465517,-0.035586,0.071133,MOVE_LEFT
68,1774868404.121992,342.108215,463.150116,68.317039,137.000000,88.000000,-2.180216,-0.123321,2.342022,-0.465456,-0.035104,0.071164,MOVE_LEFT
69,1774868404.178712,342.134949,463.339508,68.299217,137.000000,89.000000,-2.180589,-0.121967,2.342633,-0.465414,-0.034709,0.071145,MOVE_LEFT
70,1774868404.222871,342.184052,463.586273,68.331940,137.000000,88.000000,-2.179186,-0.120103,2.341511,-0.465337,-0.034195,0.071179,MOVE_LEFT
71,1774868404.289637,342.218079,463.775513,68.321198,136.000000,88.000000,-2.179279,-0.118737,2.341879,-0.465284,-0.033801,0.071168,MOVE_LEFT
72,1774868404.369737,342.255768,463.976990,68.327538,136.000000,88.000000,-2.178801,-0.117251,2.341662,-0.465225,-0.033381,0.071175,MOVE_LEFT
73,1774868404.477462,342.293243,464.171204,68.370758,136.000000,88.000000,-2.177150,-0.115757,2.340182,-0.465167,-0.032977,0.071220,MOVE_LEFT
74,1774868404.570281,342.329407,464.392273,68.335609,136.000000,88.000000,-2.178005,-0.114199,2.341385,-0.465110,-0.032516,0.071183,MOVE_LEFT
75,1774868404.626045,342.356201,464.580322,68.314400,136.000000,87.000000,-2.178485,-0.112858,2.342112,-0.465068,-0.032124,0.071161,MOVE_LEFT
76,1774868404.696320,342.396332,464.816956,68.322220,136.000000,87.000000,-2.177942,-0.111114,2.341844,-0.465006,-0.031631,0.071169,MOVE_LEFT
77,1774868404.765212,342.427429,465.035492,68.304909,136.000000,87.000000,-2.178266,-0.109542,2.342438,-0.464957,-0.031176,0.071151,MOVE_LEFT
78,1774868404.845362,342.425171,465.228851,68.363663,136.000000,87.000000,-2.176411,-0.108034,2.340425,-0.464961,-0.030773,0.071212,MOVE_LEFT
79,1774868404.896081,342.424072,465.431824,68.328384,136.000000,86.000000,-2.177543,-0.106604,2.341633,-0.464962,-0.030350,0.071175,MOVE_LEFT
80,1774868404.965072,342.446869,465.685608,68.346390,136.000000,86.000000,-2.176802,-0.104719,2.341016,-0.464927,-0.029822,0.071194,MOVE_LEFT
81,1774868405.009034,342.432312,465.949097,68.402519,136.000000,86.000000,-2.175122,-0.102707,2.339095,-0.464950,-0.029273,0.071253,MOVE_LEFT
82,1774868405.097665,342.428955,466.216919,68.338264,136.000000,87.000000,-2.177192,-0.100845,2.341294,-0.464955,-0.028715,0.071186,MOVE_LEFT
83,1774868405.154806,342.450287,466.465820,68.386925,136.000000,87.000000,-2.175487,-0.098953,2.339629,-0.464921,-0.028196,0.071236,MOVE_LEFT
84,1774868405.241155,342.438904,466.682220,68.439590,136.000000,86.000000,-2.173896,-0.097296,2.337828,-0.464939,-0.027745,0.071291,MOVE_LEFT
85,1774868405.310660,342.401337,466.924316,68.466537,137.000000,86.000000,-2.173315,-0.095490,2.336908,-0.464998,-0.027241,0.071319,MOVE_LEFT
86,1774868405.356242,342.374084,467.136200,68.437714,137.000000,86.000000,-2.174429,-0.093982,2.337892,-0.465041,-0.026800,0.071289,MOVE_LEFT
87,1774868405.423602,342.325348,467.340912,68.492134,137.000000,86.000000,-2.173057,-0.092413,2.336035,-0.465117,-0.026373,0.071346,MOVE_LEFT
88,1774868405.507904,342.258575,467.471283,68.393631,137.000000,86.000000,-2.176675,-0.091593,2.339399,-0.465221,-0.026101,0.071243,MOVE_LEFT
89,1774868405.574868,342.197601,467.622986,68.416817,137.000000,86.000000,-2.176383,-0.090453,2.338606,-0.465316,-0.025785,0.071268,MOVE_LEFT
90,1774868405.636853,342.096161,467.793579,68.479881,137.000000,85.000000,-2.175119,-0.089124,2.336453,-0.465475,-0.025430,0.071333,MOVE_LEFT
91,1774868405.701472,342.029663,467.988495,68.440475,137.000000,85.000000,-2.176858,-0.087751,2.337798,-0.465579,-0.025024,0.071292,MOVE_LEFT
92,1774868405.802941,341.944794,468.110962,68.424095,137.000000,85.000000,-2.177999,-0.086878,2.338358,-0.465711,-0.024769,0.071275,MOVE_LEFT
93,1774868405.852371,341.861206,468.312073,68.433548,136.000000,85.000000,-2.178309,-0.085396,2.338035,-0.465842,-0.024350,0.071285,MOVE_LEFT
94,1774868405.931916,341.778198,468.546844,68.458771,136.000000,85.000000,-2.178112,-0.083650,2.337173,-0.465972,-0.023861,0.071311,MOVE_LEFT
95,1774868405.979063,341.669464,468.719299,68.454292,137.000000,84.000000,-2.179049,-0.082396,2.337326,-0.466141,-0.023501,0.071307,MOVE_LEFT
96,1774868406.064759,341.584442,468.934570,68.434166,137.000000,84.000000,-2.180311,-0.080847,2.338013,-0.466274,-0.023053,0.071286,MOVE_LEFT
97,1774868406.116629,341.462219,469.096008,68.488914,137.000000,84.000000,-2.179461,-0.079604,2.336144,-0.466465,-0.022717,0.071343,MOVE_LEFT
98,1774868406.205783,341.359924,469.294464,68.505219,137.000000,84.000000,-2.179689,-0.078137,2.335588,-0.466625,-0.022303,0.071360,MOVE_LEFT
99,1774868406.276055,341.232849,469.458740,68.550911,137.000000,84.000000,-2.179163,-0.076886,2.334032,-0.466824,-0.021961,0.071407,MOVE_LEFT
100,1774868406.329512,341.123566,469.639709,68.592422,137.000000,84.000000,-2.178640,-0.075521,2.332619,-0.466994,-0.021584,0.071450,MOVE_LEFT
101,1774868406.408615,341.010468,469.862640,68.573563,137.000000,83.000000,-2.180064,-0.073916,2.333261,-0.467171,-0.021119,0.071431,MOVE_LEFT
102,1774868406.463491,340.906006,470.007080,68.496292,137.000000,83.000000,-2.183286,-0.072945,2.335893,-0.467334,-0.020819,0.071350,MOVE_LEFT
103,1774868406.549990,340.808472,470.130035,68.583443,137.000000,83.000000,-2.181223,-0.071956,2.332925,-0.467487,-0.020562,0.071441,MOVE_LEFT
104,1774868406.603619,340.684357,470.177856,68.448509,137.000000,83.000000,-2.186429,-0.071748,2.337524,-0.467681,-0.020463,0.071301,MOVE_LEFT
105,1774868406.681580,340.567291,470.274475,68.515335,137.000000,83.000000,-2.185151,-0.070973,2.335244,-0.467864,-0.020262,0.071370,MOVE_LEFT
106,1774868406.765083,340.456055,470.369934,68.597687,137.000000,83.000000,-2.183339,-0.070192,2.332440,-0.468037,-0.020063,0.071456,MOVE_LEFT
107,1774868406.829530,340.358887,470.561859,68.599258,137.000000,83.000000,-2.183997,-0.068792,2.332387,-0.468189,-0.019663,0.071458,MOVE_LEFT
108,1774868406.921026,340.290405,470.728333,68.585289,137.000000,83.000000,-2.184941,-0.067592,2.332862,-0.468296,-0.019316,0.071443,MOVE_LEFT
109,1774868406.980574,340.203278,470.866974,68.568375,137.000000,82.000000,-2.186115,-0.066598,2.333437,-0.468432,-0.019027,0.071425,MOVE_LEFT
110,1774868407.037163,340.122437,471.059265,68.593925,137.000000,82.000000,-2.185890,-0.065171,2.332568,-0.468559,-0.018627,0.071452,MOVE_LEFT
111,1774868407.114121,340.048462,471.208069,68.529877,137.000000,82.000000,-2.188473,-0.064147,2.334748,-0.468674,-0.018317,0.071385,MOVE_LEFT
112,1774868407.183449,339.975433,471.343964,68.588844,137.000000,82.000000,-2.187124,-0.063101,2.332741,-0.468788,-0.018033,0.071447,MOVE_LEFT
113,1774868407.246675,339.925659,471.499878,68.563019,137.000000,81.000000,-2.188310,-0.061988,2.333620,-0.468866,-0.017709,0.071420,MOVE_LEFT
114,1774868407.321164,339.877380,471.649902,68.498680,137.000000,81.000000,-2.190718,-0.060951,2.335811,-0.468942,-0.017396,0.071353,MOVE_LEFT
115,1774868407.375260,339.789307,471.794434,68.589348,138.000000,81.000000,-2.188464,-0.059817,2.332724,-0.469079,-0.017095,0.071447,MOVE_LEFT
116,1774868407.447044,339.714447,471.938232,68.561630,138.000000,81.000000,-2.189895,-0.058792,2.333667,-0.469196,-0.016795,0.071418,MOVE_LEFT
117,1774868407.506417,339.630188,471.941406,68.464386,137.000000,81.000000,-2.193621,-0.058852,2.336981,-0.469328,-0.016789,0.071317,MOVE_LEFT
118,1774868407.580155,339.541504,471.958984,68.400482,137.000000,81.000000,-2.196319,-0.058779,2.339165,-0.469466,-0.016752,0.071251,MOVE_LEFT
119,1774868407.637359,339.471710,471.971283,68.425949,137.000000,81.000000,-2.196011,-0.058667,2.338294,-0.469575,-0.016726,0.071277,MOVE_LEFT
120,1774868407.697758,339.400787,471.979889,68.498672,137.000000,81.000000,-2.194197,-0.058542,2.335812,-0.469686,-0.016709,0.071353,MOVE_LEFT
121,1774868407.763413,339.333496,472.135925,68.485741,137.000000,81.000000,-2.195103,-0.057414,2.336253,-0.469791,-0.016383,0.071339,MOVE_LEFT
122,1774868407.821405,339.270935,472.245148,68.536697,137.000000,80.000000,-2.193927,-0.056574,2.334516,-0.469889,-0.016156,0.071392,MOVE_LEFT
123,1774868407.874476,339.224945,472.471619,68.476471,137.000000,80.000000,-2.196193,-0.054971,2.336569,-0.469961,-0.015684,0.071330,MOVE_LEFT
124,1774868407.942821,339.176208,472.630127,68.531143,137.000000,80.000000,-2.194796,-0.053770,2.334705,-0.470037,-0.015354,0.071387,MOVE_LEFT
125,1774868407.978022,339.141144,472.870758,68.478882,137.000000,80.000000,-2.196727,-0.052054,2.336487,-0.470092,-0.014853,0.071332,MOVE_LEFT
126,1774868408.073705,339.134735,473.165710,68.493713,137.000000,80.000000,-2.196298,-0.049890,2.335981,-0.470102,-0.014238,0.071348,MOVE_LEFT
127,1774868408.113469,339.085327,473.339417,68.469559,137.000000,80.000000,-2.197434,-0.048639,2.336805,-0.470179,-0.013876,0.071322,MOVE_LEFT
128,1774868408.193798,339.042755,473.480988,68.435257,137.000000,80.000000,-2.198846,-0.047629,2.337976,-0.470246,-0.013581,0.071287,MOVE_LEFT
129,1774868408.232761,339.012268,473.486694,68.470909,137.000000,80.000000,-2.197924,-0.047563,2.336759,-0.470293,-0.013569,0.071324,MOVE_LEFT
130,1774868408.279906,338.975189,473.469666,68.427559,137.000000,80.000000,-2.199588,-0.047717,2.338239,-0.470351,-0.013605,0.071279,MOVE_LEFT
131,1774868408.360048,338.841248,473.638184,68.535690,138.000000,79.000000,-2.197094,-0.046412,2.334550,-0.470561,-0.013254,0.071391,MOVE_LEFT
132,1774868408.408813,338.696960,473.596741,68.449936,137.000000,79.000000,-2.200901,-0.046773,2.337475,-0.470786,-0.013340,0.071302,MOVE_LEFT
133,1774868408.483620,338.540833,473.567688,68.485741,137.000000,79.000000,-2.200890,-0.046961,2.336253,-0.471030,-0.013401,0.071339,MOVE_LEFT
134,1774868408.554373,338.396240,473.547363,68.470932,137.000000,79.000000,-2.202422,-0.047120,2.336758,-0.471256,-0.013443,0.071324,MOVE_LEFT
135,1774868408.608050,338.277374,473.683167,68.469070,137.000000,78.000000,-2.203350,-0.046129,2.336822,-0.471442,-0.013160,0.071322,MOVE_LEFT
136,1774868408.658624,338.177612,473.778229,68.414307,137.000000,78.000000,-2.205843,-0.045471,2.338692,-0.471597,-0.012962,0.071265,MOVE_LEFT
137,1774868408.731583,338.106689,473.694763,68.470909,137.000000,78.000000,-2.204537,-0.046043,2.336759,-0.471708,-0.013136,0.071324,MOVE_LEFT
138,1774868408.774926,337.936737,473.860596,68.562691,138.000000,78.000000,-2.202825,-0.044772,2.333631,-0.471974,-0.012790,0.071419,MOVE_LEFT
139,1774868408.828902,337.711975,473.602417,68.545959,137.000000,78.000000,-2.205003,-0.046666,2.334200,-0.472325,-0.013328,0.071402,MOVE_LEFT
140,1774868408.904773,337.534790,473.646851,68.506088,137.000000,78.000000,-2.207579,-0.046369,2.335559,-0.472602,-0.013236,0.071361,MOVE_LEFT
141,1774868408.950884,337.390900,473.752808,68.414299,137.000000,78.000000,-2.211592,-0.045657,2.338692,-0.472827,-0.013015,0.071265,MOVE_LEFT
142,1774868409.014120,337.257080,473.826965,68.414307,137.000000,78.000000,-2.212570,-0.045115,2.338692,-0.473036,-0.012860,0.071265,MOVE_LEFT
143,1774868409.057065,337.144653,473.878876,68.476471,137.000000,78.000000,-2.211383,-0.044695,2.336569,-0.473211,-0.012752,0.071330,MOVE_LEFT
144,1774868409.109763,336.983704,474.003906,68.629425,138.000000,78.000000,-2.207627,-0.043685,2.331362,-0.473463,-0.012492,0.071489,MOVE_LEFT
145,1774868409.168604,336.759186,473.702759,68.498680,137.000000,78.000000,-2.213479,-0.045966,2.335811,-0.473814,-0.013119,0.071353,MOVE_LEFT
146,1774868409.229253,336.584381,473.641907,68.485710,137.000000,78.000000,-2.215175,-0.046419,2.336254,-0.474087,-0.013246,0.071339,MOVE_LEFT
147,1774868409.280868,336.428375,473.676453,68.561676,137.000000,78.000000,-2.213858,-0.046116,2.333665,-0.474331,-0.013174,0.071418,MOVE_LEFT
148,1774868409.348074,336.299866,473.623535,68.412453,137.000000,78.000000,-2.219626,-0.046603,2.338755,-0.474531,-0.013284,0.071263,MOVE_LEFT
149,1774868409.431049,336.209900,473.586487,68.412453,137.000000,77.000000,-2.220284,-0.046874,2.338755,-0.474672,-0.013361,0.071263,MOVE_LEFT
150,1774868409.505434,336.146912,473.560547,68.529289,137.000000,77.000000,-2.216958,-0.046983,2.334768,-0.474770,-0.013416,0.071385,MOVE_LEFT
151,1774868409.562091,336.067566,473.392395,68.476471,137.000000,77.000000,-2.219247,-0.048247,2.336569,-0.474894,-0.013766,0.071330,MOVE_LEFT
152,1774868409.611832,335.932404,473.662933,68.620720,138.000000,77.000000,-2.215567,-0.046175,2.331657,-0.475106,-0.013202,0.071480,MOVE_LEFT
153,1774868409.700237,335.824799,473.804047,68.599220,138.000000,77.000000,-2.217046,-0.045161,2.332388,-0.475274,-0.012908,0.071458,MOVE_LEFT
154,1774868409.757840,335.654572,473.412842,68.405624,137.000000,77.000000,-2.224564,-0.048148,2.338989,-0.475540,-0.013723,0.071256,MOVE_LEFT
155,1774868409.815987,335.511139,473.138977,68.485710,137.000000,77.000000,-2.223010,-0.050091,2.336254,-0.475764,-0.014294,0.071339,MOVE_LEFT
156,1774868409.868106,335.410736,472.947266,68.485710,137.000000,77.000000,-2.223743,-0.051491,2.336254,-0.475921,-0.014693,0.071339,MOVE_LEFT
157,1774868409.949063,335.322815,472.963074,68.476479,137.000000,77.000000,-2.224685,-0.051382,2.336569,-0.476058,-0.014660,0.071330,MOVE_LEFT
158,1774868409.998726,335.261261,472.974182,68.476479,137.000000,77.000000,-2.225134,-0.051301,2.336569,-0.476154,-0.014637,0.071330,MOVE_LEFT
159,1774868410.071073,335.218170,472.981934,68.476479,137.000000,77.000000,-2.225449,-0.051244,2.336569,-0.476222,-0.014621,0.071330,MOVE_LEFT
160,1774868410.128100,335.169250,472.987366,68.414299,137.000000,77.000000,-2.227829,-0.051251,2.338692,-0.476298,-0.014610,0.071265,MOVE_LEFT
161,1774868410.181736,335.135010,472.991150,68.414299,137.000000,77.000000,-2.228079,-0.051224,2.338692,-0.476352,-0.014602,0.071265,MOVE_LEFT
162,1774868410.269546,335.111053,472.993835,68.414299,137.000000,77.000000,-2.228255,-0.051204,2.338692,-0.476389,-0.014596,0.071265,MOVE_LEFT
163,1774868410.315734,335.094269,472.995667,68.414299,137.000000,77.000000,-2.228377,-0.051191,2.338692,-0.476415,-0.014592,0.071265,MOVE_LEFT
164,1774868410.399333,335.081421,473.146973,68.361305,137.000000,77.000000,-2.230199,-0.050124,2.340505,-0.476435,-0.014277,0.071210,MOVE_LEFT
165,1774868410.454296,335.072449,473.252869,68.361305,137.000000,76.000000,-2.230264,-0.049349,2.340505,-0.476449,-0.014057,0.071210,MOVE_LEFT
166,1774868410.525599,335.066162,473.327026,68.361305,137.000000,76.000000,-2.230310,-0.048807,2.340505,-0.476459,-0.013902,0.071210,MOVE_LEFT
167,1774868410.582520,335.061768,473.378906,68.361305,137.000000,76.000000,-2.230342,-0.048427,2.340505,-0.476466,-0.013794,0.071210,MOVE_LEFT
168,1774868410.659274,335.057556,473.565247,68.311897,137.000000,76.000000,-2.231986,-0.047098,2.342198,-0.476473,-0.013406,0.071158,MOVE_LEFT
169,1774868410.707784,335.054626,473.695679,68.311897,137.000000,76.000000,-2.232008,-0.046144,2.342198,-0.476477,-0.013134,0.071158,MOVE_LEFT
170,1774868410.787844,335.052582,473.786987,68.311897,137.000000,76.000000,-2.232023,-0.045475,2.342198,-0.476480,-0.012944,0.071158,MOVE_LEFT
171,1774868410.848510,335.051147,473.850891,68.311897,137.000000,76.000000,-2.232033,-0.045008,2.342198,-0.476483,-0.012811,0.071158,MOVE_LEFT
172,1774868410.915887,335.049042,474.045624,68.266151,137.000000,76.000000,-2.233544,-0.043611,2.343768,-0.476486,-0.012405,0.071111,MOVE_LEFT
173,1774868410.963941,335.047577,474.181946,68.266151,137.000000,76.000000,-2.233555,-0.042613,2.343768,-0.476488,-0.012121,0.071111,MOVE_LEFT
174,1774868411.037585,335.046539,474.277374,68.266151,137.000000,76.000000,-2.233563,-0.041914,2.343768,-0.476490,-0.011922,0.071111,MOVE_LEFT
175,1774868411.093702,335.045837,474.344177,68.266151,137.000000,76.000000,-2.233568,-0.041425,2.343768,-0.476491,-0.011783,0.071111,MOVE_LEFT
176,1774868411.162676,335.045349,474.390930,68.266151,137.000000,76.000000,-2.233571,-0.041082,2.343768,-0.476492,-0.011686,0.071111,MOVE_LEFT
177,1774868411.221934,335.031738,474.573639,68.264290,137.000000,76.000000,-2.233732,-0.039745,2.343832,-0.476513,-0.011305,0.071109,MOVE_LEFT
178,1774868411.294043,335.022217,474.551544,68.310051,137.000000,76.000000,-2.232305,-0.039880,2.342261,-0.476528,-0.011351,0.071156,MOVE_LEFT
179,1774868411.350386,335.015564,474.536072,68.310051,137.000000,76.000000,-2.232354,-0.039994,2.342261,-0.476538,-0.011383,0.071156,MOVE_LEFT
180,1774868411.414854,335.010895,474.525238,68.310051,137.000000,76.000000,-2.232388,-0.040073,2.342261,-0.476545,-0.011406,0.071156,MOVE_LEFT
181,1774868411.484496,335.007629,474.517670,68.310051,137.000000,76.000000,-2.232412,-0.040128,2.342261,-0.476551,-0.011422,0.071156,MOVE_LEFT
182,1774868411.541773,335.005341,474.512360,68.310051,137.000000,76.000000,-2.232429,-0.040167,2.342261,-0.476554,-0.011433,0.071156,MOVE_LEFT
183,1774868411.618942,335.003754,474.508667,68.310051,137.000000,76.000000,-2.232440,-0.040194,2.342261,-0.476557,-0.011440,0.071156,MOVE_LEFT
184,1774868411.683356,335.002625,474.506073,68.310051,137.000000,76.000000,-2.232449,-0.040213,2.342261,-0.476558,-0.011446,0.071156,MOVE_LEFT
185,1774868411.744713,335.001831,474.504242,68.310051,137.000000,77.000000,-2.232455,-0.040227,2.342261,-0.476560,-0.011449,0.071156,MOVE_LEFT
186,1774868411.828055,335.012817,474.540955,68.360481,137.000000,77.000000,-2.230727,-0.039928,2.340534,-0.476542,-0.011373,0.071209,MOVE_LEFT
187,1774868411.934061,335.024414,474.528656,68.361282,137.000000,77.000000,-2.230616,-0.040018,2.340506,-0.476524,-0.011399,0.071210,MOVE_LEFT
188,1774868411.991835,335.040558,474.442139,68.363708,137.000000,77.000000,-2.230419,-0.040649,2.340423,-0.476499,-0.011579,0.071212,MOVE_LEFT
189,1774868412.052126,335.059265,474.309509,68.366837,137.000000,77.000000,-2.230180,-0.041617,2.340316,-0.476470,-0.011855,0.071215,MOVE_LEFT
190,1774868412.129225,335.073059,474.169312,68.383194,137.000000,77.000000,-2.229546,-0.042632,2.339756,-0.476448,-0.012147,0.071232,MOVE_LEFT
191,1774868412.182117,335.097473,473.968506,68.376068,137.000000,77.000000,-2.229600,-0.044105,2.340000,-0.476410,-0.012566,0.071225,MOVE_LEFT
192,1774868412.253548,335.147644,473.677979,68.330688,137.000000,78.000000,-2.230713,-0.046260,2.341554,-0.476332,-0.013171,0.071178,MOVE_LEFT
193,1774868412.344067,335.188293,473.474609,68.312477,137.000000,78.000000,-2.231010,-0.047761,2.342178,-0.476268,-0.013595,0.071159,MOVE_LEFT
194,1774868412.433784,335.281799,473.182220,68.165337,136.000000,78.000000,-2.235140,-0.050009,2.347234,-0.476122,-0.014204,0.071006,MOVE_LEFT
195,1774868412.481630,335.347260,472.827545,68.236816,136.000000,78.000000,-2.232319,-0.052556,2.344775,-0.476020,-0.014943,0.071080,MOVE_LEFT
196,1774868412.561054,335.500061,472.879272,68.326683,137.000000,78.000000,-2.228265,-0.052108,2.341691,-0.475781,-0.014835,0.071174,MOVE_LEFT
197,1774868412.622540,335.635712,472.915466,68.311905,137.000000,78.000000,-2.227754,-0.051854,2.342198,-0.475569,-0.014759,0.071158,MOVE_LEFT
198,1774868412.685496,335.759705,472.888367,68.328773,137.000000,78.000000,-2.226297,-0.052040,2.341620,-0.475375,-0.014816,0.071176,MOVE_LEFT
199,1774868412.773185,335.860474,472.771851,68.317436,137.000000,79.000000,-2.225929,-0.052901,2.342008,-0.475218,-0.015059,0.071164,MOVE_LEFT
200,1774868412.845983,335.962982,472.540283,68.268257,137.000000,79.000000,-2.226782,-0.054635,2.343695,-0.475058,-0.015541,0.071113,MOVE_LEFT
201,1774868412.895142,336.124084,472.432190,68.210678,136.000000,79.000000,-2.227481,-0.055474,2.345674,-0.474806,-0.015766,0.071053,MOVE_LEFT
202,1774868412.959310,336.236847,472.298218,68.238914,136.000000,79.000000,-2.225733,-0.056432,2.344703,-0.474630,-0.016045,0.071082,MOVE_LEFT
203,1774868413.004942,336.358002,472.058746,68.172813,136.000000,79.000000,-2.227002,-0.058244,2.346977,-0.474441,-0.016544,0.071013,MOVE_LEFT
204,1774868413.083421,336.442810,471.891144,68.172813,136.000000,79.000000,-2.226380,-0.059473,2.346977,-0.474308,-0.016893,0.071013,MOVE_LEFT
205,1774868413.152753,336.583862,471.947357,68.264793,137.000000,79.000000,-2.222347,-0.058981,2.343814,-0.474088,-0.016776,0.071109,MOVE_LEFT
206,1774868413.220393,336.722565,472.027588,68.291809,137.000000,79.000000,-2.220452,-0.058370,2.342887,-0.473871,-0.016609,0.071137,MOVE_LEFT
207,1774868413.295499,336.832031,472.036407,68.266685,137.000000,79.000000,-2.220468,-0.058327,2.343749,-0.473700,-0.016591,0.071111,MOVE_LEFT
208,1774868413.361025,336.932068,472.025482,68.194870,137.000000,80.000000,-2.222073,-0.058469,2.346218,-0.473544,-0.016614,0.071036,MOVE_LEFT
209,1774868413.409126,337.009308,471.929443,68.201874,137.000000,80.000000,-2.221278,-0.059167,2.345977,-0.473423,-0.016814,0.071044,MOVE_LEFT
210,1774868413.493038,337.096497,471.800629,68.114281,136.000000,80.000000,-2.223495,-0.060188,2.348993,-0.473287,-0.017082,0.070952,MOVE_LEFT
211,1774868413.567205,337.196838,471.613617,68.142731,136.000000,80.000000,-2.221830,-0.061535,2.348013,-0.473130,-0.017472,0.070982,MOVE_LEFT
212,1774868413.622701,337.305847,471.451202,68.166695,136.000000,80.000000,-2.220250,-0.062705,2.347187,-0.472960,-0.017810,0.071007,MOVE_LEFT
213,1774868413.709080,337.370178,471.422668,68.165489,136.000000,80.000000,-2.219817,-0.062915,2.347229,-0.472859,-0.017869,0.071006,MOVE_LEFT
214,1774868413.769075,337.415192,471.402679,68.165489,136.000000,80.000000,-2.219487,-0.063062,2.347229,-0.472789,-0.017911,0.071006,MOVE_LEFT
215,1774868413.838074,337.446716,471.388702,68.165489,136.000000,80.000000,-2.219256,-0.063165,2.347229,-0.472740,-0.017940,0.071006,MOVE_LEFT
216,1774868413.917354,337.468781,471.378906,68.165489,136.000000,80.000000,-2.219094,-0.063236,2.347229,-0.472705,-0.017961,0.071006,MOVE_LEFT
217,1774868413.980996,337.484222,471.372070,68.165489,136.000000,80.000000,-2.218980,-0.063287,2.347229,-0.472681,-0.017975,0.071006,MOVE_LEFT
218,1774868414.043792,337.495026,471.367279,68.165489,136.000000,80.000000,-2.218901,-0.063322,2.347229,-0.472664,-0.017985,0.071006,MOVE_LEFT
219,1774868414.125404,337.502594,471.363922,68.165489,136.000000,80.000000,-2.218846,-0.063346,2.347229,-0.472652,-0.017992,0.071006,MOVE_LEFT
220,1774868414.225820,337.519897,471.276428,68.166695,136.000000,80.000000,-2.218680,-0.063987,2.347187,-0.472625,-0.018174,0.071007,MOVE_LEFT
221,1774868414.274768,337.527374,471.247986,68.166107,136.000000,80.000000,-2.218644,-0.064196,2.347208,-0.472613,-0.018233,0.071006,MOVE_LEFT
222,1774868414.345908,337.499817,471.110291,68.061745,136.000000,80.000000,-2.222248,-0.065306,2.350807,-0.472657,-0.018520,0.070898,MOVE_LEFT
223,1774868414.427459,337.480530,471.013885,68.061745,136.000000,80.000000,-2.222390,-0.066014,2.350807,-0.472687,-0.018721,0.070898,MOVE_LEFT
224,1774868414.492575,337.466370,470.859741,68.099312,136.000000,80.000000,-2.221268,-0.067110,2.349510,-0.472709,-0.019042,0.070937,MOVE_LEFT
225,1774868414.548001,337.456451,470.751831,68.099312,136.000000,80.000000,-2.221341,-0.067902,2.349510,-0.472724,-0.019267,0.070937,MOVE_LEFT
226,1774868414.631133,337.449524,470.676270,68.099312,136.000000,80.000000,-2.221392,-0.068457,2.349510,-0.472735,-0.019424,0.070937,MOVE_LEFT
227,1774868414.699600,337.444672,470.623413,68.099312,136.000000,80.000000,-2.221427,-0.068845,2.349510,-0.472743,-0.019535,0.070937,MOVE_LEFT
228,1774868414.764086,337.372375,470.899414,68.205284,137.000000,80.000000,-2.218506,-0.066715,2.345859,-0.472856,-0.018960,0.071047,MOVE_LEFT
229,1774868414.839984,337.321655,471.092651,68.205597,137.000000,80.000000,-2.218867,-0.065298,2.345849,-0.472935,-0.018557,0.071047,MOVE_LEFT
230,1774868414.926265,337.285889,471.232239,68.204849,137.000000,80.000000,-2.219154,-0.064275,2.345874,-0.472991,-0.018266,0.071047,MOVE_LEFT
231,1774868414.976833,337.247772,471.282593,68.161552,137.000000,80.000000,-2.220843,-0.063947,2.347364,-0.473050,-0.018161,0.071002,MOVE_LEFT
232,1774868415.049043,337.218658,471.318237,68.169510,137.000000,79.000000,-2.220797,-0.063678,2.347090,-0.473096,-0.018087,0.071010,MOVE_LEFT
233,1774868415.150351,337.200714,471.342834,68.161552,137.000000,79.000000,-2.221188,-0.063505,2.347364,-0.473124,-0.018036,0.071002,MOVE_LEFT
234,1774868415.204891,337.188141,471.360046,68.161552,137.000000,79.000000,-2.221281,-0.063378,2.347364,-0.473144,-0.018000,0.071002,MOVE_LEFT
235,1774868415.264832,337.179352,471.372070,68.161552,137.000000,79.000000,-2.221345,-0.063290,2.347364,-0.473157,-0.017975,0.071002,MOVE_LEFT
236,1774868415.348681,337.218872,471.260437,68.049988,136.000000,79.000000,-2.224696,-0.064214,2.351213,-0.473096,-0.018207,0.070885,MOVE_LEFT
237,1774868415.428833,337.246552,471.182312,68.049988,136.000000,79.000000,-2.224493,-0.064788,2.351213,-0.473052,-0.018370,0.070885,MOVE_LEFT
238,1774868415.483795,337.265930,471.127625,68.049988,136.000000,79.000000,-2.224351,-0.065190,2.351213,-0.473022,-0.018484,0.070885,MOVE_LEFT
239,1774868415.549105,337.318176,470.912476,67.984970,136.000000,79.000000,-2.226094,-0.066835,2.353461,-0.472940,-0.018932,0.070818,MOVE_LEFT
240,1774868415.631542,337.372742,470.788757,68.033180,136.000000,79.000000,-2.224115,-0.067697,2.351794,-0.472855,-0.019190,0.070868,MOVE_LEFT
241,1774868415.672335,337.410919,470.787842,67.998077,136.000000,79.000000,-2.224983,-0.067738,2.353008,-0.472795,-0.019192,0.070831,MOVE_LEFT
242,1774868415.744883,337.418671,470.842407,68.038849,136.000000,79.000000,-2.223592,-0.067297,2.351598,-0.472783,-0.019078,0.070874,MOVE_LEFT
243,1774868415.793350,337.424103,470.880615,68.038849,136.000000,79.000000,-2.223552,-0.067016,2.351598,-0.472775,-0.018999,0.070874,MOVE_LEFT
244,1774868415.880202,337.464020,470.849701,67.942299,136.000000,79.000000,-2.226418,-0.067339,2.354939,-0.472712,-0.019063,0.070773,MOVE_LEFT
245,1774868415.947146,337.510376,470.894775,67.979965,136.000000,78.000000,-2.224844,-0.066970,2.353635,-0.472640,-0.018969,0.070812,MOVE_LEFT
246,1774868416.019243,337.558716,470.861694,67.956406,136.000000,78.000000,-2.225260,-0.067237,2.354451,-0.472565,-0.019038,0.070788,MOVE_LEFT
247,1774868416.078050,337.594421,470.753174,67.989311,136.000000,78.000000,-2.223920,-0.068002,2.353311,-0.472509,-0.019264,0.070822,MOVE_LEFT
248,1774868416.163647,337.652771,470.677246,67.879295,136.000000,78.000000,-2.227095,-0.068672,2.357125,-0.472418,-0.019422,0.070708,MOVE_LEFT
249,1774868416.231905,337.708038,470.474060,67.903442,136.000000,78.000000,-2.225896,-0.070143,2.356287,-0.472331,-0.019846,0.070733,MOVE_LEFT
250,1774868416.299322,337.795624,470.331848,67.742256,135.000000,78.000000,-2.230546,-0.071360,2.361894,-0.472194,-0.020142,0.070565,MOVE_LEFT
251,1774868416.372213,337.948303,470.353668,67.851303,136.000000,78.000000,-2.225836,-0.071084,2.358098,-0.471956,-0.020097,0.070678,MOVE_LEFT
252,1774868416.470094,338.080475,470.397583,67.922943,136.000000,78.000000,-2.222515,-0.070686,2.355611,-0.471749,-0.020005,0.070753,MOVE_LEFT
253,1774868416.547694,338.190765,470.428284,67.863953,136.000000,78.000000,-2.223634,-0.070521,2.357658,-0.471577,-0.019941,0.070692,MOVE_LEFT
254,1774868416.607033,338.283539,470.599792,67.862091,136.000000,78.000000,-2.223012,-0.069260,2.357723,-0.471432,-0.019584,0.070690,MOVE_LEFT
255,1774868416.664088,338.348480,470.719849,67.862091,136.000000,78.000000,-2.222533,-0.068375,2.357723,-0.471330,-0.019334,0.070690,MOVE_LEFT
256,1774868416.714251,338.409485,470.953888,67.863953,136.000000,78.000000,-2.222023,-0.066649,2.357658,-0.471235,-0.018846,0.070692,MOVE_LEFT
257,1774868416.782719,338.483826,471.093811,67.887115,136.000000,78.000000,-2.220717,-0.065596,2.356854,-0.471119,-0.018555,0.070716,MOVE_LEFT
258,1774868416.864810,338.519775,471.065674,67.869537,136.000000,77.000000,-2.221028,-0.065820,2.357464,-0.471063,-0.018613,0.070697,MOVE_LEFT
259,1774868416.921326,338.593842,471.045959,67.833145,136.000000,77.000000,-2.221673,-0.066000,2.358729,-0.470947,-0.018654,0.070660,MOVE_LEFT
260,1774868416.979874,338.651245,471.032166,67.814781,136.000000,77.000000,-2.221852,-0.066120,2.359368,-0.470857,-0.018683,0.070640,MOVE_LEFT
261,1774868417.046759,338.755859,471.022522,67.601875,135.000000,77.000000,-2.228075,-0.066400,2.366798,-0.470694,-0.018703,0.070419,MOVE_LEFT
262,1774868417.112028,338.829102,470.865784,67.670258,135.000000,77.000000,-2.225283,-0.067491,2.364407,-0.470580,-0.019030,0.070490,MOVE_LEFT
263,1774868417.209285,338.901642,470.906067,67.672142,135.000000,77.000000,-2.224685,-0.067191,2.364341,-0.470466,-0.018946,0.070492,MOVE_LEFT
264,1774868417.288256,338.952423,470.934265,67.672142,135.000000,77.000000,-2.224310,-0.066983,2.364341,-0.470387,-0.018887,0.070492,MOVE_LEFT
265,1774868417.385803,339.102234,470.953979,67.814194,136.000000,77.000000,-2.218546,-0.066697,2.359388,-0.470153,-0.018846,0.070640,MOVE_LEFT
266,1774868417.438229,339.208252,471.117798,67.768112,136.000000,77.000000,-2.219272,-0.065534,2.360992,-0.469987,-0.018505,0.070592,MOVE_LEFT
267,1774868417.510462,339.295776,471.232452,67.812340,136.000000,76.000000,-2.217179,-0.064646,2.359453,-0.469850,-0.018266,0.070638,MOVE_LEFT
268,1774868417.590521,339.357056,471.462708,67.766243,136.000000,76.000000,-2.218235,-0.062991,2.361058,-0.469755,-0.017786,0.070590,MOVE_LEFT
269,1774868417.695641,339.399963,471.623901,67.766243,136.000000,76.000000,-2.217919,-0.061801,2.361058,-0.469688,-0.017450,0.070590,MOVE_LEFT
270,1774868417.733823,339.443298,471.886719,67.768089,136.000000,76.000000,-2.217539,-0.059861,2.360993,-0.469620,-0.016903,0.070592,MOVE_LEFT
271,1774868417.816077,339.473633,472.070709,67.768089,136.000000,76.000000,-2.217315,-0.058503,2.360993,-0.469572,-0.016519,0.070592,MOVE_LEFT
272,1774868417.898386,339.494873,472.199493,67.768089,136.000000,76.000000,-2.217158,-0.057553,2.360993,-0.469539,-0.016251,0.070592,MOVE_LEFT
273,1774868417.954658,339.509735,472.289642,67.768089,136.000000,76.000000,-2.217048,-0.056888,2.360993,-0.469516,-0.016063,0.070592,MOVE_LEFT
274,1774868418.019902,339.533478,472.502747,67.773689,136.000000,76.000000,-2.216690,-0.055311,2.360798,-0.469479,-0.015619,0.070598,MOVE_LEFT
275,1774868418.119644,339.552307,472.501923,67.819763,136.000000,76.000000,-2.215045,-0.055279,2.359194,-0.469450,-0.015621,0.070646,MOVE_LEFT
276,1774868418.193671,339.565491,472.501343,67.819763,136.000000,76.000000,-2.214948,-0.055284,2.359194,-0.469429,-0.015622,0.070646,MOVE_LEFT
277,1774868418.274488,339.574738,472.500946,67.819763,136.000000,76.000000,-2.214880,-0.055287,2.359194,-0.469414,-0.015623,0.070646,MOVE_LEFT
278,1774868418.341210,339.581207,472.500671,67.819763,136.000000,76.000000,-2.214832,-0.055289,2.359194,-0.469404,-0.015624,0.070646,MOVE_LEFT
279,1774868418.397693,339.585754,472.500458,67.819763,136.000000,76.000000,-2.214799,-0.055290,2.359194,-0.469397,-0.015624,0.070646,MOVE_LEFT
280,1774868418.476698,339.588928,472.500305,67.819763,136.000000,76.000000,-2.214775,-0.055291,2.359194,-0.469392,-0.015624,0.070646,MOVE_LEFT
281,1774868418.531193,339.577820,472.500214,67.863953,136.000000,75.000000,-2.213415,-0.055256,2.357658,-0.469410,-0.015625,0.070692,MOVE_LEFT
282,1774868418.610117,339.570038,472.500153,67.863953,136.000000,75.000000,-2.213472,-0.055256,2.357658,-0.469422,-0.015625,0.070692,MOVE_LEFT
283,1774868418.658068,339.563477,472.650085,67.814209,136.000000,75.000000,-2.215144,-0.054192,2.359388,-0.469432,-0.015312,0.070640,MOVE_LEFT
284,1774868418.733877,339.558868,472.755066,67.814209,136.000000,75.000000,-2.215178,-0.053418,2.359388,-0.469439,-0.015094,0.070640,MOVE_LEFT
285,1774868418.827200,339.555664,472.828552,67.814209,136.000000,75.000000,-2.215202,-0.052876,2.359388,-0.469444,-0.014941,0.070640,MOVE_LEFT
286,1774868418.916522,339.553406,472.880005,67.814209,136.000000,74.000000,-2.215219,-0.052496,2.359388,-0.469448,-0.014833,0.070640,MOVE_LEFT
287,1774868418.989180,339.537384,472.916016,67.862091,136.000000,74.000000,-2.213774,-0.052194,2.357723,-0.469473,-0.014758,0.070690,MOVE_LEFT
288,1774868419.055607,339.526184,473.091187,67.812340,136.000000,74.000000,-2.215480,-0.050941,2.359453,-0.469490,-0.014393,0.070638,MOVE_LEFT
289,1774868419.116819,339.518311,473.213806,67.812340,136.000000,74.000000,-2.215538,-0.050037,2.359453,-0.469503,-0.014138,0.070638,MOVE_LEFT
290,1774868419.209031,339.512817,473.299683,67.812340,136.000000,74.000000,-2.215579,-0.049403,2.359453,-0.469511,-0.013959,0.070638,MOVE_LEFT
291,1774868419.276300,339.508972,473.509796,67.766243,136.000000,74.000000,-2.217114,-0.047887,2.361058,-0.469517,-0.013521,0.070590,MOVE_LEFT
292,1774868419.330504,339.506287,473.656860,67.766243,136.000000,73.000000,-2.217134,-0.046802,2.361058,-0.469521,-0.013215,0.070590,MOVE_LEFT
293,1774868419.416068,339.517731,473.909790,67.768089,136.000000,74.000000,-2.216989,-0.044934,2.360993,-0.469504,-0.012688,0.070592,MOVE_LEFT
294,1774868419.495111,339.512421,474.236847,67.766243,136.000000,74.000000,-2.217089,-0.042522,2.361058,-0.469512,-0.012007,0.070590,MOVE_LEFT
295,1774868419.545725,339.508698,474.315796,67.812340,136.000000,74.000000,-2.215609,-0.041911,2.359453,-0.469518,-0.011842,0.070638,MOVE_LEFT
296,1774868419.636055,339.506104,474.371063,67.812340,136.000000,74.000000,-2.215628,-0.041504,2.359453,-0.469522,-0.011727,0.070638,MOVE_LEFT
297,1774868419.715199,339.504272,474.409760,67.812340,136.000000,74.000000,-2.215642,-0.041218,2.359453,-0.469525,-0.011646,0.070638,MOVE_LEFT
298,1774868419.761172,339.502991,474.436829,67.812340,136.000000,74.000000,-2.215651,-0.041019,2.359453,-0.469527,-0.011590,0.070638,MOVE_LEFT
299,1774868419.837916,339.375244,474.905762,68.106682,137.000000,73.000000,-2.207014,-0.037399,2.349256,-0.469726,-0.010613,0.070944,MOVE_LEFT
300,1774868419.931672,339.285828,475.234009,68.106682,137.000000,73.000000,-2.207670,-0.034989,2.349256,-0.469866,-0.009929,0.070944,MOVE_LEFT
301,1774868420.000862,339.223236,475.463806,68.106682,137.000000,73.000000,-2.208130,-0.033302,2.349256,-0.469964,-0.009450,0.070944,MOVE_LEFT
302,1774868420.052042,339.165100,475.774658,68.119492,137.000000,73.000000,-2.208141,-0.031014,2.348814,-0.470055,-0.008803,0.070958,MOVE_LEFT
303,1774868420.132505,339.124390,475.992279,68.119492,137.000000,73.000000,-2.208440,-0.029417,2.348814,-0.470118,-0.008349,0.070958,MOVE_LEFT
304,1774868420.206378,339.087067,476.144592,68.148834,137.000000,73.000000,-2.207763,-0.028287,2.347802,-0.470176,-0.008032,0.070988,MOVE_LEFT
305,1774868420.262712,339.060944,476.251221,68.148834,137.000000,73.000000,-2.207955,-0.027504,2.347802,-0.470217,-0.007810,0.070988,MOVE_LEFT
306,1774868420.342239,339.042664,476.325867,68.148834,137.000000,73.000000,-2.208089,-0.026957,2.347802,-0.470246,-0.007654,0.070988,MOVE_LEFT
307,1774868420.417540,339.029877,476.378113,68.148834,137.000000,73.000000,-2.208182,-0.026573,2.347802,-0.470266,-0.007546,0.070988,MOVE_LEFT
308,1774868420.470299,339.020905,476.414673,68.148834,137.000000,72.000000,-2.208248,-0.026305,2.347802,-0.470280,-0.007469,0.070988,MOVE_LEFT
309,1774868420.547441,339.014648,476.440277,68.148834,137.000000,72.000000,-2.208294,-0.026117,2.347802,-0.470290,-0.007416,0.070988,MOVE_LEFT
310,1774868420.593460,339.010254,476.458191,68.148834,137.000000,72.000000,-2.208326,-0.025986,2.347802,-0.470296,-0.007379,0.070988,MOVE_LEFT
311,1774868420.671146,339.007172,476.470734,68.148834,137.000000,72.000000,-2.208349,-0.025894,2.347802,-0.470301,-0.007353,0.070988,MOVE_LEFT
312,1774868420.720268,339.005035,476.479523,68.148834,137.000000,72.000000,-2.208365,-0.025829,2.347802,-0.470305,-0.007334,0.070988,MOVE_LEFT
313,1774868420.791929,339.003540,476.485687,68.148834,137.000000,72.000000,-2.208376,-0.025784,2.347802,-0.470307,-0.007321,0.070988,MOVE_LEFT
314,1774868420.846581,339.002472,476.489990,68.148834,137.000000,72.000000,-2.208384,-0.025753,2.347802,-0.470309,-0.007313,0.070988,MOVE_LEFT
315,1774868420.926470,339.001740,476.493011,68.148834,137.000000,71.000000,-2.208389,-0.025730,2.347802,-0.470310,-0.007306,0.070988,MOVE_LEFT
316,1774868420.971801,339.001221,476.495117,68.222160,137.000000,71.000000,-2.206019,-0.025687,2.345279,-0.470311,-0.007302,0.071065,MOVE_LEFT
317,1774868421.040135,339.000854,476.496582,68.222160,137.000000,71.000000,-2.206022,-0.025677,2.345279,-0.470311,-0.007299,0.071065,MOVE_LEFT
318,1774868421.090147,339.011627,476.497620,68.185524,137.000000,71.000000,-2.207128,-0.025683,2.346539,-0.470294,-0.007297,0.071027,MOVE_LEFT
319,1774868421.164477,339.034607,476.498352,68.134201,137.000000,71.000000,-2.208622,-0.025697,2.348307,-0.470258,-0.007295,0.070973,MOVE_LEFT
320,1774868421.208117,339.174225,476.498840,67.812340,136.000000,70.000000,-2.218075,-0.025815,2.359453,-0.470040,-0.007294,0.070638,MOVE_LEFT
321,1774868421.306054,339.271973,476.499207,67.812340,136.000000,70.000000,-2.217355,-0.025812,2.359453,-0.469888,-0.007293,0.070638,MOVE_LEFT
322,1774868421.358141,339.340393,476.499451,67.812340,136.000000,71.000000,-2.216850,-0.025811,2.359453,-0.469781,-0.007293,0.070638,MOVE_LEFT
323,1774868421.429505,339.528351,476.649628,68.150681,137.000000,71.000000,-2.204466,-0.024581,2.347739,-0.469487,-0.006980,0.070990,MOVE_LEFT
324,1774868421.464166,339.661011,476.904724,68.119476,137.000000,71.000000,-2.204502,-0.022719,2.348814,-0.469280,-0.006448,0.070958,MOVE_LEFT
325,1774868421.554737,339.755005,477.233337,68.091965,137.000000,71.000000,-2.204702,-0.020316,2.349763,-0.469133,-0.005764,0.070929,MOVE_LEFT
326,1774868421.612468,339.828522,477.463318,68.117645,137.000000,70.000000,-2.203331,-0.018620,2.348877,-0.469018,-0.005285,0.070956,MOVE_LEFT
327,1774868421.684605,339.879974,477.774292,68.090111,137.000000,70.000000,-2.203844,-0.016344,2.349827,-0.468938,-0.004637,0.070927,MOVE_LEFT
328,1774868421.777704,339.915985,477.841980,68.117645,137.000000,70.000000,-2.202689,-0.015840,2.348877,-0.468881,-0.004496,0.070956,MOVE_LEFT
329,1774868421.844789,339.941193,477.889404,68.117645,137.000000,70.000000,-2.202504,-0.015492,2.348877,-0.468842,-0.004397,0.070956,MOVE_LEFT
330,1774868421.908538,339.967651,478.072571,68.119492,137.000000,69.000000,-2.202250,-0.014147,2.348814,-0.468801,-0.004015,0.070958,MOVE_LEFT
331,1774868421.975828,339.994995,478.050781,68.125023,137.000000,70.000000,-2.201871,-0.014306,2.348623,-0.468758,-0.004061,0.070964,MOVE_LEFT
332,1774868422.044642,340.146484,478.035522,67.685028,136.000000,70.000000,-2.215065,-0.014512,2.363891,-0.468521,-0.004093,0.070505,MOVE_LEFT
333,1774868422.111856,340.252533,478.024841,67.685028,136.000000,69.000000,-2.214282,-0.014591,2.363891,-0.468355,-0.004115,0.070505,MOVE_LEFT
334,1774868422.184818,340.456940,478.467377,68.082817,137.000000,69.000000,-2.199843,-0.011256,2.350079,-0.468036,-0.003193,0.070920,MOVE_LEFT
335,1774868422.251117,340.606628,478.927155,68.073593,137.000000,69.000000,-2.199042,-0.007880,2.350397,-0.467802,-0.002235,0.070910,MOVE_LEFT
336,1774868422.311118,340.716919,479.248993,68.091965,137.000000,69.000000,-2.197639,-0.005515,2.349763,-0.467630,-0.001565,0.070929,MOVE_LEFT
337,1774868422.368283,340.795227,479.624329,68.068077,137.000000,69.000000,-2.197835,-0.002760,2.350588,-0.467507,-0.000783,0.070904,MOVE_LEFT
338,1774868422.426077,340.851135,480.037048,68.047890,137.000000,69.000000,-2.198076,0.000272,2.351285,-0.467420,0.000077,0.070883,MOVE_LEFT
339,1774868422.483512,340.895813,480.325928,68.066246,137.000000,68.000000,-2.197155,0.002394,2.350651,-0.467350,0.000679,0.070902,MOVE_LEFT
340,1774868422.542470,340.927063,480.678162,68.046036,137.000000,68.000000,-2.197578,0.004983,2.351349,-0.467301,0.001413,0.070881,MOVE_LEFT
341,1774868422.610881,340.948944,480.924713,68.046036,137.000000,68.000000,-2.197417,0.006795,2.351349,-0.467267,0.001926,0.070881,MOVE_LEFT
342,1774868422.672042,340.964264,481.247314,68.066246,137.000000,68.000000,-2.196652,0.009163,2.350651,-0.467243,0.002599,0.070902,MOVE_LEFT
343,1774868422.733634,340.974976,481.623108,68.046036,137.000000,68.000000,-2.197226,0.011927,2.351349,-0.467227,0.003381,0.070881,MOVE_LEFT
344,1774868422.816128,340.982483,481.886169,68.046036,137.000000,68.000000,-2.197171,0.013860,2.351349,-0.467215,0.003930,0.070881,MOVE_LEFT
345,1774868422.883535,340.987732,482.070312,68.046036,137.000000,68.000000,-2.197132,0.015213,2.351349,-0.467207,0.004313,0.070881,MOVE_LEFT
346,1774868422.945684,340.991394,482.199219,68.046036,137.000000,68.000000,-2.197105,0.016160,2.351349,-0.467201,0.004582,0.070881,MOVE_LEFT
347,1774868423.006204,340.993958,482.289459,68.046036,137.000000,68.000000,-2.197086,0.016823,2.351349,-0.467197,0.004770,0.070881,MOVE_LEFT
348,1774868423.060671,340.991364,482.352631,68.031342,137.000000,67.000000,-2.197580,0.017291,2.351857,-0.467201,0.004901,0.070866,MOVE_LEFT
349,1774868423.114560,340.989563,482.396851,68.031342,137.000000,67.000000,-2.197593,0.017616,2.351857,-0.467204,0.004993,0.070866,MOVE_LEFT
350,1774868423.178175,340.979462,482.427795,68.046066,137.000000,67.000000,-2.197192,0.017839,2.351348,-0.467220,0.005058,0.070881,MOVE_LEFT
351,1774868423.235624,340.972382,482.449463,68.046066,137.000000,67.000000,-2.197244,0.017999,2.351348,-0.467231,0.005103,0.070881,MOVE_LEFT
352,1774868423.295946,340.830658,482.014648,67.685028,136.000000,67.000000,-2.210011,0.014883,2.363891,-0.467452,0.004197,0.070505,MOVE_LEFT
353,1774868423.350576,340.731445,481.710266,67.685028,136.000000,66.000000,-2.210744,0.012634,2.363891,-0.467607,0.003563,0.070505,MOVE_LEFT
354,1774868423.424065,340.662018,481.647186,67.649933,136.000000,66.000000,-2.212404,0.012174,2.365117,-0.467716,0.003432,0.070469,MOVE_LEFT
355,1774868423.499872,340.613403,481.603027,67.649933,136.000000,66.000000,-2.212763,0.011848,2.365117,-0.467792,0.003340,0.070469,MOVE_LEFT
356,1774868423.558881,340.440430,481.572113,68.053391,137.000000,66.000000,-2.200916,0.011551,2.351095,-0.468062,0.003275,0.070889,MOVE_LEFT
357,1774868423.619133,340.313812,481.400452,68.047890,137.000000,66.000000,-2.202024,0.010290,2.351285,-0.468260,0.002918,0.070883,MOVE_LEFT
358,1774868423.693298,340.224091,481.430328,68.031342,137.000000,66.000000,-2.203219,0.010512,2.351857,-0.468400,0.002980,0.070866,MOVE_LEFT
359,1774868423.746912,340.156860,481.451233,68.016640,137.000000,66.000000,-2.204190,0.010668,2.352366,-0.468505,0.003023,0.070851,MOVE_LEFT
361,1774868423.883119,340.107605,481.465881,68.009293,137.000000,65.000000,-2.204790,0.010777,2.352620,-0.468582,0.003054,0.070843,MOVE_LEFT
362,1774868423.939416,339.925323,480.876129,67.649933,136.000000,65.000000,-2.217849,0.006475,2.365117,-0.468867,0.001825,0.070469,MOVE_LEFT
363,1774868424.001397,339.797729,480.613281,67.618515,136.000000,65.000000,-2.219823,0.004535,2.366216,-0.469066,0.001278,0.070436,MOVE_LEFT
364,1774868424.058320,339.708435,480.429291,67.618515,136.000000,65.000000,-2.220483,0.003174,2.366216,-0.469206,0.000894,0.070436,MOVE_LEFT
365,1774868424.114783,339.645905,480.300507,67.618515,136.000000,65.000000,-2.220946,0.002222,2.366216,-0.469303,0.000626,0.070436,MOVE_LEFT
366,1774868424.174120,339.602142,480.360352,67.590782,136.000000,64.000000,-2.222181,0.002666,2.367187,-0.469372,0.000751,0.070407,MOVE_LEFT
367,1774868424.237849,339.563721,480.252228,67.592644,136.000000,64.000000,-2.222404,0.001866,2.367121,-0.469432,0.000525,0.070409,MOVE_LEFT
368,1774868424.299304,339.536804,480.176544,67.592644,136.000000,64.000000,-2.222603,0.001306,2.367121,-0.469474,0.000368,0.070409,MOVE_LEFT
369,1774868424.360969,339.377991,480.273560,68.009293,137.000000,64.000000,-2.210154,0.002011,2.352620,-0.469722,0.000570,0.070843,MOVE_LEFT
1,1774871608.803676,336.466675,482.000000,67.533424,136.000000,62.000000,-2.247282,0.014807,2.369197,-0.474271,0.004167,0.070347,MOVE_LEFT
2,1774871608.943883,336.467773,481.700012,67.537140,136.000000,63.000000,-2.247150,0.012586,2.369067,-0.474269,0.003542,0.070351,MOVE_LEFT
3,1774871608.952314,336.468567,481.489990,67.537140,136.000000,63.000000,-2.247145,0.011031,2.369067,-0.474268,0.003104,0.070351,MOVE_LEFT
4,1774871608.960587,336.335846,481.343018,67.093315,135.000000,63.000000,-2.262999,0.010009,2.384738,-0.474475,0.002798,0.069889,MOVE_LEFT
5,1774871609.038194,336.235107,481.090088,67.091454,135.000000,63.000000,-2.263812,0.008124,2.384804,-0.474633,0.002271,0.069887,MOVE_LEFT
6,1774871609.103994,336.164581,480.913086,67.091454,135.000000,62.000000,-2.264338,0.006805,2.384804,-0.474743,0.001902,0.069887,MOVE_LEFT
7,1774871609.170004,336.115204,480.639160,67.119392,135.000000,63.000000,-2.263763,0.004761,2.383812,-0.474820,0.001332,0.069916,MOVE_LEFT
8,1774871609.249702,335.943970,480.597412,67.546402,136.000000,63.000000,-2.250720,0.004422,2.368742,-0.475088,0.001245,0.070361,MOVE_LEFT
9,1774871609.323797,335.824127,480.568176,67.546402,136.000000,63.000000,-2.251607,0.004206,2.368742,-0.475275,0.001184,0.070361,MOVE_LEFT
10,1774871609.540564,335.735779,480.397705,67.537132,136.000000,63.000000,-2.252570,0.002944,2.369067,-0.475413,0.000829,0.070351,MOVE_LEFT
11,1774871609.553307,335.673950,480.278381,67.537132,136.000000,63.000000,-2.253028,0.002061,2.369067,-0.475509,0.000580,0.070351,MOVE_LEFT
12,1774871609.565250,335.630646,480.194855,67.537132,136.000000,64.000000,-2.253348,0.001443,2.369067,-0.475577,0.000406,0.070351,MOVE_LEFT
13,1774871609.602060,335.600342,480.136383,67.537132,136.000000,64.000000,-2.253573,0.001010,2.369067,-0.475624,0.000284,0.070351,MOVE_LEFT
14,1774871609.677890,335.575806,480.095459,67.548225,136.000000,63.000000,-2.253384,0.000707,2.368678,-0.475663,0.000199,0.070363,MOVE_LEFT
15,1774871609.749630,335.553070,479.916809,67.546379,136.000000,63.000000,-2.253614,-0.000616,2.368743,-0.475698,-0.000173,0.070361,MOVE_LEFT
16,1774871609.822384,335.537140,479.791779,67.546379,136.000000,63.000000,-2.253732,-0.001541,2.368743,-0.475723,-0.000434,0.070361,MOVE_LEFT
17,1774871609.885481,335.526001,479.704254,67.546379,136.000000,64.000000,-2.253814,-0.002189,2.368743,-0.475741,-0.000616,0.070361,MOVE_LEFT
18,1774871609.941322,335.518188,479.642975,67.546379,136.000000,64.000000,-2.253872,-0.002643,2.368743,-0.475753,-0.000744,0.070361,MOVE_LEFT
19,1774871610.010573,335.512726,479.600098,67.546379,136.000000,64.000000,-2.253913,-0.002960,2.368743,-0.475761,-0.000833,0.070361,MOVE_LEFT
20,1774871610.063008,335.508911,479.570068,67.546379,136.000000,63.000000,-2.253941,-0.003182,2.368743,-0.475767,-0.000896,0.070361,MOVE_LEFT
22,1774871610.197855,335.506226,479.249023,67.546379,136.000000,64.000000,-2.253961,-0.005559,2.368743,-0.475772,-0.001565,0.070361,MOVE_LEFT
23,1774871610.259816,335.504364,478.874329,67.566734,136.000000,64.000000,-2.253295,-0.008330,2.368029,-0.475774,-0.002345,0.070382,MOVE_LEFT
24,1774871610.316221,335.503052,478.612061,67.566734,136.000000,64.000000,-2.253305,-0.010271,2.368029,-0.475776,-0.002892,0.070382,MOVE_LEFT
25,1774871610.395433,335.502136,478.278442,67.590782,136.000000,64.000000,-2.252510,-0.012735,2.367187,-0.475778,-0.003587,0.070407,MOVE_LEFT
26,1774871610.462483,335.490387,478.044891,67.553802,136.000000,64.000000,-2.253830,-0.014471,2.368483,-0.475796,-0.004073,0.070369,MOVE_LEFT
27,1774871610.515168,335.482147,477.881409,67.553802,136.000000,64.000000,-2.253891,-0.015681,2.368483,-0.475809,-0.004414,0.070369,MOVE_LEFT
28,1774871610.583523,335.476379,477.466980,67.553802,136.000000,64.000000,-2.253934,-0.018748,2.368483,-0.475818,-0.005277,0.070369,MOVE_LEFT
29,1774871610.655680,335.472351,477.176880,67.553802,136.000000,64.000000,-2.253964,-0.020895,2.368483,-0.475824,-0.005882,0.070369,MOVE_LEFT
30,1774871610.704192,335.469543,476.973816,67.553802,136.000000,64.000000,-2.253985,-0.022398,2.368483,-0.475829,-0.006305,0.070369,MOVE_LEFT
31,1774871610.773377,335.467560,476.831665,67.553802,136.000000,64.000000,-2.253999,-0.023450,2.368483,-0.475832,-0.006601,0.070369,MOVE_LEFT
32,1774871610.839247,335.466187,476.732178,67.553802,136.000000,64.000000,-2.254009,-0.024187,2.368483,-0.475834,-0.006808,0.070369,MOVE_LEFT
33,1774871610.898909,335.326324,477.112549,68.000099,137.000000,64.000000,-2.240244,-0.021231,2.352938,-0.476053,-0.006016,0.070833,MOVE_LEFT
34,1774871610.955997,335.228424,477.378784,68.000099,137.000000,64.000000,-2.240964,-0.019274,2.352938,-0.476206,-0.005461,0.070833,MOVE_LEFT
35,1774871611.025430,335.159912,477.565125,68.000099,137.000000,64.000000,-2.241468,-0.017903,2.352938,-0.476313,-0.005073,0.070833,MOVE_LEFT
36,1774871611.092838,335.111938,477.695618,68.000099,137.000000,64.000000,-2.241821,-0.016944,2.352938,-0.476388,-0.004801,0.070833,MOVE_LEFT
37,1774871611.153230,335.078369,477.786926,68.000099,137.000000,64.000000,-2.242068,-0.016273,2.352938,-0.476440,-0.004611,0.070833,MOVE_LEFT
38,1774871611.217862,335.054871,477.850830,68.000099,137.000000,64.000000,-2.242240,-0.015803,2.352938,-0.476477,-0.004477,0.070833,MOVE_LEFT
39,1774871611.288033,335.038422,477.895569,68.000099,137.000000,64.000000,-2.242361,-0.015474,2.352938,-0.476502,-0.004384,0.070833,MOVE_LEFT
40,1774871611.348420,335.160217,477.626892,67.563042,136.000000,64.000000,-2.255966,-0.017562,2.368159,-0.476312,-0.004944,0.070378,MOVE_LEFT
41,1774871611.407792,335.245483,477.438812,67.563042,136.000000,65.000000,-2.255334,-0.018954,2.368159,-0.476179,-0.005336,0.070378,MOVE_LEFT
42,1774871611.481964,335.305176,477.307159,67.563042,136.000000,65.000000,-2.254893,-0.019928,2.368159,-0.476086,-0.005610,0.070378,MOVE_LEFT
43,1774871611.536826,335.350281,477.365021,67.546387,136.000000,64.000000,-2.255115,-0.019505,2.368743,-0.476015,-0.005490,0.070361,MOVE_LEFT
44,1774871611.600906,335.384094,477.405518,67.553802,136.000000,64.000000,-2.254617,-0.019203,2.368483,-0.475962,-0.005405,0.070369,MOVE_LEFT
45,1774871611.668096,335.418854,477.433868,67.590782,136.000000,64.000000,-2.253126,-0.018983,2.367187,-0.475908,-0.005346,0.070407,MOVE_LEFT
46,1774871611.729451,335.437653,477.603699,67.548225,136.000000,64.000000,-2.254407,-0.017738,2.368678,-0.475879,-0.004992,0.070363,MOVE_LEFT
47,1774871611.790262,335.450806,477.722595,67.548225,136.000000,64.000000,-2.254309,-0.016858,2.368678,-0.475858,-0.004745,0.070363,MOVE_LEFT
48,1774871611.863342,335.465576,477.955811,67.546379,136.000000,64.000000,-2.254262,-0.015132,2.368743,-0.475835,-0.004259,0.070361,MOVE_LEFT
49,1774871611.917583,335.475891,478.119080,67.546379,136.000000,64.000000,-2.254185,-0.013923,2.368743,-0.475819,-0.003919,0.070361,MOVE_LEFT
50,1774871611.972212,335.487549,478.233337,67.531563,136.000000,64.000000,-2.254594,-0.013080,2.369263,-0.475801,-0.003681,0.070345,MOVE_LEFT
51,1774871612.044620,335.491272,478.163330,67.566734,136.000000,65.000000,-2.253392,-0.013592,2.368029,-0.475795,-0.003826,0.070382,MOVE_LEFT
52,1774871612.109811,335.499451,478.114319,67.548241,136.000000,65.000000,-2.253949,-0.013958,2.368678,-0.475782,-0.003929,0.070363,MOVE_LEFT
53,1774871612.166895,335.516266,478.080017,67.563072,136.000000,65.000000,-2.253330,-0.014209,2.368158,-0.475756,-0.004000,0.070378,MOVE_LEFT
54,1774871612.232723,335.661377,478.056030,67.119392,135.000000,64.000000,-2.267144,-0.014481,2.383812,-0.475529,-0.004050,0.069916,MOVE_LEFT
55,1774871612.292321,335.762970,478.039246,67.119392,135.000000,64.000000,-2.266387,-0.014606,2.383812,-0.475370,-0.004085,0.069916,MOVE_LEFT
56,1774871612.353301,335.975189,478.027466,67.537132,136.000000,64.000000,-2.250797,-0.014603,2.369067,-0.475039,-0.004109,0.070351,MOVE_LEFT
58,1774871612.498290,336.132629,478.169250,67.546379,136.000000,64.000000,-2.249324,-0.013552,2.368743,-0.474793,-0.003814,0.070361,MOVE_LEFT
59,1774871612.562086,336.242828,478.418488,67.529724,136.000000,64.000000,-2.249063,-0.011710,2.369327,-0.474621,-0.003295,0.070343,MOVE_LEFT
60,1774871612.617523,336.319977,478.442932,67.546379,136.000000,64.000000,-2.247937,-0.011526,2.368743,-0.474500,-0.003244,0.070361,MOVE_LEFT
61,1774871612.688584,336.373993,478.460022,67.546379,136.000000,64.000000,-2.247537,-0.011399,2.368743,-0.474416,-0.003208,0.070361,MOVE_LEFT
62,1774871612.752748,336.411804,478.471985,67.590782,136.000000,64.000000,-2.245781,-0.011303,2.367187,-0.474357,-0.003183,0.070407,MOVE_LEFT
63,1774871612.812912,336.449402,478.480408,67.553780,136.000000,64.000000,-2.246733,-0.011247,2.368483,-0.474298,-0.003166,0.070369,MOVE_LEFT
64,1774871612.879230,336.477905,478.336304,67.574158,136.000000,64.000000,-2.245844,-0.012310,2.367769,-0.474253,-0.003466,0.070390,MOVE_LEFT
65,1774871612.943287,336.634521,478.235413,67.119392,135.000000,65.000000,-2.259894,-0.013145,2.383812,-0.474009,-0.003676,0.069916,MOVE_LEFT
66,1774871613.004809,336.744171,478.164795,67.119392,135.000000,65.000000,-2.259078,-0.013671,2.383812,-0.473837,-0.003823,0.069916,MOVE_LEFT
67,1774871613.071629,336.820923,477.965363,67.151047,135.000000,65.000000,-2.257441,-0.015150,2.382688,-0.473717,-0.004239,0.069949,MOVE_LEFT
68,1774871613.137009,337.015747,477.975769,67.537132,136.000000,65.000000,-2.243094,-0.014986,2.369067,-0.473413,-0.004217,0.070351,MOVE_LEFT
69,1774871613.196768,337.154358,478.133057,67.524178,136.000000,65.000000,-2.242498,-0.013824,2.369522,-0.473196,-0.003889,0.070338,MOVE_LEFT
70,1774871613.256286,337.253601,478.243164,67.531586,136.000000,65.000000,-2.241517,-0.013008,2.369262,-0.473041,-0.003660,0.070345,MOVE_LEFT
76,1774871613.623766,337.318634,478.170227,67.537132,136.000000,65.000000,-2.240851,-0.013546,2.369067,-0.472940,-0.003812,0.070351,MOVE_LEFT
77,1774871613.691833,337.356384,478.119141,67.563042,136.000000,65.000000,-2.239713,-0.013919,2.368159,-0.472881,-0.003918,0.070378,MOVE_LEFT
78,1774871613.761261,337.382812,478.083374,67.563042,136.000000,65.000000,-2.239517,-0.014184,2.368159,-0.472839,-0.003993,0.070378,MOVE_LEFT
79,1774871613.821027,337.133545,477.908356,67.598198,136.000000,65.000000,-2.240196,-0.015471,2.366927,-0.473229,-0.004358,0.070415,MOVE_LEFT
80,1774871613.887217,336.943481,477.935852,67.618515,136.000000,65.000000,-2.240929,-0.015263,2.366216,-0.473526,-0.004300,0.070436,MOVE_LEFT
81,1774871613.958625,336.810425,477.955078,67.618515,136.000000,65.000000,-2.241912,-0.015121,2.366216,-0.473734,-0.004260,0.070436,MOVE_LEFT
82,1774871614.015530,336.717285,477.968567,67.618515,136.000000,66.000000,-2.242601,-0.015021,2.366216,-0.473879,-0.004232,0.070436,MOVE_LEFT
83,1774871614.083090,336.652100,477.978027,67.566734,136.000000,66.000000,-2.244802,-0.014963,2.368029,-0.473981,-0.004212,0.070382,MOVE_LEFT
84,1774871614.145844,336.606476,477.984619,67.566734,136.000000,66.000000,-2.245140,-0.014914,2.368029,-0.474052,-0.004199,0.070382,MOVE_LEFT
85,1774871614.208138,336.574524,477.989258,67.618515,136.000000,66.000000,-2.243657,-0.014868,2.366216,-0.474102,-0.004189,0.070436,MOVE_LEFT
86,1774871614.267796,336.552155,477.992493,67.618515,136.000000,66.000000,-2.243822,-0.014844,2.366216,-0.474137,-0.004182,0.070436,MOVE_LEFT
88,1774871614.387591,336.386505,478.444733,68.016640,137.000000,66.000000,-2.231906,-0.011433,2.352366,-0.474396,-0.003240,0.070851,MOVE_LEFT
89,1774871614.445086,336.266144,478.611328,68.014801,137.000000,66.000000,-2.232851,-0.010209,2.352429,-0.474584,-0.002893,0.070849,MOVE_LEFT
90,1774871614.512264,336.179688,478.577942,68.023987,137.000000,66.000000,-2.233185,-0.010453,2.352111,-0.474719,-0.002963,0.070858,MOVE_LEFT
91,1774871614.575574,335.975769,478.254547,67.649933,136.000000,66.000000,-2.247040,-0.012901,2.365117,-0.475038,-0.003636,0.070469,MOVE_LEFT
92,1774871614.628429,335.833038,478.028168,67.649933,136.000000,66.000000,-2.248095,-0.014574,2.365117,-0.475261,-0.004108,0.070469,MOVE_LEFT
93,1774871614.695188,335.733124,478.019714,67.618515,136.000000,66.000000,-2.249878,-0.014643,2.366216,-0.475417,-0.004126,0.070436,MOVE_LEFT
94,1774871614.760948,335.663177,478.013794,67.618515,136.000000,66.000000,-2.250396,-0.014687,2.366216,-0.475526,-0.004138,0.070436,MOVE_LEFT
95,1774871614.812250,335.614227,478.009644,67.618515,136.000000,66.000000,-2.250758,-0.014718,2.366216,-0.475603,-0.004147,0.070436,MOVE_LEFT
96,1774871614.874000,335.579956,477.856750,67.649933,136.000000,66.000000,-2.249966,-0.015841,2.365117,-0.475656,-0.004465,0.070469,MOVE_LEFT
97,1774871614.946854,335.555969,477.899719,67.685028,136.000000,66.000000,-2.248976,-0.015515,2.363891,-0.475694,-0.004376,0.070505,MOVE_LEFT
98,1774871615.007885,335.539185,477.929810,67.685028,136.000000,66.000000,-2.249100,-0.015293,2.363891,-0.475720,-0.004313,0.070505,MOVE_LEFT
99,1774871615.066781,335.527435,477.950867,67.685028,136.000000,66.000000,-2.249187,-0.015137,2.363891,-0.475738,-0.004269,0.070505,MOVE_LEFT
100,1774871615.139145,335.380249,478.115601,68.053406,137.000000,66.000000,-2.238093,-0.013845,2.351095,-0.475968,-0.003926,0.070889,MOVE_LEFT
101,1774871615.206786,335.277222,478.230896,68.053406,137.000000,66.000000,-2.238850,-0.012998,2.351095,-0.476129,-0.003686,0.070889,MOVE_LEFT
102,1774871615.270155,335.344055,478.161621,67.618515,136.000000,66.000000,-2.252755,-0.013594,2.366216,-0.476025,-0.003830,0.070436,MOVE_LEFT
103,1774871615.334200,335.390839,478.113159,67.618515,136.000000,67.000000,-2.252409,-0.013952,2.366216,-0.475952,-0.003931,0.070436,MOVE_LEFT
104,1774871615.396411,335.423584,478.079224,67.618515,136.000000,67.000000,-2.252167,-0.014203,2.366216,-0.475901,-0.004002,0.070436,MOVE_LEFT
105,1774871615.457217,335.446503,478.055481,67.685028,136.000000,67.000000,-2.249785,-0.014364,2.363891,-0.475865,-0.004051,0.070505,MOVE_LEFT
106,1774871615.527126,335.462555,478.038818,67.685028,136.000000,67.000000,-2.249666,-0.014488,2.363891,-0.475840,-0.004086,0.070505,MOVE_LEFT
107,1774871615.595779,335.614960,478.327179,68.036858,137.000000,67.000000,-2.236913,-0.012293,2.351667,-0.475602,-0.003485,0.070872,MOVE_LEFT
108,1774871615.649927,335.724976,478.529022,68.047890,137.000000,67.000000,-2.235742,-0.010808,2.351285,-0.475430,-0.003065,0.070883,MOVE_LEFT
109,1774871615.714491,335.807495,478.820312,68.046036,137.000000,67.000000,-2.235196,-0.008668,2.351349,-0.475301,-0.002458,0.070881,MOVE_LEFT
110,1774871615.777459,335.869659,479.024231,68.031349,137.000000,67.000000,-2.235222,-0.007171,2.351857,-0.475204,-0.002033,0.070866,MOVE_LEFT
111,1774871615.847259,335.914276,479.016968,68.047867,137.000000,67.000000,-2.234352,-0.007223,2.351286,-0.475134,-0.002048,0.070883,MOVE_LEFT
112,1774871615.909409,335.948822,479.011871,68.036865,137.000000,67.000000,-2.234459,-0.007262,2.351666,-0.475080,-0.002059,0.070872,MOVE_LEFT
113,1774871615.972053,336.114166,478.708313,67.685028,136.000000,67.000000,-2.244853,-0.009542,2.363891,-0.474822,-0.002691,0.070505,MOVE_LEFT
114,1774871616.028248,336.229919,478.645813,67.649933,136.000000,67.000000,-2.245162,-0.010009,2.365117,-0.474641,-0.002821,0.070469,MOVE_LEFT
115,1774871616.091103,336.310944,478.452087,67.685028,136.000000,68.000000,-2.243399,-0.011435,2.363891,-0.474514,-0.003225,0.070505,MOVE_LEFT
116,1774871616.155785,336.378784,478.466431,67.686874,136.000000,68.000000,-2.242837,-0.011328,2.363826,-0.474408,-0.003195,0.070507,MOVE_LEFT
117,1774871616.229072,336.559631,478.626495,68.047890,137.000000,68.000000,-2.229609,-0.010092,2.351285,-0.474126,-0.002861,0.070883,MOVE_LEFT
118,1774871616.292861,336.687317,478.888550,68.031342,137.000000,68.000000,-2.229213,-0.008169,2.351857,-0.473926,-0.002316,0.070866,MOVE_LEFT
119,1774871616.358054,336.781128,479.071991,68.046036,137.000000,68.000000,-2.228042,-0.006819,2.351349,-0.473779,-0.001933,0.070881,MOVE_LEFT
120,1774871616.438602,336.851196,479.200409,68.031349,137.000000,68.000000,-2.228008,-0.005877,2.351857,-0.473670,-0.001666,0.070866,MOVE_LEFT
121,1774871616.493883,336.901367,479.140289,68.047867,137.000000,68.000000,-2.227099,-0.006317,2.351286,-0.473592,-0.001791,0.070883,MOVE_LEFT
122,1774871616.558805,336.947510,479.098206,68.062599,137.000000,68.000000,-2.226278,-0.006625,2.350777,-0.473520,-0.001879,0.070899,MOVE_LEFT
123,1774871616.620928,337.113251,478.768738,67.685028,136.000000,68.000000,-2.237472,-0.009096,2.363891,-0.473261,-0.002565,0.070505,MOVE_LEFT
124,1774871616.684954,337.229279,478.688110,67.649933,136.000000,68.000000,-2.237775,-0.009696,2.365117,-0.473079,-0.002733,0.070469,MOVE_LEFT
125,1774871616.743059,337.310486,478.631653,67.649933,136.000000,68.000000,-2.237175,-0.010113,2.365117,-0.472952,-0.002851,0.070469,MOVE_LEFT
126,1774871616.807493,337.367340,478.442139,67.685028,136.000000,68.000000,-2.235595,-0.011508,2.363891,-0.472864,-0.003246,0.070505,MOVE_LEFT
127,1774871616.875046,337.407135,478.309509,67.685028,136.000000,68.000000,-2.235301,-0.012488,2.363891,-0.472801,-0.003522,0.070505,MOVE_LEFT
128,1774871616.927817,337.434998,478.216675,67.685028,136.000000,68.000000,-2.235095,-0.013174,2.363891,-0.472758,-0.003715,0.070505,MOVE_LEFT
129,1774871616.995835,337.466736,478.151672,67.725662,136.000000,68.000000,-2.233520,-0.013646,2.362472,-0.472708,-0.003851,0.070548,MOVE_LEFT
130,1774871617.062177,337.615692,478.256165,68.053391,137.000000,68.000000,-2.221670,-0.012812,2.351095,-0.472475,-0.003633,0.070889,MOVE_LEFT
131,1774871617.121056,337.724365,478.329285,68.068077,137.000000,68.000000,-2.220392,-0.012272,2.350588,-0.472306,-0.003481,0.070904,MOVE_LEFT
132,1774871617.182489,337.800446,478.380493,68.068077,137.000000,68.000000,-2.219833,-0.011896,2.350588,-0.472187,-0.003374,0.070904,MOVE_LEFT
133,1774871617.250542,337.854797,478.566345,68.047890,137.000000,68.000000,-2.220092,-0.010534,2.351285,-0.472102,-0.002987,0.070883,MOVE_LEFT
134,1774871617.298826,337.892853,478.696442,68.047890,137.000000,68.000000,-2.219813,-0.009578,2.351285,-0.472042,-0.002716,0.070883,MOVE_LEFT
135,1774871617.363046,337.919495,478.787506,68.047890,137.000000,69.000000,-2.219617,-0.008909,2.351285,-0.472001,-0.002526,0.070883,MOVE_LEFT
136,1774871617.438604,337.938141,478.851257,68.047890,137.000000,69.000000,-2.219480,-0.008441,2.351285,-0.471972,-0.002393,0.070883,MOVE_LEFT
140,1774871617.684961,337.951202,478.895874,68.047890,137.000000,69.000000,-2.219384,-0.008113,2.351285,-0.471951,-0.002300,0.070883,MOVE_LEFT
141,1774871617.743405,337.965851,478.927124,68.117645,137.000000,69.000000,-2.217004,-0.007875,2.348877,-0.471928,-0.002235,0.070956,MOVE_LEFT
142,1774871617.808687,337.976105,478.949005,68.117645,137.000000,69.000000,-2.216928,-0.007715,2.348877,-0.471912,-0.002190,0.070956,MOVE_LEFT
143,1774871617.876624,337.983276,478.964325,68.117645,137.000000,69.000000,-2.216876,-0.007602,2.348877,-0.471901,-0.002158,0.070956,MOVE_LEFT
145,1774871618.001636,337.975037,478.975037,68.073616,137.000000,69.000000,-2.218370,-0.007528,2.350397,-0.471914,-0.002135,0.070910,MOVE_LEFT
146,1774871618.065136,337.969299,478.982544,68.073593,137.000000,69.000000,-2.218413,-0.007473,2.350397,-0.471923,-0.002120,0.070910,MOVE_LEFT
147,1774871618.125630,337.978516,478.987793,68.117645,137.000000,69.000000,-2.216911,-0.007430,2.348877,-0.471909,-0.002109,0.070956,MOVE_LEFT
148,1774871618.190292,337.971741,478.991455,68.073616,137.000000,69.000000,-2.218394,-0.007408,2.350397,-0.471919,-0.002101,0.070910,MOVE_LEFT
149,1774871618.258929,337.966980,478.994019,68.073616,137.000000,70.000000,-2.218429,-0.007389,2.350397,-0.471927,-0.002096,0.070910,MOVE_LEFT
150,1774871618.314378,337.961456,478.845825,68.097488,137.000000,70.000000,-2.217692,-0.008474,2.349573,-0.471935,-0.002405,0.070935,MOVE_LEFT
151,1774871618.382805,337.957581,478.742065,68.097488,137.000000,70.000000,-2.217721,-0.009236,2.349573,-0.471941,-0.002621,0.070935,MOVE_LEFT
152,1774871618.451388,337.954865,478.669434,68.097488,137.000000,70.000000,-2.217741,-0.009770,2.349573,-0.471946,-0.002772,0.070935,MOVE_LEFT
153,1774871618.514518,337.952972,478.618591,68.097488,137.000000,70.000000,-2.217755,-0.010143,2.349573,-0.471948,-0.002878,0.070935,MOVE_LEFT
154,1774871618.573213,337.951630,478.583008,68.097488,137.000000,70.000000,-2.217764,-0.010404,2.349573,-0.471951,-0.002952,0.070935,MOVE_LEFT
155,1774871618.646111,337.950684,478.558105,68.097488,137.000000,70.000000,-2.217771,-0.010587,2.349573,-0.471952,-0.003004,0.070935,MOVE_LEFT
156,1774871618.703787,337.947815,478.390686,68.125023,137.000000,69.000000,-2.216896,-0.011811,2.348623,-0.471957,-0.003353,0.070964,MOVE_LEFT
157,1774871618.765325,337.945801,478.273499,68.125023,137.000000,69.000000,-2.216911,-0.012672,2.348623,-0.471960,-0.003597,0.070964,MOVE_LEFT
158,1774871618.837502,337.931183,478.341431,68.119553,137.000000,69.000000,-2.217196,-0.012174,2.348812,-0.471983,-0.003455,0.070958,MOVE_LEFT
159,1774871618.890184,337.920959,478.388977,68.119553,137.000000,69.000000,-2.217271,-0.011825,2.348812,-0.471999,-0.003356,0.070958,MOVE_LEFT
160,1774871618.951474,337.913788,478.422302,68.119553,137.000000,69.000000,-2.217324,-0.011580,2.348812,-0.472010,-0.003287,0.070958,MOVE_LEFT
161,1774871619.014083,337.908752,478.445618,68.119553,137.000000,69.000000,-2.217361,-0.011409,2.348812,-0.472018,-0.003238,0.070958,MOVE_LEFT
162,1774871619.079758,337.786133,478.311951,67.766243,136.000000,69.000000,-2.229826,-0.012455,2.361058,-0.472209,-0.003517,0.070590,MOVE_LEFT
163,1774871619.142914,337.700287,478.218384,67.766243,136.000000,69.000000,-2.230459,-0.013145,2.361058,-0.472343,-0.003712,0.070590,MOVE_LEFT
164,1774871619.215734,337.640198,478.152893,67.685028,136.000000,70.000000,-2.233580,-0.013645,2.363891,-0.472437,-0.003848,0.070505,MOVE_LEFT
165,1774871619.274382,337.598145,478.107056,67.685028,136.000000,70.000000,-2.233890,-0.013983,2.363891,-0.472503,-0.003944,0.070505,MOVE_LEFT
166,1774871619.333494,337.436340,478.074951,68.124992,137.000000,70.000000,-2.220651,-0.014129,2.348624,-0.472756,-0.004011,0.070964,MOVE_LEFT
167,1774871619.397210,337.323090,478.052490,68.125023,137.000000,70.000000,-2.221481,-0.014294,2.348623,-0.472933,-0.004057,0.070964,MOVE_LEFT
168,1774871619.457093,337.241608,478.186768,68.097488,137.000000,70.000000,-2.222978,-0.013314,2.349573,-0.473060,-0.003778,0.070935,MOVE_LEFT
169,1774871619.516506,337.177948,478.280762,68.119492,137.000000,69.000000,-2.222727,-0.012619,2.348814,-0.473159,-0.003582,0.070958,MOVE_LEFT
170,1774871619.585254,337.140015,478.346558,68.097488,137.000000,69.000000,-2.223724,-0.012140,2.349573,-0.473219,-0.003445,0.070935,MOVE_LEFT
171,1774871619.644704,337.113464,478.392578,68.097466,137.000000,69.000000,-2.223919,-0.011802,2.349573,-0.473260,-0.003349,0.070935,MOVE_LEFT
172,1774871619.705214,337.088257,478.424805,68.119476,137.000000,69.000000,-2.223386,-0.011562,2.348814,-0.473300,-0.003282,0.070958,MOVE_LEFT
173,1774871619.776715,337.070618,478.447388,68.119476,137.000000,69.000000,-2.223515,-0.011396,2.348814,-0.473327,-0.003235,0.070958,MOVE_LEFT
174,1774871619.831138,337.049438,478.463196,68.090111,137.000000,68.000000,-2.224630,-0.011285,2.349827,-0.473360,-0.003202,0.070927,MOVE_LEFT
175,1774871619.900460,337.034607,478.474243,68.090111,137.000000,68.000000,-2.224739,-0.011204,2.349827,-0.473383,-0.003179,0.070927,MOVE_LEFT
176,1774871619.962240,337.024231,478.481995,68.090111,137.000000,68.000000,-2.224815,-0.011147,2.349827,-0.473400,-0.003163,0.070927,MOVE_LEFT
177,1774871620.023421,337.016968,478.637390,68.066246,137.000000,68.000000,-2.225648,-0.010009,2.350651,-0.473411,-0.002839,0.070902,MOVE_LEFT
178,1774871620.087442,337.011902,478.746185,68.066246,137.000000,68.000000,-2.225685,-0.009210,2.350651,-0.473419,-0.002612,0.070902,MOVE_LEFT
179,1774871620.153239,337.008331,478.822327,68.066246,137.000000,68.000000,-2.225712,-0.008651,2.350651,-0.473424,-0.002453,0.070902,MOVE_LEFT
180,1774871620.233783,337.005829,479.025635,68.046036,137.000000,68.000000,-2.226391,-0.007160,2.351349,-0.473428,-0.002030,0.070881,MOVE_LEFT
181,1774871620.295000,337.004089,479.167938,68.046036,137.000000,68.000000,-2.226404,-0.006114,2.351349,-0.473431,-0.001733,0.070881,MOVE_LEFT
182,1774871620.356026,337.002869,479.267548,68.046036,137.000000,68.000000,-2.226413,-0.005382,2.351349,-0.473433,-0.001526,0.070881,MOVE_LEFT
183,1774871620.424500,337.002014,479.337280,68.046036,137.000000,68.000000,-2.226419,-0.004870,2.351349,-0.473434,-0.001381,0.070881,MOVE_LEFT
184,1774871620.482032,337.001404,479.386108,68.046036,137.000000,68.000000,-2.226424,-0.004511,2.351349,-0.473435,-0.001279,0.070881,MOVE_LEFT
185,1774871620.547505,336.995483,479.570282,68.047890,137.000000,68.000000,-2.226406,-0.003157,2.351285,-0.473445,-0.000895,0.070883,MOVE_LEFT
186,1774871620.620956,336.985809,479.549194,68.053391,137.000000,68.000000,-2.226298,-0.003312,2.351095,-0.473460,-0.000939,0.070889,MOVE_LEFT
187,1774871620.674410,336.979034,479.534424,68.053391,137.000000,68.000000,-2.226347,-0.003421,2.351095,-0.473470,-0.000970,0.070889,MOVE_LEFT
188,1774871620.736799,336.835327,479.374115,67.685028,136.000000,68.000000,-2.239525,-0.004624,2.363891,-0.473695,-0.001304,0.070505,MOVE_LEFT
189,1774871620.804412,336.734741,479.261902,67.685028,136.000000,68.000000,-2.240268,-0.005452,2.363891,-0.473852,-0.001538,0.070505,MOVE_LEFT
190,1774871620.870278,336.664307,479.333344,67.649933,136.000000,68.000000,-2.241951,-0.004927,2.365117,-0.473962,-0.001389,0.070469,MOVE_LEFT
191,1774871620.926577,336.615021,479.233337,67.685028,136.000000,68.000000,-2.241153,-0.005663,2.363891,-0.474039,-0.001597,0.070505,MOVE_LEFT
192,1774871620.991062,336.441528,479.313324,68.053406,137.000000,68.000000,-2.230296,-0.005045,2.351095,-0.474310,-0.001431,0.070889,MOVE_LEFT
193,1774871621.064141,336.317902,479.519318,68.036865,137.000000,68.000000,-2.231747,-0.003533,2.351666,-0.474503,-0.001001,0.070872,MOVE_LEFT
194,1774871621.117501,336.226959,479.513519,68.031349,137.000000,67.000000,-2.232596,-0.003575,2.351857,-0.474645,-0.001014,0.070866,MOVE_LEFT
195,1774871621.179725,336.158875,479.659454,68.029503,137.000000,67.000000,-2.233157,-0.002503,2.351921,-0.474752,-0.000709,0.070864,MOVE_LEFT
196,1774871621.242231,336.111206,479.761627,68.029503,137.000000,67.000000,-2.233507,-0.001752,2.351921,-0.474826,-0.000497,0.070864,MOVE_LEFT
197,1774871621.299952,336.072327,479.833130,68.047867,137.000000,67.000000,-2.233190,-0.001226,2.351286,-0.474887,-0.000348,0.070883,MOVE_LEFT
198,1774871621.369191,336.039612,479.733185,68.053406,137.000000,67.000000,-2.233249,-0.001960,2.351095,-0.474938,-0.000556,0.070889,MOVE_LEFT
199,1774871621.435370,335.888855,479.363220,67.686874,136.000000,67.000000,-2.246456,-0.004704,2.363826,-0.475174,-0.001327,0.070507,MOVE_LEFT
200,1774871621.491623,335.772186,479.104248,67.649933,136.000000,67.000000,-2.248545,-0.006620,2.365117,-0.475356,-0.001866,0.070469,MOVE_LEFT
201,1774871621.557327,335.690521,478.922974,67.649933,136.000000,68.000000,-2.249148,-0.007960,2.365117,-0.475484,-0.002244,0.070469,MOVE_LEFT
202,1774871621.627251,335.633362,478.796082,67.649933,136.000000,68.000000,-2.249571,-0.008898,2.365117,-0.475573,-0.002508,0.070469,MOVE_LEFT
203,1774871621.698199,335.593353,478.707275,67.649933,136.000000,68.000000,-2.249867,-0.009555,2.365117,-0.475635,-0.002693,0.070469,MOVE_LEFT
204,1774871621.756266,335.565338,478.645081,67.649933,136.000000,68.000000,-2.250074,-0.010014,2.365117,-0.475679,-0.002823,0.070469,MOVE_LEFT
205,1774871621.828852,335.545746,478.451538,67.685028,136.000000,67.000000,-2.249052,-0.011439,2.363891,-0.475710,-0.003226,0.070505,MOVE_LEFT
206,1774871621.873873,335.532013,478.316101,67.685028,136.000000,67.000000,-2.249153,-0.012439,2.363891,-0.475731,-0.003508,0.070505,MOVE_LEFT
207,1774871621.940160,335.522400,478.221252,67.685028,136.000000,67.000000,-2.249224,-0.013140,2.363891,-0.475746,-0.003706,0.070505,MOVE_LEFT
208,1774871622.002530,335.515686,478.154907,67.685028,136.000000,67.000000,-2.249274,-0.013630,2.363891,-0.475757,-0.003844,0.070505,MOVE_LEFT
209,1774871622.079030,335.510986,477.958435,67.649933,136.000000,67.000000,-2.250475,-0.015089,2.365117,-0.475764,-0.004253,0.070469,MOVE_LEFT
210,1774871622.133420,335.507690,477.820892,67.649933,136.000000,67.000000,-2.250500,-0.016106,2.365117,-0.475769,-0.004540,0.070469,MOVE_LEFT
211,1774871622.187979,335.505371,477.724609,67.649933,136.000000,67.000000,-2.250517,-0.016817,2.365117,-0.475773,-0.004740,0.070469,MOVE_LEFT
212,1774871622.261359,335.503754,477.657227,67.649933,136.000000,67.000000,-2.250529,-0.017315,2.365117,-0.475775,-0.004881,0.070469,MOVE_LEFT
213,1774871622.318004,335.502625,477.610046,67.649933,136.000000,67.000000,-2.250537,-0.017664,2.365117,-0.475777,-0.004979,0.070469,MOVE_LEFT
214,1774871622.374194,335.501831,477.577026,67.590782,136.000000,67.000000,-2.252513,-0.017924,2.367187,-0.475778,-0.005048,0.070407,MOVE_LEFT
215,1774871622.440640,335.501282,477.553925,67.590782,136.000000,67.000000,-2.252517,-0.018095,2.367187,-0.475779,-0.005096,0.070407,MOVE_LEFT
216,1774871622.499364,335.500885,477.537750,67.590782,136.000000,67.000000,-2.252520,-0.018214,2.367187,-0.475780,-0.005130,0.070407,MOVE_LEFT
217,1774871622.568040,335.500610,477.526428,67.590782,136.000000,67.000000,-2.252522,-0.018298,2.367187,-0.475780,-0.005153,0.070407,MOVE_LEFT
218,1774871622.640426,335.500427,477.668518,67.566734,136.000000,67.000000,-2.253325,-0.017253,2.368029,-0.475781,-0.004857,0.070382,MOVE_LEFT
219,1774871622.693249,335.500305,477.617950,67.590782,136.000000,67.000000,-2.252524,-0.017621,2.367187,-0.475781,-0.004963,0.070407,MOVE_LEFT
220,1774871622.755645,335.500214,477.582550,67.590782,136.000000,67.000000,-2.252525,-0.017883,2.367187,-0.475781,-0.005036,0.070407,MOVE_LEFT
221,1774871622.828108,335.500153,477.557770,67.590782,136.000000,67.000000,-2.252525,-0.018066,2.367187,-0.475781,-0.005088,0.070407,MOVE_LEFT
222,1774871622.883615,335.500092,477.540436,67.590782,136.000000,67.000000,-2.252525,-0.018195,2.367187,-0.475781,-0.005124,0.070407,MOVE_LEFT
223,1774871622.944510,335.500061,477.528290,67.649933,136.000000,67.000000,-2.250556,-0.018268,2.365117,-0.475781,-0.005149,0.070469,MOVE_LEFT
224,1774871623.011919,335.500031,477.519806,67.649933,136.000000,67.000000,-2.250556,-0.018331,2.365117,-0.475781,-0.005167,0.070469,MOVE_LEFT
225,1774871623.068196,335.500031,477.513855,67.649933,136.000000,67.000000,-2.250556,-0.018375,2.365117,-0.475781,-0.005179,0.070469,MOVE_LEFT
227,1774871623.201720,335.517822,477.359711,67.625931,136.000000,67.000000,-2.251224,-0.019521,2.365956,-0.475753,-0.005501,0.070444,MOVE_LEFT
228,1774871623.264933,335.661377,477.851807,68.003792,137.000000,67.000000,-2.237659,-0.015795,2.352810,-0.475529,-0.004475,0.070837,MOVE_LEFT
229,1774871623.323925,335.762970,478.346252,68.001938,137.000000,67.000000,-2.236973,-0.012160,2.352874,-0.475370,-0.003445,0.070835,MOVE_LEFT
230,1774871623.383615,335.834076,478.542389,68.000099,137.000000,67.000000,-2.236511,-0.010718,2.352938,-0.475259,-0.003037,0.070833,MOVE_LEFT
231,1774871623.454664,335.883850,478.679688,68.000099,137.000000,67.000000,-2.236145,-0.009708,2.352938,-0.475181,-0.002751,0.070833,MOVE_LEFT
232,1774871623.544789,336.053162,478.325775,67.598198,136.000000,67.000000,-2.248187,-0.012384,2.366927,-0.474917,-0.003488,0.070415,MOVE_LEFT
233,1774871623.600691,336.171661,478.078033,67.598198,136.000000,67.000000,-2.247311,-0.014216,2.366927,-0.474732,-0.004004,0.070415,MOVE_LEFT
234,1774871623.665159,336.254608,477.904633,67.598198,136.000000,66.000000,-2.246697,-0.015499,2.366927,-0.474602,-0.004365,0.070415,MOVE_LEFT
235,1774871623.732608,336.319336,477.783234,67.620377,136.000000,66.000000,-2.245482,-0.016391,2.366151,-0.474501,-0.004618,0.070438,MOVE_LEFT
236,1774871623.786489,336.364655,477.698273,67.620377,136.000000,66.000000,-2.245147,-0.017019,2.366151,-0.474430,-0.004795,0.070438,MOVE_LEFT
237,1774871623.853574,336.396362,477.638794,67.620377,136.000000,66.000000,-2.244912,-0.017459,2.366151,-0.474381,-0.004919,0.070438,MOVE_LEFT
238,1774871623.921395,336.418579,477.597137,67.620377,136.000000,66.000000,-2.244748,-0.017767,2.366151,-0.474346,-0.005006,0.070438,MOVE_LEFT
239,1774871623.985497,336.442993,477.417999,67.618515,136.000000,67.000000,-2.244629,-0.019092,2.366216,-0.474308,-0.005379,0.070436,MOVE_LEFT
240,1774871624.038996,336.460083,477.292603,67.618515,136.000000,67.000000,-2.244503,-0.020020,2.366216,-0.474281,-0.005640,0.070436,MOVE_LEFT
241,1774871624.099336,336.472046,477.204834,67.618515,136.000000,67.000000,-2.244415,-0.020669,2.366216,-0.474262,-0.005823,0.070436,MOVE_LEFT
242,1774871624.168030,336.480438,477.143372,67.618515,136.000000,67.000000,-2.244352,-0.021123,2.366216,-0.474249,-0.005951,0.070436,MOVE_LEFT
243,1774871624.230916,336.486298,477.100372,67.618515,136.000000,67.000000,-2.244309,-0.021441,2.366216,-0.474240,-0.006041,0.070436,MOVE_LEFT
244,1774871624.295543,336.490417,477.070251,67.618515,136.000000,67.000000,-2.244279,-0.021664,2.366216,-0.474234,-0.006104,0.070436,MOVE_LEFT
245,1774871624.357309,336.493286,477.049164,67.618515,136.000000,67.000000,-2.244257,-0.021820,2.366216,-0.474229,-0.006148,0.070436,MOVE_LEFT
249,1774871624.602356,336.481995,477.034424,67.574135,136.000000,66.000000,-2.245815,-0.021943,2.367770,-0.474247,-0.006178,0.070390,MOVE_LEFT
250,1774871624.662187,336.487396,477.024109,67.618515,136.000000,66.000000,-2.244301,-0.022005,2.366216,-0.474238,-0.006200,0.070436,MOVE_LEFT
251,1774871624.737572,336.491180,477.016876,67.618515,136.000000,66.000000,-2.244273,-0.022058,2.366216,-0.474233,-0.006215,0.070436,MOVE_LEFT
252,1774871624.812529,336.480499,477.011810,67.574158,136.000000,66.000000,-2.245825,-0.022110,2.367769,-0.474249,-0.006225,0.070390,MOVE_LEFT
253,1774871624.877948,336.473022,477.008270,67.574158,136.000000,66.000000,-2.245881,-0.022137,2.367769,-0.474261,-0.006233,0.070390,MOVE_LEFT
254,1774871624.938962,336.467773,477.005798,67.574158,136.000000,66.000000,-2.245919,-0.022155,2.367769,-0.474269,-0.006238,0.070390,MOVE_LEFT
255,1774871625.001848,336.466309,477.154053,67.553780,136.000000,66.000000,-2.246608,-0.021064,2.368483,-0.474271,-0.005929,0.070369,MOVE_LEFT
256,1774871625.060930,336.465302,477.257843,67.553780,136.000000,66.000000,-2.246615,-0.020296,2.368483,-0.474273,-0.005713,0.070369,MOVE_LEFT
257,1774871625.125555,336.464600,477.330475,67.553780,136.000000,65.000000,-2.246620,-0.019759,2.368483,-0.474274,-0.005562,0.070369,MOVE_LEFT
258,1774871625.201621,336.464111,477.381317,67.553780,136.000000,66.000000,-2.246624,-0.019382,2.368483,-0.474275,-0.005456,0.070369,MOVE_LEFT
259,1774871625.256881,336.463745,477.416931,67.553780,136.000000,66.000000,-2.246627,-0.019119,2.368483,-0.474275,-0.005381,0.070369,MOVE_LEFT
260,1774871625.318394,336.467957,477.441833,67.568596,136.000000,66.000000,-2.246103,-0.018930,2.367964,-0.474269,-0.005330,0.070384,MOVE_LEFT
261,1774871625.379364,336.466461,477.759277,67.553780,136.000000,66.000000,-2.246607,-0.016585,2.368483,-0.474271,-0.004668,0.070369,MOVE_LEFT
262,1774871625.435072,336.465393,477.981506,67.553780,136.000000,66.000000,-2.246615,-0.014940,2.368483,-0.474273,-0.004205,0.070369,MOVE_LEFT
263,1774871625.503692,336.469116,478.137024,67.568596,136.000000,66.000000,-2.246094,-0.013786,2.367964,-0.474267,-0.003881,0.070384,MOVE_LEFT
264,1774871625.572940,336.472839,478.395935,67.548225,136.000000,65.000000,-2.246744,-0.011873,2.368678,-0.474261,-0.003342,0.070363,MOVE_LEFT
266,1774871625.690533,336.480988,478.727142,67.546379,136.000000,66.000000,-2.246745,-0.009422,2.368743,-0.474248,-0.002652,0.070361,MOVE_LEFT
267,1774871625.765189,336.486694,478.959015,67.546379,136.000000,66.000000,-2.246703,-0.007706,2.368743,-0.474240,-0.002169,0.070361,MOVE_LEFT
268,1774871625.820696,336.490692,479.271301,67.529724,136.000000,66.000000,-2.247228,-0.005395,2.369327,-0.474233,-0.001518,0.070343,MOVE_LEFT
269,1774871625.882541,336.493500,479.339905,67.546379,136.000000,66.000000,-2.246653,-0.004886,2.368743,-0.474229,-0.001375,0.070361,MOVE_LEFT
270,1774871625.952652,336.495453,479.387939,67.546379,136.000000,66.000000,-2.246638,-0.004531,2.368743,-0.474226,-0.001275,0.070361,MOVE_LEFT
271,1774871626.022555,336.507935,479.421570,67.553802,136.000000,66.000000,-2.246299,-0.004281,2.368483,-0.474206,-0.001205,0.070369,MOVE_LEFT
272,1774871626.081717,336.516663,479.445099,67.553802,136.000000,66.000000,-2.246234,-0.004107,2.368483,-0.474193,-0.001156,0.070369,MOVE_LEFT
273,1774871626.147839,336.522766,479.461578,67.553802,136.000000,66.000000,-2.246189,-0.003985,2.368483,-0.474183,-0.001122,0.070369,MOVE_LEFT
274,1774871626.220628,336.665955,479.473114,67.151047,135.000000,65.000000,-2.258595,-0.003923,2.382688,-0.473959,-0.001098,0.069949,MOVE_LEFT
275,1774871626.273210,336.766174,479.481171,67.151047,135.000000,66.000000,-2.257849,-0.003863,2.382688,-0.473803,-0.001081,0.069949,MOVE_LEFT
276,1774871626.341812,336.977417,479.636810,67.537132,136.000000,66.000000,-2.243378,-0.002689,2.369067,-0.473473,-0.000757,0.070351,MOVE_LEFT
277,1774871626.428385,337.125305,479.745758,67.537132,136.000000,66.000000,-2.242283,-0.001882,2.369067,-0.473242,-0.000530,0.070351,MOVE_LEFT
278,1774871626.485418,337.233276,479.972046,67.531586,136.000000,66.000000,-2.241668,-0.000207,2.369262,-0.473073,-0.000058,0.070345,MOVE_LEFT
280,1774871626.625024,337.313293,480.280457,67.529724,136.000000,66.000000,-2.241137,0.002077,2.369327,-0.472948,0.000584,0.070343,MOVE_LEFT
281,1774871626.681506,337.373749,480.346313,67.531563,136.000000,66.000000,-2.240628,0.002564,2.369263,-0.472854,0.000721,0.070345,MOVE_LEFT
282,1774871626.743213,337.422729,480.392395,67.553780,136.000000,66.000000,-2.239529,0.002904,2.368483,-0.472777,0.000817,0.070369,MOVE_LEFT
283,1774871626.808840,337.459229,480.424683,67.546402,136.000000,66.000000,-2.239503,0.003144,2.368742,-0.472720,0.000885,0.070361,MOVE_LEFT
284,1774871626.872631,337.621460,480.147278,67.151047,135.000000,67.000000,-2.251480,0.001097,2.382688,-0.472466,0.000307,0.069949,MOVE_LEFT
285,1774871626.932884,337.735016,479.953094,67.151047,135.000000,67.000000,-2.250635,-0.000349,2.382688,-0.472289,-0.000098,0.069949,MOVE_LEFT
286,1774871627.000246,337.814514,479.817169,67.151047,135.000000,67.000000,-2.250043,-0.001361,2.382688,-0.472165,-0.000381,0.069949,MOVE_LEFT
287,1774871627.056167,337.870148,479.722015,67.151047,135.000000,67.000000,-2.249629,-0.002070,2.382688,-0.472078,-0.000579,0.069949,MOVE_LEFT
288,1774871627.121058,337.909088,479.655426,67.151047,135.000000,66.000000,-2.249339,-0.002566,2.382688,-0.472017,-0.000718,0.069949,MOVE_LEFT
289,1774871627.200532,337.936371,479.458801,67.186409,135.000000,66.000000,-2.247952,-0.004028,2.381434,-0.471974,-0.001127,0.069986,MOVE_LEFT
290,1774871627.260549,337.965515,479.321167,67.152931,135.000000,66.000000,-2.248856,-0.005054,2.382621,-0.471929,-0.001414,0.069951,MOVE_LEFT
291,1774871627.321361,337.985931,479.224823,67.152931,135.000000,66.000000,-2.248704,-0.005772,2.382621,-0.471897,-0.001615,0.069951,MOVE_LEFT
292,1774871627.394490,338.135712,479.307373,67.531586,136.000000,66.000000,-2.234986,-0.005128,2.369262,-0.471663,-0.001443,0.070345,MOVE_LEFT
293,1774871627.454804,338.106201,479.065186,67.188271,135.000000,67.000000,-2.246626,-0.006957,2.381368,-0.471709,-0.001948,0.069988,MOVE_LEFT
294,1774871627.514318,338.217682,479.195618,67.524178,136.000000,67.000000,-2.234624,-0.005956,2.369522,-0.471535,-0.001676,0.070338,MOVE_LEFT
295,1774871627.588888,338.295715,479.286926,67.524178,136.000000,67.000000,-2.234046,-0.005280,2.369522,-0.471413,-0.001486,0.070338,MOVE_LEFT
296,1774871627.664113,338.350342,479.350861,67.524178,136.000000,67.000000,-2.233642,-0.004807,2.369522,-0.471328,-0.001352,0.070338,MOVE_LEFT
297,1774871627.724252,338.388580,479.395599,67.524178,136.000000,67.000000,-2.233359,-0.004475,2.369522,-0.471268,-0.001259,0.070338,MOVE_LEFT
298,1774871627.792575,338.415344,479.426910,67.524178,136.000000,67.000000,-2.233161,-0.004244,2.369522,-0.471226,-0.001194,0.070338,MOVE_LEFT
299,1774871627.871061,338.427399,479.448853,67.546387,136.000000,67.000000,-2.232337,-0.004080,2.368743,-0.471207,-0.001148,0.070361,MOVE_LEFT
300,1774871627.936330,338.435852,479.464203,67.546387,136.000000,67.000000,-2.232274,-0.003966,2.368743,-0.471194,-0.001116,0.070361,MOVE_LEFT
301,1774871628.000077,338.441772,479.474945,67.546387,136.000000,67.000000,-2.232231,-0.003887,2.368743,-0.471185,-0.001094,0.070361,MOVE_LEFT
302,1774871628.077937,338.445923,479.482452,67.546387,136.000000,67.000000,-2.232200,-0.003831,2.368743,-0.471178,-0.001078,0.070361,MOVE_LEFT
303,1774871628.141230,338.312134,479.037720,67.186409,135.000000,67.000000,-2.245155,-0.007161,2.381434,-0.471387,-0.002005,0.069986,MOVE_LEFT
304,1774871628.201901,338.218506,478.726379,67.186409,135.000000,67.000000,-2.245852,-0.009478,2.381434,-0.471534,-0.002653,0.069986,MOVE_LEFT
305,1774871628.278164,338.152954,478.508484,67.186409,135.000000,67.000000,-2.246340,-0.011100,2.381434,-0.471636,-0.003107,0.069986,MOVE_LEFT
306,1774871628.333776,338.107056,478.355957,67.186409,135.000000,67.000000,-2.246682,-0.012235,2.381434,-0.471708,-0.003425,0.069986,MOVE_LEFT
307,1774871628.396542,338.074951,478.249146,67.186409,135.000000,67.000000,-2.246921,-0.013030,2.381434,-0.471758,-0.003648,0.069986,MOVE_LEFT
308,1774871628.461864,338.052460,478.174377,67.119392,135.000000,67.000000,-2.249332,-0.013600,2.383812,-0.471793,-0.003803,0.069916,MOVE_LEFT
309,1774871628.516800,338.036713,478.122070,67.119392,135.000000,67.000000,-2.249449,-0.013989,2.383812,-0.471818,-0.003912,0.069916,MOVE_LEFT
310,1774871628.584247,338.025696,478.085449,67.119392,135.000000,67.000000,-2.249531,-0.014262,2.383812,-0.471835,-0.003989,0.069916,MOVE_LEFT
311,1774871628.646006,338.017975,478.059814,67.119392,135.000000,67.000000,-2.249588,-0.014453,2.383812,-0.471847,-0.004042,0.069916,MOVE_LEFT
312,1774871628.702209,338.012573,478.041870,67.119392,135.000000,67.000000,-2.249629,-0.014587,2.383812,-0.471855,-0.004079,0.069916,MOVE_LEFT
313,1774871628.768876,338.008789,478.179321,67.151047,135.000000,67.000000,-2.248596,-0.013557,2.382688,-0.471861,-0.003793,0.069949,MOVE_LEFT
314,1774871628.845192,338.006165,478.275513,67.151047,135.000000,67.000000,-2.248616,-0.012840,2.382688,-0.471865,-0.003593,0.069949,MOVE_LEFT
315,1774871628.902370,338.004303,478.342834,67.151047,135.000000,67.000000,-2.248630,-0.012339,2.382688,-0.471868,-0.003452,0.069949,MOVE_LEFT
316,1774871628.963100,338.003021,478.389954,67.151047,135.000000,67.000000,-2.248639,-0.011988,2.382688,-0.471870,-0.003354,0.069949,MOVE_LEFT
317,1774871629.027211,338.002106,478.422974,67.151047,135.000000,67.000000,-2.248646,-0.011742,2.382688,-0.471872,-0.003285,0.069949,MOVE_LEFT
318,1774871629.091465,338.001465,478.446106,67.151047,135.000000,67.000000,-2.248651,-0.011570,2.382688,-0.471873,-0.003237,0.069949,MOVE_LEFT
319,1774871629.148478,338.001038,478.462280,67.151047,135.000000,67.000000,-2.248654,-0.011450,2.382688,-0.471873,-0.003204,0.069949,MOVE_LEFT
320,1774871629.209196,338.000732,478.473572,67.151047,135.000000,67.000000,-2.248656,-0.011366,2.382688,-0.471874,-0.003180,0.069949,MOVE_LEFT
321,1774871629.278608,338.000519,478.331482,67.186409,135.000000,67.000000,-2.247474,-0.012417,2.381434,-0.471874,-0.003476,0.069986,MOVE_LEFT
322,1774871629.330555,338.000366,478.232056,67.186409,135.000000,67.000000,-2.247476,-0.013157,2.381434,-0.471874,-0.003683,0.069986,MOVE_LEFT
323,1774871629.398708,338.010315,478.162415,67.152931,135.000000,67.000000,-2.248522,-0.013682,2.382621,-0.471859,-0.003828,0.069951,MOVE_LEFT
324,1774871629.459679,338.152771,478.263672,67.531586,136.000000,67.000000,-2.234860,-0.012856,2.369262,-0.471636,-0.003617,0.070345,MOVE_LEFT
325,1774871629.535026,338.118134,478.034576,67.188271,135.000000,67.000000,-2.246537,-0.014626,2.381368,-0.471690,-0.004095,0.069988,MOVE_LEFT
326,1774871629.590800,338.228271,478.324219,67.514923,136.000000,67.000000,-2.234852,-0.012410,2.369846,-0.471518,-0.003491,0.070328,MOVE_LEFT
327,1774871629.656073,338.307556,478.376953,67.509354,136.000000,67.000000,-2.234449,-0.012021,2.370042,-0.471394,-0.003381,0.070322,MOVE_LEFT
328,1774871629.731232,338.365295,478.413879,67.516762,136.000000,67.000000,-2.233776,-0.011746,2.369782,-0.471304,-0.003304,0.070330,MOVE_LEFT
329,1774871629.785594,338.403473,478.439697,67.509354,136.000000,67.000000,-2.233739,-0.011556,2.370042,-0.471245,-0.003251,0.070322,MOVE_LEFT
330,1774871629.847067,338.432434,478.307800,67.507507,136.000000,67.000000,-2.233585,-0.012533,2.370107,-0.471199,-0.003525,0.070320,MOVE_LEFT
331,1774871629.911282,338.453796,478.215454,67.503792,136.000000,67.000000,-2.233550,-0.013218,2.370237,-0.471166,-0.003718,0.070316,MOVE_LEFT
333,1774871630.028049,338.599731,477.550842,67.126862,135.000000,67.000000,-2.245005,-0.018243,2.383547,-0.470938,-0.005102,0.069924,MOVE_LEFT
334,1774871630.098971,338.709747,477.085571,67.152908,135.000000,67.000000,-2.243315,-0.021700,2.382622,-0.470766,-0.006072,0.069951,MOVE_LEFT
335,1774871630.161660,338.786743,476.759888,67.152908,135.000000,67.000000,-2.242742,-0.024125,2.382622,-0.470646,-0.006750,0.069951,MOVE_LEFT
336,1774871630.219039,338.840637,476.531921,67.152908,135.000000,67.000000,-2.242340,-0.025822,2.382622,-0.470562,-0.007225,0.069951,MOVE_LEFT
337,1774871630.283496,338.878387,476.372314,67.152908,135.000000,67.000000,-2.242059,-0.027011,2.382622,-0.470503,-0.007558,0.069951,MOVE_LEFT
338,1774871630.347137,338.904816,476.260620,67.152908,135.000000,67.000000,-2.241863,-0.027842,2.382622,-0.470461,-0.007790,0.069951,MOVE_LEFT
339,1774871630.404120,338.923309,476.182434,67.152908,135.000000,67.000000,-2.241725,-0.028424,2.382622,-0.470432,-0.007953,0.069951,MOVE_LEFT
340,1774871630.459694,338.936249,476.127686,67.152908,135.000000,67.000000,-2.241629,-0.028832,2.382622,-0.470412,-0.008067,0.069951,MOVE_LEFT
341,1774871630.553081,338.945312,476.089355,67.152908,135.000000,67.000000,-2.241561,-0.029117,2.382622,-0.470398,-0.008147,0.069951,MOVE_LEFT
342,1774871630.639195,338.951660,476.062561,67.152908,135.000000,67.000000,-2.241514,-0.029317,2.382622,-0.470388,-0.008203,0.069951,MOVE_LEFT
343,1774871630.703209,338.956085,476.043762,67.152908,135.000000,67.000000,-2.241481,-0.029457,2.382622,-0.470381,-0.008242,0.069951,MOVE_LEFT
344,1774871630.771134,338.951355,476.030640,67.126862,135.000000,66.000000,-2.242386,-0.029566,2.383547,-0.470389,-0.008270,0.069924,MOVE_LEFT
345,1774871630.843912,338.948059,476.021423,67.126862,135.000000,66.000000,-2.242410,-0.029635,2.383547,-0.470394,-0.008289,0.069924,MOVE_LEFT
346,1774871630.907927,338.814758,476.614990,67.503792,136.000000,67.000000,-2.230876,-0.025073,2.370237,-0.470602,-0.007052,0.070316,MOVE_LEFT
347,1774871630.964867,338.720337,476.880493,67.501953,136.000000,67.000000,-2.231637,-0.023107,2.370302,-0.470749,-0.006499,0.070315,MOVE_LEFT
348,1774871631.037611,338.654236,477.366333,67.501953,136.000000,67.000000,-2.232126,-0.019508,2.370302,-0.470853,-0.005487,0.070315,MOVE_LEFT
349,1774871631.092014,338.606873,477.556458,67.503815,136.000000,67.000000,-2.232416,-0.018099,2.370236,-0.470927,-0.005091,0.070316,MOVE_LEFT
350,1774871631.166219,338.436005,477.239532,67.188271,135.000000,67.000000,-2.244171,-0.020543,2.381368,-0.471194,-0.005751,0.069988,MOVE_LEFT
351,1774871631.226166,338.315277,477.167664,67.152931,135.000000,67.000000,-2.246251,-0.021089,2.382621,-0.471382,-0.005901,0.069951,MOVE_LEFT
352,1774871631.288568,338.230774,477.117371,67.152931,135.000000,67.000000,-2.246881,-0.021463,2.382621,-0.471514,-0.006005,0.069951,MOVE_LEFT
353,1774871631.356432,338.179443,477.082153,67.126884,135.000000,66.000000,-2.248135,-0.021734,2.383546,-0.471595,-0.006079,0.069924,MOVE_LEFT
354,1774871631.412285,338.133453,477.057495,67.093323,135.000000,66.000000,-2.249602,-0.021928,2.384738,-0.471666,-0.006130,0.069889,MOVE_LEFT
355,1774871631.476033,338.101257,477.040253,67.093323,135.000000,66.000000,-2.249842,-0.022057,2.384738,-0.471717,-0.006166,0.069889,MOVE_LEFT
356,1774871631.544211,338.078735,477.028168,67.093323,135.000000,66.000000,-2.250010,-0.022147,2.384738,-0.471752,-0.006191,0.069889,MOVE_LEFT
357,1774871631.623076,338.055115,477.169708,67.091454,135.000000,67.000000,-2.250248,-0.021093,2.384804,-0.471789,-0.005896,0.069887,MOVE_LEFT
358,1774871631.695019,338.038574,477.268799,67.091454,135.000000,67.000000,-2.250372,-0.020354,2.384804,-0.471815,-0.005690,0.069887,MOVE_LEFT
359,1774871631.753653,338.027008,477.338165,67.091454,135.000000,67.000000,-2.250458,-0.019837,2.384804,-0.471833,-0.005545,0.069887,MOVE_LEFT
360,1774871631.815161,338.018890,477.386719,67.091454,135.000000,67.000000,-2.250518,-0.019476,2.384804,-0.471845,-0.005444,0.069887,MOVE_LEFT
361,1774871631.876333,338.013214,477.420685,67.151047,135.000000,67.000000,-2.248564,-0.019205,2.382688,-0.471854,-0.005374,0.069949,MOVE_LEFT
362,1774871631.945394,338.009247,477.444489,67.151047,135.000000,67.000000,-2.248593,-0.019028,2.382688,-0.471861,-0.005324,0.069949,MOVE_LEFT
363,1774871632.004464,338.006470,477.461151,67.151047,135.000000,67.000000,-2.248614,-0.018904,2.382688,-0.471865,-0.005289,0.069949,MOVE_LEFT
364,1774871632.067202,338.004517,477.322815,67.186409,135.000000,68.000000,-2.247445,-0.019924,2.381434,-0.471868,-0.005577,0.069986,MOVE_LEFT
365,1774871632.129511,338.003174,477.225983,67.186409,135.000000,68.000000,-2.247455,-0.020644,2.381434,-0.471870,-0.005779,0.069986,MOVE_LEFT
366,1774871632.202112,338.002228,477.158203,67.186409,135.000000,68.000000,-2.247462,-0.021149,2.381434,-0.471872,-0.005920,0.069986,MOVE_LEFT
367,1774871632.263746,338.001556,477.110748,67.186409,135.000000,68.000000,-2.247467,-0.021502,2.381434,-0.471873,-0.006019,0.069986,MOVE_LEFT
368,1774871632.325306,337.857758,477.527527,67.524170,136.000000,68.000000,-2.237290,-0.018308,2.369522,-0.472097,-0.005151,0.070338,MOVE_LEFT
369,1774871632.394418,337.757080,477.819275,67.524170,136.000000,68.000000,-2.238035,-0.016148,2.369522,-0.472255,-0.004543,0.070338,MOVE_LEFT
370,1774871632.459639,337.686615,478.023499,67.524170,136.000000,68.000000,-2.238557,-0.014636,2.369522,-0.472365,-0.004118,0.070338,MOVE_LEFT
371,1774871632.521887,337.637299,478.166443,67.524170,136.000000,68.000000,-2.238922,-0.013577,2.369522,-0.472442,-0.003820,0.070338,MOVE_LEFT
372,1774871632.585877,337.602783,478.266479,67.524170,136.000000,68.000000,-2.239178,-0.012836,2.369522,-0.472496,-0.003612,0.070338,MOVE_LEFT
373,1774871632.647380,337.578613,478.336548,67.524170,136.000000,68.000000,-2.239357,-0.012317,2.369522,-0.472533,-0.003466,0.070338,MOVE_LEFT
374,1774871632.709019,337.705017,477.935577,67.186409,135.000000,68.000000,-2.249674,-0.015363,2.381434,-0.472336,-0.004301,0.069986,MOVE_LEFT
375,1774871632.777285,337.793518,477.654907,67.186409,135.000000,68.000000,-2.249015,-0.017452,2.381434,-0.472198,-0.004886,0.069986,MOVE_LEFT
376,1774871632.853070,337.855469,477.458435,67.186409,135.000000,68.000000,-2.248554,-0.018914,2.381434,-0.472101,-0.005295,0.069986,MOVE_LEFT
377,1774871632.911252,337.898834,477.320892,67.186409,135.000000,68.000000,-2.248231,-0.019938,2.381434,-0.472033,-0.005581,0.069986,MOVE_LEFT
378,1774871632.971547,337.929169,477.224640,67.186409,135.000000,68.000000,-2.248005,-0.020654,2.381434,-0.471986,-0.005782,0.069986,MOVE_LEFT
379,1774871633.042192,337.950409,477.157257,67.186409,135.000000,68.000000,-2.247847,-0.021156,2.381434,-0.471952,-0.005922,0.069986,MOVE_LEFT
380,1774871633.107627,337.965271,477.110077,67.186409,135.000000,68.000000,-2.247737,-0.021507,2.381434,-0.471929,-0.006021,0.069986,MOVE_LEFT
381,1774871633.175912,337.975677,477.227051,67.151047,135.000000,68.000000,-2.248843,-0.020647,2.382688,-0.471913,-0.005777,0.069949,MOVE_LEFT
382,1774871633.240319,337.982971,477.308929,67.151047,135.000000,68.000000,-2.248789,-0.020037,2.382688,-0.471902,-0.005606,0.069949,MOVE_LEFT
383,1774871633.302547,337.988068,477.366241,67.151047,135.000000,67.000000,-2.248751,-0.019611,2.382688,-0.471894,-0.005487,0.069949,MOVE_LEFT
384,1774871633.374817,337.991638,477.406372,67.151047,135.000000,67.000000,-2.248724,-0.019312,2.382688,-0.471888,-0.005403,0.069949,MOVE_LEFT
385,1774871633.445665,337.994141,477.434448,67.151047,135.000000,68.000000,-2.248706,-0.019103,2.382688,-0.471884,-0.005345,0.069949,MOVE_LEFT
386,1774871633.505437,337.995911,477.454102,67.151047,135.000000,68.000000,-2.248692,-0.018957,2.382688,-0.471881,-0.005304,0.069949,MOVE_LEFT
387,1774871633.569352,337.997131,477.467865,67.151047,135.000000,68.000000,-2.248683,-0.018854,2.382688,-0.471879,-0.005275,0.069949,MOVE_LEFT
388,1774871633.640815,337.997986,477.477509,67.151047,135.000000,68.000000,-2.248677,-0.018782,2.382688,-0.471878,-0.005255,0.069949,MOVE_LEFT
389,1774871633.701083,337.998596,477.484253,67.151047,135.000000,68.000000,-2.248672,-0.018732,2.382688,-0.471877,-0.005241,0.069949,MOVE_LEFT
390,1774871633.765645,337.999023,477.488983,67.225464,135.000000,68.000000,-2.246180,-0.018676,2.380051,-0.471877,-0.005231,0.070027,MOVE_LEFT
391,1774871633.837727,337.855988,477.792297,67.568581,136.000000,68.000000,-2.235832,-0.016337,2.367964,-0.472100,-0.004599,0.070384,MOVE_LEFT
392,1774871633.898913,337.754761,478.154602,67.548241,136.000000,68.000000,-2.237255,-0.013660,2.368678,-0.472258,-0.003845,0.070363,MOVE_LEFT
393,1774871633.959101,337.683899,478.408234,67.548241,136.000000,69.000000,-2.237779,-0.011782,2.368678,-0.472369,-0.003316,0.070363,MOVE_LEFT
394,1774871634.025272,337.634277,478.585785,67.548241,136.000000,69.000000,-2.238147,-0.010468,2.368678,-0.472446,-0.002946,0.070363,MOVE_LEFT
395,1774871634.115318,337.593994,478.860046,67.546379,136.000000,69.000000,-2.238506,-0.008438,2.368743,-0.472509,-0.002375,0.070361,MOVE_LEFT
396,1774871634.142669,337.560242,478.902039,67.548225,136.000000,69.000000,-2.238695,-0.008127,2.368678,-0.472562,-0.002287,0.070363,MOVE_LEFT
397,1774871634.212610,337.535492,478.781433,67.568581,136.000000,68.000000,-2.238204,-0.009017,2.367964,-0.472601,-0.002539,0.070384,MOVE_LEFT
398,1774871634.274625,337.517059,478.847015,67.592644,136.000000,68.000000,-2.237543,-0.008529,2.367121,-0.472630,-0.002402,0.070409,MOVE_LEFT
399,1774871634.343310,337.491943,478.742920,67.583427,136.000000,68.000000,-2.238034,-0.009300,2.367444,-0.472669,-0.002619,0.070399,MOVE_LEFT
400,1774871634.411894,337.344360,478.220032,67.268219,135.000000,68.000000,-2.249618,-0.013230,2.378538,-0.472899,-0.003708,0.070071,MOVE_LEFT
401,1774871634.497812,337.241058,478.004028,67.225464,135.000000,68.000000,-2.251817,-0.014845,2.380051,-0.473061,-0.004158,0.070027,MOVE_LEFT
402,1774871634.527895,337.168762,477.552826,67.225464,135.000000,68.000000,-2.252355,-0.018201,2.380051,-0.473174,-0.005098,0.070027,MOVE_LEFT
403,1774871634.605921,336.968140,477.536987,67.649933,136.000000,69.000000,-2.239706,-0.018204,2.365117,-0.473487,-0.005131,0.070469,MOVE_LEFT
404,1774871634.666195,336.843262,477.525879,67.598198,136.000000,69.000000,-2.242343,-0.018300,2.366927,-0.473682,-0.005154,0.070415,MOVE_LEFT
405,1774871634.726158,336.740295,477.518097,67.590782,136.000000,69.000000,-2.243351,-0.018360,2.367187,-0.473843,-0.005171,0.070407,MOVE_LEFT
406,1774871634.795168,336.668213,477.512665,67.590782,136.000000,68.000000,-2.243884,-0.018400,2.367187,-0.473956,-0.005182,0.070407,MOVE_LEFT
407,1774871634.858239,336.608856,477.508850,67.620377,136.000000,68.000000,-2.243341,-0.018420,2.366151,-0.474049,-0.005190,0.070438,MOVE_LEFT
408,1774871634.919487,336.576202,477.206207,67.649933,136.000000,68.000000,-2.242602,-0.020649,2.365117,-0.474100,-0.005820,0.070469,MOVE_LEFT
409,1774871634.994951,336.543335,477.144348,67.651779,136.000000,68.000000,-2.242784,-0.021106,2.365052,-0.474151,-0.005949,0.070471,MOVE_LEFT
410,1774871635.053794,336.512573,476.801025,67.625938,136.000000,69.000000,-2.243869,-0.023652,2.365956,-0.474199,-0.006665,0.070444,MOVE_LEFT
411,1774871635.114784,336.482117,476.410706,67.635216,136.000000,69.000000,-2.243786,-0.026534,2.365632,-0.474247,-0.007478,0.070453,MOVE_LEFT
412,1774871635.187281,336.207489,476.137512,67.657341,136.000000,69.000000,-2.245082,-0.028544,2.364858,-0.474676,-0.008047,0.070476,MOVE_LEFT
413,1774871635.252075,336.015259,475.946289,67.657341,136.000000,68.000000,-2.246502,-0.029958,2.364858,-0.474976,-0.008445,0.070476,MOVE_LEFT
414,1774871635.316683,335.878479,475.962402,67.625931,136.000000,68.000000,-2.248557,-0.029852,2.365956,-0.475190,-0.008412,0.070444,MOVE_LEFT
415,1774871635.453180,335.774933,475.973694,67.651802,136.000000,68.000000,-2.248462,-0.029758,2.365052,-0.475352,-0.008388,0.070471,MOVE_LEFT
416,1774871635.465890,335.692444,475.831604,67.649933,136.000000,68.000000,-2.249134,-0.030809,2.365117,-0.475481,-0.008684,0.070469,MOVE_LEFT
417,1774871635.522857,335.634705,475.882141,67.618515,136.000000,68.000000,-2.250606,-0.030449,2.366216,-0.475571,-0.008579,0.070436,MOVE_LEFT
418,1774871635.592965,335.594299,475.917480,67.618515,136.000000,68.000000,-2.250905,-0.030188,2.366216,-0.475634,-0.008505,0.070436,MOVE_LEFT
419,1774871635.651747,335.566010,475.942261,67.618515,136.000000,68.000000,-2.251114,-0.030005,2.366216,-0.475678,-0.008454,0.070436,MOVE_LEFT
420,1774871635.711954,335.546204,475.959595,67.618515,136.000000,68.000000,-2.251261,-0.029876,2.366216,-0.475709,-0.008418,0.070436,MOVE_LEFT
421,1774871635.785671,335.524567,475.971741,67.592621,136.000000,68.000000,-2.252283,-0.029798,2.367122,-0.475743,-0.008392,0.070409,MOVE_LEFT
422,1774871635.859739,335.507202,475.980225,67.651779,136.000000,68.000000,-2.250442,-0.029709,2.365052,-0.475770,-0.008375,0.070471,MOVE_LEFT
423,1774871635.921700,335.505035,475.986145,67.685028,136.000000,69.000000,-2.249352,-0.029651,2.363891,-0.475773,-0.008362,0.070505,MOVE_LEFT
424,1774871635.985922,335.503510,475.990295,67.685028,136.000000,68.000000,-2.249364,-0.029620,2.363891,-0.475776,-0.008354,0.070505,MOVE_LEFT
425,1774871636.059244,335.502441,475.993225,67.685028,136.000000,68.000000,-2.249372,-0.029599,2.363891,-0.475777,-0.008347,0.070505,MOVE_LEFT
426,1774871636.131322,335.501709,475.995239,67.618515,136.000000,68.000000,-2.251590,-0.029613,2.366216,-0.475779,-0.008343,0.070436,MOVE_LEFT
427,1774871636.198464,335.501190,475.996643,67.618515,136.000000,68.000000,-2.251593,-0.029603,2.366216,-0.475779,-0.008340,0.070436,MOVE_LEFT
428,1774871636.264371,335.491943,476.147644,67.620369,136.000000,68.000000,-2.251600,-0.028485,2.366151,-0.475794,-0.008026,0.070438,MOVE_LEFT
429,1774871636.344416,335.485474,476.253357,67.620369,136.000000,68.000000,-2.251648,-0.027704,2.366151,-0.475804,-0.007806,0.070438,MOVE_LEFT
430,1774871636.410358,335.489838,476.327362,67.649933,136.000000,69.000000,-2.250632,-0.027144,2.365117,-0.475797,-0.007651,0.070469,MOVE_LEFT
431,1774871636.474522,335.492889,476.529144,67.618515,136.000000,68.000000,-2.251655,-0.025665,2.366216,-0.475792,-0.007231,0.070436,MOVE_LEFT
432,1774871636.546141,335.495026,476.670410,67.618515,136.000000,68.000000,-2.251639,-0.024620,2.366216,-0.475789,-0.006937,0.070436,MOVE_LEFT
433,1774871636.604379,335.496521,476.769287,67.618515,136.000000,68.000000,-2.251628,-0.023889,2.366216,-0.475787,-0.006731,0.070436,MOVE_LEFT
434,1774871636.660511,335.497559,476.838501,67.618515,136.000000,68.000000,-2.251620,-0.023377,2.366216,-0.475785,-0.006586,0.070436,MOVE_LEFT
435,1774871636.749612,335.498291,477.186951,67.618515,136.000000,68.000000,-2.251615,-0.020801,2.366216,-0.475784,-0.005861,0.070436,MOVE_LEFT
436,1774871636.808372,335.498810,477.430847,67.618515,136.000000,68.000000,-2.251611,-0.018997,2.366216,-0.475783,-0.005352,0.070436,MOVE_LEFT
437,1774871636.875036,335.499176,477.601624,67.618515,136.000000,68.000000,-2.251608,-0.017735,2.366216,-0.475783,-0.004997,0.070436,MOVE_LEFT
438,1774871636.949413,335.499420,477.721130,67.618515,136.000000,67.000000,-2.251607,-0.016851,2.366216,-0.475782,-0.004748,0.070436,MOVE_LEFT
439,1774871637.020138,335.499603,477.804810,67.618515,136.000000,68.000000,-2.251605,-0.016232,2.366216,-0.475782,-0.004573,0.070436,MOVE_LEFT
440,1774871637.082915,335.499725,477.863342,67.685028,136.000000,68.000000,-2.249392,-0.015784,2.363891,-0.475782,-0.004451,0.070505,MOVE_LEFT
441,1774871637.142106,335.499817,477.904358,67.685028,136.000000,68.000000,-2.249391,-0.015481,2.363891,-0.475782,-0.004366,0.070505,MOVE_LEFT
442,1774871637.213041,335.499878,477.933044,67.685028,136.000000,68.000000,-2.249391,-0.015269,2.363891,-0.475781,-0.004306,0.070505,MOVE_LEFT
443,1774871637.282527,335.509918,477.953125,67.651802,136.000000,68.000000,-2.250421,-0.015128,2.365052,-0.475766,-0.004264,0.070471,MOVE_LEFT
444,1774871637.357916,335.518066,477.817169,67.686874,136.000000,68.000000,-2.249195,-0.016124,2.363826,-0.475753,-0.004548,0.070507,MOVE_LEFT
445,1774871637.446060,335.656036,478.322021,68.023987,137.000000,68.000000,-2.237034,-0.012334,2.352111,-0.475537,-0.003496,0.070858,MOVE_LEFT
446,1774871637.526830,335.752625,478.675415,68.023987,137.000000,68.000000,-2.236324,-0.009736,2.352111,-0.475387,-0.002760,0.070858,MOVE_LEFT
447,1774871637.594700,335.820221,478.922791,68.023987,137.000000,68.000000,-2.235827,-0.007918,2.352111,-0.475281,-0.002244,0.070858,MOVE_LEFT
448,1774871637.657077,335.870850,479.245941,68.018494,137.000000,68.000000,-2.235636,-0.005543,2.352301,-0.475202,-0.001571,0.070853,MOVE_LEFT
450,1774871637.793309,335.909607,479.322174,68.016640,137.000000,68.000000,-2.235412,-0.004983,2.352366,-0.475141,-0.001412,0.070851,MOVE_LEFT
452,1774871637.939038,335.941132,479.375519,68.031349,137.000000,68.000000,-2.234697,-0.004590,2.351857,-0.475092,-0.001301,0.070866,MOVE_LEFT
453,1774871638.011186,335.963196,479.412872,68.031349,137.000000,68.000000,-2.234535,-0.004315,2.351857,-0.475058,-0.001223,0.070866,MOVE_LEFT
454,1774871638.075105,335.978668,479.439026,68.031349,137.000000,68.000000,-2.234421,-0.004123,2.351857,-0.475033,-0.001169,0.070866,MOVE_LEFT
455,1774871638.135950,335.989471,479.457306,68.031349,137.000000,68.000000,-2.234341,-0.003989,2.351857,-0.475016,-0.001131,0.070866,MOVE_LEFT
456,1774871638.194677,335.997040,479.470123,68.031349,137.000000,68.000000,-2.234286,-0.003894,2.351857,-0.475005,-0.001104,0.070866,MOVE_LEFT
457,1774871638.261945,336.008972,479.479095,68.053391,137.000000,68.000000,-2.233475,-0.003827,2.351095,-0.474986,-0.001085,0.070889,MOVE_LEFT
458,1774871638.330773,336.017334,479.485382,68.053391,137.000000,68.000000,-2.233413,-0.003781,2.351095,-0.474973,-0.001072,0.070889,MOVE_LEFT
459,1774871638.393661,336.023163,479.489777,68.053391,137.000000,68.000000,-2.233370,-0.003749,2.351095,-0.474964,-0.001063,0.070889,MOVE_LEFT
460,1774871638.458714,336.029449,479.492859,68.046043,137.000000,68.000000,-2.233565,-0.003726,2.351349,-0.474954,-0.001057,0.070881,MOVE_LEFT
461,1774871638.526029,336.031647,479.494995,68.053391,137.000000,68.000000,-2.233308,-0.003710,2.351095,-0.474951,-0.001052,0.070889,MOVE_LEFT
462,1774871638.599423,336.033203,479.496490,68.053391,137.000000,68.000000,-2.233296,-0.003699,2.351095,-0.474948,-0.001049,0.070889,MOVE_LEFT
463,1774871638.651663,336.034271,479.497559,68.053391,137.000000,68.000000,-2.233289,-0.003692,2.351095,-0.474946,-0.001047,0.070889,MOVE_LEFT
464,1774871638.716105,336.035034,479.498291,68.053406,137.000000,68.000000,-2.233283,-0.003686,2.351095,-0.474945,-0.001045,0.070889,MOVE_LEFT
465,1774871638.807682,336.035553,479.498810,68.053406,137.000000,68.000000,-2.233279,-0.003682,2.351095,-0.474944,-0.001044,0.070889,MOVE_LEFT
466,1774871638.873033,336.035919,479.499176,68.053406,137.000000,68.000000,-2.233276,-0.003680,2.351095,-0.474944,-0.001043,0.070889,MOVE_LEFT
467,1774871638.942999,336.044983,479.499420,68.082817,137.000000,67.000000,-2.232245,-0.003676,2.350079,-0.474930,-0.001043,0.070920,MOVE_LEFT
468,1774871639.000705,336.051331,479.499603,68.082817,137.000000,67.000000,-2.232198,-0.003675,2.350079,-0.474920,-0.001042,0.070920,MOVE_LEFT
1,1774872063.160079,934.488159,481.000000,63.519814,128.000000,50.000000,2.318081,0.007872,2.518899,0.460138,0.002083,0.066166,MOVE_RIGHT
2,1774872063.337500,934.487000,480.850220,63.533539,128.000000,51.000000,2.317571,0.006691,2.518355,0.460136,0.001771,0.066181,MOVE_RIGHT
3,1774872063.346046,934.486145,480.745392,63.533539,128.000000,51.000000,2.317564,0.005866,2.518355,0.460135,0.001553,0.066181,MOVE_RIGHT
4,1774872063.353116,934.485596,480.671997,63.533539,128.000000,51.000000,2.317560,0.005289,2.518355,0.460134,0.001400,0.066181,MOVE_RIGHT
5,1774872063.387939,934.489868,480.620422,64.502037,130.000000,51.000000,2.282795,0.004809,2.480542,0.460140,0.001293,0.067190,MOVE_RIGHT
6,1774872063.462037,934.347595,480.584290,64.033295,129.000000,52.000000,2.298395,0.004562,2.498700,0.459918,0.001217,0.066701,MOVE_RIGHT
7,1774872063.533889,934.393311,480.559021,64.502037,130.000000,52.000000,2.282047,0.004333,2.480542,0.459990,0.001165,0.067190,MOVE_RIGHT
8,1774872063.597460,934.280029,480.541321,64.033295,129.000000,52.000000,2.297867,0.004227,2.498700,0.459813,0.001128,0.066701,MOVE_RIGHT
9,1774872063.734326,934.201904,480.378906,64.050865,129.000000,52.000000,2.296627,0.002958,2.498015,0.459690,0.000789,0.066720,MOVE_RIGHT
10,1774872063.835920,934.289062,480.415619,64.509773,130.000000,53.000000,2.280965,0.003221,2.480244,0.459827,0.000866,0.067198,MOVE_RIGHT
11,1774872063.849924,934.349976,480.441315,64.509773,130.000000,53.000000,2.281437,0.003421,2.480244,0.459922,0.000919,0.067198,MOVE_RIGHT
12,1774872063.891254,934.395020,480.458923,64.517540,130.000000,53.000000,2.281512,0.003557,2.479946,0.459992,0.000956,0.067206,MOVE_RIGHT
13,1774872063.958068,934.426514,480.471252,64.517540,130.000000,54.000000,2.281756,0.003652,2.479946,0.460041,0.000982,0.067206,MOVE_RIGHT
14,1774872064.026042,934.448608,480.479858,64.517540,130.000000,54.000000,2.281927,0.003719,2.479946,0.460076,0.001000,0.067206,MOVE_RIGHT
15,1774872064.114988,934.463989,480.485901,64.548531,130.000000,54.000000,2.280950,0.003764,2.478755,0.460100,0.001012,0.067238,MOVE_RIGHT
16,1774872064.208276,934.474731,480.490112,64.548531,130.000000,54.000000,2.281034,0.003796,2.478755,0.460117,0.001021,0.067238,MOVE_RIGHT
17,1774872064.271497,934.482300,480.343079,64.569832,130.000000,54.000000,2.280340,0.002657,2.477937,0.460129,0.000715,0.067260,MOVE_RIGHT
18,1774872064.336850,934.630676,480.390137,65.025093,131.000000,55.000000,2.265515,0.003000,2.460589,0.460360,0.000813,0.067734,MOVE_RIGHT
21,1774872064.545240,934.741455,480.423096,65.017403,131.000000,56.000000,2.266635,0.003254,2.460880,0.460534,0.000881,0.067726,MOVE_RIGHT
22,1774872064.605249,934.819031,480.446167,65.017403,131.000000,56.000000,2.267232,0.003431,2.460880,0.460655,0.000930,0.067726,MOVE_RIGHT
23,1774872064.672268,934.873291,480.462341,65.017403,131.000000,56.000000,2.267649,0.003556,2.460880,0.460740,0.000963,0.067726,MOVE_RIGHT
24,1774872064.736224,934.915955,480.473633,65.032776,131.000000,57.000000,2.267441,0.003641,2.460298,0.460806,0.000987,0.067742,MOVE_RIGHT
25,1774872064.824610,934.945801,480.481567,65.032776,131.000000,57.000000,2.267670,0.003702,2.460298,0.460853,0.001003,0.067742,MOVE_RIGHT
26,1774872064.884095,935.109741,480.487122,65.509644,132.000000,57.000000,2.252414,0.003718,2.442388,0.461109,0.001015,0.068239,MOVE_RIGHT
27,1774872064.947612,935.224487,480.490967,65.509644,132.000000,57.000000,2.253290,0.003747,2.442388,0.461288,0.001023,0.068239,MOVE_RIGHT
28,1774872065.022296,935.304810,480.493652,65.509644,132.000000,57.000000,2.253903,0.003768,2.442388,0.461414,0.001028,0.068239,MOVE_RIGHT
29,1774872065.085309,935.363403,480.495544,65.517273,132.000000,57.000000,2.254088,0.003782,2.442104,0.461505,0.001032,0.068247,MOVE_RIGHT
30,1774872065.159568,935.404419,480.646851,65.530624,132.000000,58.000000,2.253942,0.004935,2.441607,0.461569,0.001348,0.068261,MOVE_RIGHT
31,1774872065.238666,935.433105,480.752808,65.530624,132.000000,58.000000,2.254161,0.005744,2.441607,0.461614,0.001568,0.068261,MOVE_RIGHT
32,1774872065.303098,935.453186,480.826965,65.568764,132.000000,58.000000,2.253003,0.006306,2.440186,0.461646,0.001723,0.068301,MOVE_RIGHT
33,1774872065.376423,935.467224,480.878845,65.568764,132.000000,58.000000,2.253110,0.006702,2.440186,0.461668,0.001831,0.068301,MOVE_RIGHT
34,1774872065.425022,935.482788,480.915161,65.549683,132.000000,59.000000,2.253884,0.006981,2.440897,0.461692,0.001907,0.068281,MOVE_RIGHT
35,1774872065.493641,935.487976,480.640594,65.568764,132.000000,59.000000,2.253268,0.004885,2.440186,0.461700,0.001335,0.068301,MOVE_RIGHT
36,1774872065.553260,935.491577,480.448425,65.568764,132.000000,59.000000,2.253295,0.003420,2.440186,0.461706,0.000934,0.068301,MOVE_RIGHT
37,1774872065.609339,935.637329,480.463928,66.024696,133.000000,59.000000,2.238839,0.003513,2.423336,0.461933,0.000967,0.068776,MOVE_RIGHT
38,1774872065.688923,935.596130,480.324738,65.568764,132.000000,60.000000,2.254093,0.002476,2.440186,0.461869,0.000677,0.068301,MOVE_RIGHT
39,1774872065.774673,935.567322,480.227325,65.568764,132.000000,60.000000,2.253873,0.001733,2.440186,0.461824,0.000474,0.068301,MOVE_RIGHT
40,1774872065.846242,935.686890,480.159119,66.034218,133.000000,60.000000,2.238891,0.001205,2.422986,0.462011,0.000331,0.068786,MOVE_RIGHT
41,1774872065.908153,935.770630,480.111389,66.034218,133.000000,60.000000,2.239526,0.000843,2.422986,0.462142,0.000232,0.068786,MOVE_RIGHT
42,1774872065.974530,935.829224,480.077972,66.034218,133.000000,61.000000,2.239969,0.000590,2.422986,0.462233,0.000162,0.068786,MOVE_RIGHT
43,1774872066.043158,935.866821,479.904572,66.047462,133.000000,60.000000,2.239805,-0.000722,2.422500,0.462292,-0.000199,0.068799,MOVE_RIGHT
44,1774872066.117898,935.756775,479.933197,66.500099,134.000000,60.000000,2.223732,-0.000502,2.406011,0.462120,-0.000139,0.069271,MOVE_RIGHT
45,1774872066.175161,935.679749,479.953247,66.500099,134.000000,60.000000,2.223153,-0.000352,2.406011,0.462000,-0.000097,0.069271,MOVE_RIGHT
46,1774872066.242086,935.625854,479.967255,66.500099,134.000000,60.000000,2.222747,-0.000246,2.406011,0.461915,-0.000068,0.069271,MOVE_RIGHT
47,1774872066.306117,935.588135,480.127075,66.501976,134.000000,62.000000,2.222401,0.000955,2.405944,0.461856,0.000265,0.069273,MOVE_RIGHT
49,1774872066.432229,935.411682,479.938965,66.092834,133.000000,62.000000,2.234824,-0.000462,2.420837,0.461581,-0.000127,0.068847,MOVE_RIGHT
50,1774872066.500827,935.288147,479.807281,66.092834,133.000000,62.000000,2.233889,-0.001458,2.420837,0.461388,-0.000401,0.068847,MOVE_RIGHT
51,1774872066.570806,935.201721,479.715088,66.092834,133.000000,62.000000,2.233235,-0.002155,2.420837,0.461253,-0.000594,0.068847,MOVE_RIGHT
52,1774872066.623276,935.141174,479.650574,66.092834,133.000000,62.000000,2.232777,-0.002643,2.420837,0.461158,-0.000728,0.068847,MOVE_RIGHT
53,1774872066.690245,935.098816,479.605408,66.092834,133.000000,62.000000,2.232457,-0.002985,2.420837,0.461092,-0.000822,0.068847,MOVE_RIGHT
54,1774872066.758625,935.069153,479.573792,66.092834,133.000000,62.000000,2.232233,-0.003224,2.420837,0.461046,-0.000888,0.068847,MOVE_RIGHT
55,1774872066.821383,935.048401,479.551666,66.047432,133.000000,62.000000,2.233610,-0.003394,2.422501,0.461013,-0.000934,0.068799,MOVE_RIGHT
56,1774872066.882686,935.033875,479.686157,66.068245,133.000000,62.000000,2.232796,-0.002375,2.421738,0.460990,-0.000654,0.068821,MOVE_RIGHT
57,1774872066.950801,935.016846,479.630310,66.070160,133.000000,62.000000,2.232603,-0.002798,2.421668,0.460964,-0.000770,0.068823,MOVE_RIGHT
58,1774872067.012179,934.866333,479.591003,66.532043,134.000000,62.000000,2.215972,-0.003074,2.404856,0.460729,-0.000852,0.069304,MOVE_RIGHT
59,1774872067.077173,934.759827,479.713684,66.518906,134.000000,62.000000,2.215609,-0.002152,2.405331,0.460562,-0.000596,0.069291,MOVE_RIGHT
60,1774872067.137389,934.688599,479.949799,66.524551,134.000000,62.000000,2.214886,-0.000377,2.405127,0.460451,-0.000105,0.069296,MOVE_RIGHT
62,1774872067.264344,934.631958,480.264832,66.530167,134.000000,63.000000,2.214273,0.001990,2.404924,0.460362,0.000552,0.069302,MOVE_RIGHT
63,1774872067.328206,934.592407,480.485352,66.530167,134.000000,63.000000,2.213976,0.003648,2.404924,0.460301,0.001011,0.069302,MOVE_RIGHT
65,1774872067.471612,934.560181,480.489746,66.532074,134.000000,64.000000,2.213671,0.003681,2.404855,0.460250,0.001020,0.069304,MOVE_RIGHT
66,1774872067.534547,934.537659,480.492798,66.532074,134.000000,64.000000,2.213501,0.003703,2.404855,0.460215,0.001027,0.069304,MOVE_RIGHT
67,1774872067.599066,934.515076,480.494781,66.554611,134.000000,64.000000,2.212582,0.003717,2.404041,0.460180,0.001031,0.069328,MOVE_RIGHT
68,1774872067.666759,934.360535,480.346344,66.121201,133.000000,64.000000,2.225916,0.002619,2.419799,0.459938,0.000722,0.068876,MOVE_RIGHT
69,1774872067.734240,934.113647,480.392273,66.554611,134.000000,64.000000,2.209566,0.002947,2.404041,0.459553,0.000817,0.069328,MOVE_RIGHT
70,1774872067.793071,933.940796,480.424438,66.554611,134.000000,64.000000,2.208268,0.003189,2.404041,0.459282,0.000884,0.069328,MOVE_RIGHT
71,1774872067.855276,933.817627,480.597107,66.537704,134.000000,64.000000,2.207903,0.004487,2.404652,0.459090,0.001244,0.069310,MOVE_RIGHT
72,1774872067.920139,933.722290,480.567993,66.547073,134.000000,64.000000,2.206876,0.004268,2.404313,0.458941,0.001183,0.069320,MOVE_RIGHT
73,1774872067.980522,933.655640,480.697571,66.530167,134.000000,64.000000,2.206936,0.005243,2.404924,0.458837,0.001453,0.069302,MOVE_RIGHT
74,1774872068.045740,933.609009,480.788269,66.530167,134.000000,64.000000,2.206586,0.005924,2.404924,0.458764,0.001642,0.069302,MOVE_RIGHT
75,1774872068.113739,933.576294,480.851807,66.567734,134.000000,65.000000,2.205095,0.006398,2.403567,0.458713,0.001775,0.069341,MOVE_RIGHT
76,1774872068.177889,933.553467,480.896240,66.567734,134.000000,65.000000,2.204923,0.006732,2.403567,0.458677,0.001867,0.069341,MOVE_RIGHT
77,1774872068.249233,933.537476,480.777344,66.592140,134.000000,65.000000,2.203995,0.005837,2.402686,0.458652,0.001619,0.069367,MOVE_RIGHT
78,1774872068.319577,933.514893,480.694305,66.554588,134.000000,65.000000,2.205069,0.005216,2.404042,0.458617,0.001446,0.069328,MOVE_RIGHT
79,1774872068.388433,933.370605,480.486023,66.155205,133.000000,65.000000,2.217290,0.003673,2.418555,0.458392,0.001013,0.068912,MOVE_RIGHT
80,1774872068.449212,933.259460,480.340210,66.121201,133.000000,65.000000,2.217590,0.002573,2.419799,0.458218,0.000709,0.068876,MOVE_RIGHT
81,1774872068.509432,933.181641,480.088135,66.153328,133.000000,65.000000,2.215925,0.000666,2.418624,0.458096,0.000184,0.068910,MOVE_RIGHT
82,1774872068.571626,932.994019,480.061676,66.563995,134.000000,65.000000,2.200845,0.000463,2.403702,0.457803,0.000128,0.069337,MOVE_RIGHT
83,1774872068.654052,932.854858,480.043182,66.537704,134.000000,65.000000,2.200668,0.000324,2.404652,0.457586,0.000090,0.069310,MOVE_RIGHT
84,1774872068.707926,932.754028,480.030212,66.548958,134.000000,65.000000,2.199539,0.000227,2.404245,0.457428,0.000063,0.069322,MOVE_RIGHT
85,1774872068.761941,932.682312,480.170929,66.532043,134.000000,65.000000,2.199559,0.001285,2.404856,0.457316,0.000356,0.069304,MOVE_RIGHT
86,1774872068.844439,932.627625,480.119659,66.530167,134.000000,65.000000,2.199210,0.000899,2.404924,0.457231,0.000249,0.069302,MOVE_RIGHT
87,1774872068.922152,932.589355,480.083771,66.530167,134.000000,65.000000,2.198922,0.000630,2.404924,0.457171,0.000175,0.069302,MOVE_RIGHT
88,1774872068.966628,932.562561,480.058624,66.567734,134.000000,65.000000,2.197480,0.000440,2.403567,0.457129,0.000122,0.069341,MOVE_RIGHT
89,1774872069.040251,932.543762,480.041046,66.567734,134.000000,65.000000,2.197339,0.000308,2.403567,0.457100,0.000086,0.069341,MOVE_RIGHT
90,1774872069.103484,932.519409,479.878540,66.554611,134.000000,66.000000,2.197589,-0.000912,2.404041,0.457062,-0.000253,0.069328,MOVE_RIGHT
91,1774872069.174333,932.500000,479.765137,66.547081,134.000000,66.000000,2.197692,-0.001765,2.404313,0.457031,-0.000489,0.069320,MOVE_RIGHT
92,1774872069.237767,932.349976,479.385620,66.153328,133.000000,66.000000,2.209639,-0.004644,2.418624,0.456797,-0.001280,0.068910,MOVE_RIGHT
93,1774872069.295397,932.244995,479.119934,66.153328,133.000000,65.000000,2.208846,-0.006652,2.418624,0.456633,-0.001833,0.068910,MOVE_RIGHT
94,1774872069.361992,932.171509,478.933960,66.153328,133.000000,65.000000,2.208290,-0.008057,2.418624,0.456518,-0.002221,0.068910,MOVE_RIGHT
95,1774872069.421204,932.119995,478.803772,66.153328,133.000000,65.000000,2.207901,-0.009041,2.418624,0.456437,-0.002492,0.068910,MOVE_RIGHT
96,1774872069.484000,932.083984,478.562622,66.189224,133.000000,66.000000,2.206432,-0.010858,2.417312,0.456381,-0.002995,0.068947,MOVE_RIGHT
97,1774872069.568384,932.058838,478.243835,66.153328,133.000000,66.000000,2.207439,-0.013273,2.418624,0.456342,-0.003659,0.068910,MOVE_RIGHT
98,1774872069.657051,932.041138,478.020691,66.153328,133.000000,66.000000,2.207305,-0.014960,2.418624,0.456314,-0.004124,0.068910,MOVE_RIGHT
99,1774872069.728606,931.887817,478.014465,66.537704,134.000000,66.000000,2.193402,-0.014920,2.404652,0.456075,-0.004137,0.069310,MOVE_RIGHT
100,1774872069.785928,931.780518,478.010132,66.537704,134.000000,66.000000,2.192595,-0.014953,2.404652,0.455907,-0.004146,0.069310,MOVE_RIGHT
101,1774872069.848731,931.702026,478.007080,66.548958,134.000000,66.000000,2.191635,-0.014973,2.404245,0.455784,-0.004152,0.069322,MOVE_RIGHT
102,1774872069.918846,931.645935,478.155182,66.532005,134.000000,66.000000,2.191772,-0.013864,2.404858,0.455697,-0.003843,0.069304,MOVE_RIGHT
103,1774872069.990377,931.606689,478.258850,66.532005,134.000000,66.000000,2.191477,-0.013085,2.404858,0.455635,-0.003627,0.069304,MOVE_RIGHT
104,1774872070.048687,931.579224,478.331421,66.532005,134.000000,66.000000,2.191270,-0.012540,2.404858,0.455593,-0.003476,0.069304,MOVE_RIGHT
105,1774872070.112476,931.558838,478.532013,66.518906,134.000000,66.000000,2.191549,-0.011034,2.405331,0.455561,-0.003058,0.069291,MOVE_RIGHT
106,1774872070.187405,931.544556,478.672424,66.518906,134.000000,66.000000,2.191441,-0.009979,2.405331,0.455538,-0.002766,0.069291,MOVE_RIGHT
107,1774872070.248496,931.534546,478.770691,66.518906,134.000000,66.000000,2.191366,-0.009240,2.405331,0.455523,-0.002561,0.069291,MOVE_RIGHT
108,1774872070.305843,931.524170,478.839478,66.530167,134.000000,66.000000,2.190917,-0.008722,2.404924,0.455507,-0.002418,0.069302,MOVE_RIGHT
109,1774872070.373222,931.516907,478.887634,66.530167,134.000000,66.000000,2.190863,-0.008360,2.404924,0.455495,-0.002317,0.069302,MOVE_RIGHT
110,1774872070.427271,931.511841,478.921356,66.530167,134.000000,66.000000,2.190825,-0.008106,2.404924,0.455487,-0.002247,0.069302,MOVE_RIGHT
111,1774872070.491173,931.508301,478.944946,66.530167,134.000000,66.000000,2.190798,-0.007929,2.404924,0.455482,-0.002198,0.069302,MOVE_RIGHT
112,1774872070.558035,931.505798,478.961456,66.530167,134.000000,66.000000,2.190779,-0.007805,2.404924,0.455478,-0.002164,0.069302,MOVE_RIGHT
113,1774872070.613613,931.504089,478.973022,66.530167,134.000000,66.000000,2.190766,-0.007718,2.404924,0.455475,-0.002140,0.069302,MOVE_RIGHT
114,1774872070.673975,931.502869,478.981110,66.530167,134.000000,66.000000,2.190757,-0.007657,2.404924,0.455473,-0.002123,0.069302,MOVE_RIGHT
117,1774872070.866256,931.502014,478.986786,66.530167,134.000000,67.000000,2.190751,-0.007615,2.404924,0.455472,-0.002111,0.069302,MOVE_RIGHT
118,1774872070.931569,931.501404,478.990753,66.530167,134.000000,67.000000,2.190746,-0.007585,2.404924,0.455471,-0.002103,0.069302,MOVE_RIGHT
119,1774872070.992812,931.500977,478.843506,66.517014,134.000000,67.000000,2.191176,-0.008693,2.405400,0.455470,-0.002409,0.069289,MOVE_RIGHT
120,1774872071.061836,931.500671,478.890472,66.530167,134.000000,67.000000,2.190741,-0.008339,2.404924,0.455470,-0.002312,0.069302,MOVE_RIGHT
121,1774872071.135824,931.503906,478.923340,66.518906,134.000000,67.000000,2.191136,-0.008093,2.405331,0.455475,-0.002243,0.069291,MOVE_RIGHT
122,1774872071.209443,931.506104,478.946350,66.518906,134.000000,67.000000,2.191152,-0.007920,2.405331,0.455478,-0.002195,0.069291,MOVE_RIGHT
123,1774872071.276791,931.513306,478.962463,66.537674,134.000000,67.000000,2.190588,-0.007797,2.404653,0.455490,-0.002162,0.069310,MOVE_RIGHT
124,1774872071.334575,931.518372,478.973724,66.537674,134.000000,67.000000,2.190626,-0.007712,2.404653,0.455497,-0.002138,0.069310,MOVE_RIGHT
125,1774872071.397119,931.523010,478.981628,66.533951,134.000000,67.000000,2.190784,-0.007653,2.404787,0.455505,-0.002122,0.069306,MOVE_RIGHT
126,1774872071.460387,931.529663,478.837158,66.547096,134.000000,67.000000,2.190401,-0.008737,2.404312,0.455515,-0.002423,0.069320,MOVE_RIGHT
127,1774872071.547074,931.670776,478.286011,66.189224,133.000000,67.000000,2.203310,-0.012948,2.417312,0.455736,-0.003571,0.068947,MOVE_RIGHT
128,1774872071.626524,931.769531,478.050201,66.153328,133.000000,67.000000,2.205252,-0.014737,2.418624,0.455890,-0.004062,0.068910,MOVE_RIGHT
129,1774872071.679834,931.838623,477.885132,66.153328,133.000000,67.000000,2.205774,-0.015985,2.418624,0.455998,-0.004406,0.068910,MOVE_RIGHT
130,1774872071.752037,931.887085,477.769592,66.153328,133.000000,67.000000,2.206141,-0.016858,2.418624,0.456074,-0.004647,0.068910,MOVE_RIGHT
131,1774872071.821658,931.931152,477.838745,66.155205,133.000000,67.000000,2.206411,-0.016335,2.418555,0.456142,-0.004503,0.068912,MOVE_RIGHT
132,1774872071.887582,931.962036,477.887146,66.155205,133.000000,67.000000,2.206644,-0.015969,2.418555,0.456191,-0.004402,0.068912,MOVE_RIGHT
133,1774872071.951380,931.984802,477.770996,66.191093,133.000000,67.000000,2.205620,-0.016838,2.417244,0.456226,-0.004644,0.068949,MOVE_RIGHT
134,1774872072.011019,932.134888,477.989685,66.532074,134.000000,67.000000,2.195444,-0.015108,2.404855,0.456461,-0.004188,0.069304,MOVE_RIGHT
135,1774872072.087892,932.244385,478.292786,66.530167,134.000000,67.000000,2.196330,-0.012830,2.404924,0.456632,-0.003557,0.069302,MOVE_RIGHT
136,1774872072.151671,932.324463,478.504944,66.518906,134.000000,67.000000,2.197304,-0.011238,2.405331,0.456757,-0.003115,0.069291,MOVE_RIGHT
137,1774872072.218889,932.381653,478.503235,66.532043,134.000000,67.000000,2.197300,-0.011248,2.404856,0.456846,-0.003118,0.069304,MOVE_RIGHT
138,1774872072.299040,932.567200,478.052277,66.189224,133.000000,67.000000,2.210082,-0.014713,2.417312,0.457136,-0.004058,0.068947,MOVE_RIGHT
139,1774872072.370978,932.697083,477.886597,66.153328,133.000000,67.000000,2.212263,-0.015974,2.418624,0.457339,-0.004403,0.068910,MOVE_RIGHT
140,1774872072.433961,932.787964,477.770599,66.153328,133.000000,67.000000,2.212950,-0.016850,2.418624,0.457481,-0.004645,0.068910,MOVE_RIGHT
141,1774872072.508910,932.851562,477.539429,66.189224,133.000000,67.000000,2.212230,-0.018587,2.417312,0.457581,-0.005126,0.068947,MOVE_RIGHT
142,1774872072.573246,933.040466,477.677612,66.548950,134.000000,67.000000,2.201691,-0.017449,2.404245,0.457876,-0.004838,0.069322,MOVE_RIGHT
143,1774872072.642784,933.173828,477.924316,66.532074,134.000000,67.000000,2.203252,-0.015599,2.404855,0.458084,-0.004324,0.069304,MOVE_RIGHT
144,1774872072.720050,933.276184,478.097260,66.532005,134.000000,67.000000,2.204023,-0.014299,2.404858,0.458244,-0.003964,0.069304,MOVE_RIGHT
145,1774872072.785968,933.348999,478.068115,66.548958,134.000000,67.000000,2.204009,-0.014515,2.404245,0.458358,-0.004025,0.069322,MOVE_RIGHT
146,1774872072.852485,933.544312,477.747681,66.189224,133.000000,67.000000,2.217463,-0.017014,2.417312,0.458663,-0.004692,0.068947,MOVE_RIGHT
147,1774872072.927197,933.681030,477.523376,66.189224,133.000000,67.000000,2.218496,-0.018709,2.417312,0.458877,-0.005160,0.068947,MOVE_RIGHT
148,1774872072.991035,933.776733,477.516357,66.153328,133.000000,67.000000,2.220423,-0.018772,2.418624,0.459026,-0.005174,0.068910,MOVE_RIGHT
149,1774872073.047709,933.843689,477.361450,66.189224,133.000000,67.000000,2.219725,-0.019932,2.417312,0.459131,-0.005497,0.068947,MOVE_RIGHT
150,1774872073.119720,933.890564,477.103027,66.228867,133.000000,67.000000,2.218750,-0.021871,2.415865,0.459204,-0.006035,0.068988,MOVE_RIGHT
151,1774872073.189441,934.064331,477.372131,66.537674,134.000000,67.000000,2.209758,-0.019747,2.404653,0.459476,-0.005475,0.069310,MOVE_RIGHT
152,1774872073.244637,934.189392,477.560486,66.548950,134.000000,67.000000,2.210323,-0.018329,2.404245,0.459671,-0.005082,0.069322,MOVE_RIGHT
153,1774872073.330773,934.278076,477.842346,66.532074,134.000000,67.000000,2.211550,-0.016215,2.404855,0.459809,-0.004495,0.069304,MOVE_RIGHT
154,1774872073.390038,934.344604,478.039612,66.547073,134.000000,67.000000,2.211552,-0.014729,2.404313,0.459913,-0.004084,0.069320,MOVE_RIGHT
155,1774872073.459090,934.391235,478.177734,66.547073,134.000000,67.000000,2.211902,-0.013692,2.404313,0.459986,-0.003796,0.069320,MOVE_RIGHT
156,1774872073.530188,934.429504,478.124390,66.548958,134.000000,67.000000,2.212127,-0.014092,2.404245,0.460046,-0.003908,0.069322,MOVE_RIGHT
157,1774872073.602546,934.456299,478.087097,66.548958,134.000000,67.000000,2.212328,-0.014372,2.404245,0.460088,-0.003985,0.069322,MOVE_RIGHT
158,1774872073.669655,934.482910,478.060974,66.575264,134.000000,67.000000,2.211654,-0.014563,2.403295,0.460130,-0.004040,0.069349,MOVE_RIGHT
159,1774872073.744328,934.626648,477.892670,66.191147,133.000000,67.000000,2.225574,-0.015919,2.417242,0.460354,-0.004390,0.068949,MOVE_RIGHT
160,1774872073.812224,934.727295,477.774872,66.191147,133.000000,67.000000,2.226335,-0.016808,2.417242,0.460511,-0.004636,0.068949,MOVE_RIGHT
161,1774872073.871073,934.797729,477.692413,66.191147,133.000000,68.000000,2.226867,-0.017431,2.417242,0.460621,-0.004807,0.068949,MOVE_RIGHT
162,1774872073.948526,934.858398,477.634674,66.228867,133.000000,68.000000,2.226057,-0.017857,2.415865,0.460716,-0.004928,0.068988,MOVE_RIGHT
163,1774872074.012923,934.900879,477.444275,66.189224,133.000000,68.000000,2.227711,-0.019306,2.417312,0.460783,-0.005324,0.068947,MOVE_RIGHT
164,1774872074.079765,934.930603,477.311005,66.189224,133.000000,68.000000,2.227935,-0.020313,2.417312,0.460829,-0.005602,0.068947,MOVE_RIGHT
165,1774872074.152531,934.951416,477.217712,66.189224,133.000000,68.000000,2.228092,-0.021018,2.417312,0.460862,-0.005796,0.068947,MOVE_RIGHT
166,1774872074.215342,934.966003,477.002411,66.228867,133.000000,68.000000,2.226869,-0.022631,2.415865,0.460884,-0.006245,0.068988,MOVE_RIGHT
167,1774872074.277302,934.976196,476.851685,66.228867,133.000000,68.000000,2.226946,-0.023768,2.415865,0.460900,-0.006559,0.068988,MOVE_RIGHT
168,1774872074.354130,934.983337,476.746185,66.228867,133.000000,67.000000,2.227000,-0.024565,2.415865,0.460911,-0.006779,0.068988,MOVE_RIGHT
169,1774872074.425075,934.988342,476.672333,66.228867,133.000000,67.000000,2.227038,-0.025122,2.415865,0.460919,-0.006933,0.068988,MOVE_RIGHT
170,1774872074.486252,934.991821,476.620636,66.228867,133.000000,68.000000,2.227064,-0.025513,2.415865,0.460925,-0.007040,0.068988,MOVE_RIGHT
171,1774872074.563676,934.994263,476.434448,66.189224,133.000000,68.000000,2.228416,-0.026935,2.417312,0.460929,-0.007428,0.068947,MOVE_RIGHT
172,1774872074.651760,934.995972,476.454132,66.228867,133.000000,68.000000,2.227095,-0.026770,2.415865,0.460931,-0.007387,0.068988,MOVE_RIGHT
173,1774872074.727991,934.997192,476.467896,66.153328,133.000000,68.000000,2.229647,-0.026696,2.418624,0.460933,-0.007359,0.068910,MOVE_RIGHT
174,1774872074.793587,934.998047,476.477539,66.153328,133.000000,68.000000,2.229654,-0.026623,2.418624,0.460934,-0.007338,0.068910,MOVE_RIGHT
175,1774872074.865028,934.987244,476.484283,66.191147,133.000000,68.000000,2.228298,-0.026557,2.417242,0.460918,-0.007324,0.068949,MOVE_RIGHT
176,1774872074.931573,934.979736,476.489014,66.191147,133.000000,68.000000,2.228242,-0.026522,2.417242,0.460906,-0.007315,0.068949,MOVE_RIGHT
177,1774872074.999537,934.974426,476.492310,66.191147,133.000000,68.000000,2.228202,-0.026497,2.417242,0.460898,-0.007308,0.068949,MOVE_RIGHT
178,1774872075.065225,934.970764,476.494629,66.191147,133.000000,67.000000,2.228174,-0.026479,2.417242,0.460892,-0.007303,0.068949,MOVE_RIGHT
179,1774872075.129952,934.968201,476.496246,66.191147,133.000000,67.000000,2.228154,-0.026467,2.417242,0.460888,-0.007299,0.068949,MOVE_RIGHT
180,1774872075.191922,934.833374,476.647369,66.548958,134.000000,67.000000,2.215161,-0.025189,2.404245,0.460677,-0.006985,0.069322,MOVE_RIGHT
181,1774872075.256661,934.737915,476.902954,66.532043,134.000000,67.000000,2.215007,-0.023275,2.404856,0.460528,-0.006452,0.069304,MOVE_RIGHT
182,1774872075.332464,934.671021,477.081848,66.532043,134.000000,67.000000,2.214505,-0.021930,2.404856,0.460423,-0.006079,0.069304,MOVE_RIGHT
183,1774872075.398078,934.619751,477.357300,66.530167,134.000000,68.000000,2.214182,-0.019861,2.404924,0.460343,-0.005506,0.069302,MOVE_RIGHT
184,1774872075.458595,934.583862,477.700134,66.517014,134.000000,68.000000,2.214350,-0.017288,2.405400,0.460287,-0.004791,0.069289,MOVE_RIGHT
185,1774872075.524625,934.554199,477.940063,66.532074,134.000000,68.000000,2.213626,-0.015481,2.404855,0.460241,-0.004292,0.069304,MOVE_RIGHT
186,1774872075.580707,934.531128,478.108032,66.524506,134.000000,68.000000,2.213704,-0.014220,2.405129,0.460205,-0.003942,0.069296,MOVE_RIGHT
187,1774872075.647611,934.515015,478.225647,66.524506,134.000000,68.000000,2.213583,-0.013336,2.405129,0.460180,-0.003697,0.069296,MOVE_RIGHT
188,1774872075.715875,934.360535,477.857941,66.189224,133.000000,67.000000,2.223629,-0.016181,2.417312,0.459938,-0.004463,0.068947,MOVE_RIGHT
189,1774872075.781062,934.252380,477.600555,66.189224,133.000000,67.000000,2.222812,-0.018126,2.417312,0.459769,-0.004999,0.068947,MOVE_RIGHT
190,1774872075.841436,934.176697,477.420380,66.189224,133.000000,67.000000,2.222240,-0.019487,2.417312,0.459651,-0.005374,0.068947,MOVE_RIGHT
191,1774872075.903931,934.123718,477.444275,66.153328,133.000000,67.000000,2.223046,-0.019317,2.418624,0.459568,-0.005324,0.068910,MOVE_RIGHT
192,1774872075.982616,934.086609,477.460999,66.153328,133.000000,67.000000,2.222765,-0.019190,2.418624,0.459510,-0.005290,0.068910,MOVE_RIGHT
193,1774872076.035744,934.060608,477.472687,66.153328,133.000000,67.000000,2.222569,-0.019102,2.418624,0.459470,-0.005265,0.068910,MOVE_RIGHT
194,1774872076.097946,934.033325,477.480865,66.123131,133.000000,67.000000,2.223377,-0.019049,2.419728,0.459427,-0.005248,0.068878,MOVE_RIGHT
195,1774872076.161570,934.014221,477.486603,66.123131,133.000000,67.000000,2.223233,-0.019005,2.419728,0.459397,-0.005236,0.068878,MOVE_RIGHT
196,1774872076.219626,933.998535,477.490631,66.191147,133.000000,67.000000,2.220830,-0.018955,2.417242,0.459373,-0.005228,0.068949,MOVE_RIGHT
197,1774872076.284919,933.987549,477.493439,66.191147,133.000000,67.000000,2.220747,-0.018934,2.417242,0.459356,-0.005222,0.068949,MOVE_RIGHT
198,1774872076.349093,933.844666,477.945404,66.518906,134.000000,67.000000,2.208730,-0.015444,2.405331,0.459132,-0.004280,0.069291,MOVE_RIGHT
199,1774872076.412026,933.741333,478.261780,66.530167,134.000000,67.000000,2.207580,-0.013063,2.404924,0.458971,-0.003621,0.069302,MOVE_RIGHT
200,1774872076.483135,933.665527,478.483246,66.518883,134.000000,67.000000,2.207385,-0.011401,2.405332,0.458852,-0.003160,0.069291,MOVE_RIGHT
201,1774872076.547673,933.612488,478.638275,66.518883,134.000000,67.000000,2.206986,-0.010236,2.405332,0.458770,-0.002837,0.069291,MOVE_RIGHT
202,1774872076.606992,933.440125,478.296783,66.191093,133.000000,67.000000,2.216613,-0.012866,2.417244,0.458500,-0.003548,0.068949,MOVE_RIGHT
203,1774872076.677613,933.308105,477.907745,66.189224,133.000000,67.000000,2.215679,-0.015805,2.417312,0.458294,-0.004359,0.068947,MOVE_RIGHT
204,1774872076.741850,933.215698,477.785431,66.153328,133.000000,67.000000,2.216183,-0.016738,2.418624,0.458150,-0.004614,0.068910,MOVE_RIGHT
205,1774872076.816028,933.151001,477.699799,66.153328,133.000000,67.000000,2.215694,-0.017385,2.418624,0.458048,-0.004792,0.068910,MOVE_RIGHT
206,1774872076.855196,933.105713,477.639862,66.092834,133.000000,67.000000,2.217379,-0.017855,2.420837,0.457978,-0.004917,0.068847,MOVE_RIGHT
207,1774872076.943996,933.064941,477.597900,66.123131,133.000000,67.000000,2.216055,-0.018164,2.419728,0.457914,-0.005004,0.068878,MOVE_RIGHT
208,1774872077.000362,933.036377,477.568512,66.123131,133.000000,67.000000,2.215839,-0.018386,2.419728,0.457869,-0.005066,0.068878,MOVE_RIGHT
209,1774872077.075583,933.014038,477.547943,66.191147,133.000000,67.000000,2.213393,-0.018523,2.417242,0.457834,-0.005108,0.068949,MOVE_RIGHT
210,1774872077.145748,932.864319,477.833344,66.532043,134.000000,67.000000,2.200927,-0.016283,2.404856,0.457601,-0.004514,0.069304,MOVE_RIGHT
211,1774872077.214902,932.755005,478.033325,66.517014,134.000000,67.000000,2.200602,-0.014783,2.405400,0.457430,-0.004097,0.069289,MOVE_RIGHT
212,1774872077.277507,932.676270,478.173340,66.509506,134.000000,67.000000,2.200259,-0.013732,2.405671,0.457307,-0.003806,0.069281,MOVE_RIGHT
213,1774872077.340580,932.616577,478.271362,66.524506,134.000000,67.000000,2.199314,-0.012992,2.405129,0.457213,-0.003601,0.069296,MOVE_RIGHT
214,1774872077.408028,932.431641,477.889954,66.189224,133.000000,67.000000,2.209058,-0.015940,2.417312,0.456924,-0.004396,0.068947,MOVE_RIGHT
215,1774872077.470295,932.302124,477.622955,66.189224,133.000000,67.000000,2.208079,-0.017956,2.417312,0.456722,-0.004952,0.068947,MOVE_RIGHT
216,1774872077.537781,932.211426,477.586060,66.153328,133.000000,67.000000,2.208592,-0.018245,2.418624,0.456580,-0.005029,0.068910,MOVE_RIGHT
217,1774872077.598894,932.147949,477.560242,66.092834,133.000000,67.000000,2.210133,-0.018457,2.420837,0.456481,-0.005083,0.068847,MOVE_RIGHT
218,1774872077.668658,932.103516,477.542175,66.153328,133.000000,67.000000,2.207776,-0.018577,2.418624,0.456412,-0.005120,0.068910,MOVE_RIGHT
219,1774872077.734818,932.072510,477.529510,66.153328,133.000000,67.000000,2.207542,-0.018672,2.418624,0.456363,-0.005147,0.068910,MOVE_RIGHT
220,1774872077.818641,932.039429,477.520660,66.191147,133.000000,67.000000,2.206031,-0.018729,2.417242,0.456312,-0.005165,0.068949,MOVE_RIGHT
221,1774872077.877047,932.016235,477.514465,66.191147,133.000000,67.000000,2.205856,-0.018775,2.417242,0.456275,-0.005178,0.068949,MOVE_RIGHT
222,1774872077.947928,931.863647,478.110535,66.509476,134.000000,67.000000,2.194151,-0.014204,2.405672,0.456037,-0.003936,0.069281,MOVE_RIGHT
223,1774872078.001480,931.754578,478.377380,66.507614,134.000000,67.000000,2.193392,-0.012199,2.405740,0.455867,-0.003380,0.069279,MOVE_RIGHT
224,1774872078.085463,931.678223,478.414185,66.517014,134.000000,67.000000,2.192508,-0.011920,2.405400,0.455747,-0.003304,0.069289,MOVE_RIGHT
225,1774872078.172722,931.486084,478.139923,66.191093,133.000000,67.000000,2.201853,-0.014051,2.417244,0.455447,-0.003875,0.068949,MOVE_RIGHT
226,1774872078.261849,931.351562,477.947937,66.191093,133.000000,67.000000,2.200837,-0.015501,2.417244,0.455237,-0.004275,0.068949,MOVE_RIGHT
227,1774872078.342159,931.257446,477.813538,66.191093,133.000000,67.000000,2.200126,-0.016516,2.417244,0.455090,-0.004555,0.068949,MOVE_RIGHT
228,1774872078.413964,931.190430,477.869507,66.155205,133.000000,67.000000,2.200813,-0.016102,2.418555,0.454985,-0.004439,0.068912,MOVE_RIGHT
229,1774872078.470475,931.143555,477.908630,66.155205,133.000000,67.000000,2.200458,-0.015807,2.418555,0.454912,-0.004357,0.068912,MOVE_RIGHT
230,1774872078.534549,931.100464,477.786041,66.153328,133.000000,67.000000,2.200195,-0.016734,2.418624,0.454844,-0.004612,0.068910,MOVE_RIGHT
231,1774872078.607181,931.070312,477.850220,66.121201,133.000000,67.000000,2.201036,-0.016256,2.419799,0.454797,-0.004479,0.068876,MOVE_RIGHT
232,1774872078.675909,931.049194,477.895142,66.121201,133.000000,67.000000,2.200877,-0.015917,2.419799,0.454764,-0.004385,0.068876,MOVE_RIGHT
233,1774872078.734054,931.024170,477.926575,66.155258,133.000000,67.000000,2.199554,-0.015671,2.418553,0.454725,-0.004320,0.068912,MOVE_RIGHT
234,1774872078.815830,931.016968,477.948608,66.189224,133.000000,67.000000,2.198371,-0.015496,2.417312,0.454714,-0.004274,0.068947,MOVE_RIGHT
235,1774872078.906824,931.001587,477.964050,66.155258,133.000000,67.000000,2.199384,-0.015388,2.418553,0.454690,-0.004242,0.068912,MOVE_RIGHT
236,1774872078.962285,930.989746,477.824829,66.191147,133.000000,67.000000,2.198102,-0.016431,2.417242,0.454671,-0.004532,0.068949,MOVE_RIGHT
237,1774872079.016980,930.972412,477.727386,66.160919,133.000000,67.000000,2.198975,-0.017175,2.418346,0.454644,-0.004735,0.068918,MOVE_RIGHT
238,1774872079.106213,930.834106,478.109192,66.518906,134.000000,67.000000,2.186101,-0.014213,2.405331,0.454428,-0.003939,0.069291,MOVE_RIGHT
239,1774872079.176088,930.733887,478.526428,66.517014,134.000000,67.000000,2.185410,-0.011077,2.405400,0.454272,-0.003070,0.069289,MOVE_RIGHT
240,1774872079.244061,930.663757,478.818512,66.517014,134.000000,67.000000,2.184883,-0.008881,2.405400,0.454162,-0.002461,0.069289,MOVE_RIGHT
241,1774872079.308678,930.611206,478.872955,66.518883,134.000000,67.000000,2.184426,-0.008472,2.405332,0.454080,-0.002348,0.069291,MOVE_RIGHT
242,1774872079.366446,930.574463,478.911072,66.518883,134.000000,68.000000,2.184150,-0.008185,2.405332,0.454023,-0.002269,0.069291,MOVE_RIGHT
243,1774872079.427152,930.413452,478.487732,66.191093,133.000000,68.000000,2.193750,-0.011424,2.417244,0.453771,-0.003151,0.068949,MOVE_RIGHT
244,1774872079.501648,930.289429,478.341431,66.189224,133.000000,68.000000,2.192875,-0.012529,2.417312,0.453577,-0.003455,0.068947,MOVE_RIGHT
245,1774872079.582140,930.202576,478.388977,66.153328,133.000000,68.000000,2.193409,-0.012176,2.418624,0.453442,-0.003356,0.068910,MOVE_RIGHT
246,1774872079.642960,930.141785,478.422302,66.153328,133.000000,68.000000,2.192949,-0.011925,2.418624,0.453347,-0.003287,0.068910,MOVE_RIGHT
247,1774872079.709288,930.099243,478.445618,66.153328,133.000000,68.000000,2.192628,-0.011748,2.418624,0.453280,-0.003238,0.068910,MOVE_RIGHT
248,1774872079.772418,930.069458,478.311951,66.189224,133.000000,68.000000,2.191214,-0.012752,2.417312,0.453234,-0.003517,0.068947,MOVE_RIGHT
249,1774872079.844523,930.048584,478.218384,66.189224,133.000000,68.000000,2.191056,-0.013459,2.417312,0.453201,-0.003712,0.068947,MOVE_RIGHT
250,1774872079.904760,930.013550,478.002869,66.160919,133.000000,68.000000,2.191729,-0.015093,2.418346,0.453146,-0.004161,0.068918,MOVE_RIGHT
251,1774872079.967426,929.859497,478.451996,66.517014,134.000000,68.000000,2.178837,-0.011636,2.405400,0.452905,-0.003225,0.069289,MOVE_RIGHT
252,1774872080.048515,929.749390,478.765991,66.509499,134.000000,68.000000,2.178256,-0.009277,2.405671,0.452733,-0.002571,0.069281,MOVE_RIGHT
253,1774872080.117537,929.524597,478.386200,66.228867,133.000000,68.000000,2.185789,-0.012184,2.415865,0.452382,-0.003362,0.068988,MOVE_RIGHT
254,1774872080.174434,929.367249,478.270325,66.189224,133.000000,68.000000,2.185909,-0.013066,2.417312,0.452136,-0.003603,0.068947,MOVE_RIGHT
255,1774872080.248958,929.257080,478.189209,66.189224,133.000000,68.000000,2.185077,-0.013679,2.417312,0.451964,-0.003772,0.068947,MOVE_RIGHT
256,1774872080.344002,929.179932,478.132446,66.121201,133.000000,68.000000,2.186741,-0.014122,2.419799,0.451844,-0.003891,0.068876,MOVE_RIGHT
257,1774872080.431352,929.125977,478.092712,66.121201,133.000000,68.000000,2.186333,-0.014423,2.419799,0.451759,-0.003974,0.068876,MOVE_RIGHT
258,1774872080.484534,929.088196,478.064880,66.189224,133.000000,68.000000,2.183801,-0.014618,2.417312,0.451700,-0.004031,0.068947,MOVE_RIGHT
259,1774872080.540819,929.061768,478.045410,66.189224,133.000000,68.000000,2.183601,-0.014765,2.417312,0.451659,-0.004072,0.068947,MOVE_RIGHT
260,1774872080.621018,929.022766,477.881775,66.160919,133.000000,68.000000,2.184241,-0.016008,2.418346,0.451598,-0.004413,0.068918,MOVE_RIGHT
261,1774872080.713961,928.865967,478.517242,66.507614,134.000000,68.000000,2.171676,-0.011147,2.405740,0.451353,-0.003089,0.069279,MOVE_RIGHT
262,1774872080.772483,928.606201,478.212067,66.228867,133.000000,68.000000,2.178855,-0.013498,2.415865,0.450947,-0.003725,0.068988,MOVE_RIGHT
263,1774872080.836782,928.424377,478.148438,66.189224,133.000000,68.000000,2.178787,-0.013987,2.417312,0.450663,-0.003857,0.068947,MOVE_RIGHT
264,1774872080.914284,928.297058,478.103882,66.121201,133.000000,68.000000,2.180065,-0.014338,2.419799,0.450464,-0.003950,0.068876,MOVE_RIGHT
265,1774872080.990797,928.207947,478.072693,66.121201,133.000000,68.000000,2.179391,-0.014574,2.419799,0.450325,-0.004015,0.068876,MOVE_RIGHT
266,1774872081.053748,928.145569,478.200867,66.092834,133.000000,68.000000,2.179855,-0.013611,2.420837,0.450227,-0.003748,0.068847,MOVE_RIGHT
267,1774872081.118110,928.101929,478.140625,66.121201,133.000000,68.000000,2.178590,-0.014060,2.419799,0.450159,-0.003874,0.068876,MOVE_RIGHT
268,1774872081.177211,928.071350,478.098450,66.189224,133.000000,68.000000,2.176120,-0.014365,2.417312,0.450111,-0.003962,0.068947,MOVE_RIGHT
269,1774872081.243966,928.031799,478.068909,66.128792,133.000000,68.000000,2.177809,-0.014601,2.419521,0.450050,-0.004023,0.068884,MOVE_RIGHT
270,1774872081.302466,928.001831,477.898224,66.160919,133.000000,68.000000,2.176525,-0.015884,2.418346,0.450003,-0.004379,0.068918,MOVE_RIGHT
271,1774872081.357363,927.851257,478.378754,66.501976,134.000000,68.000000,2.164231,-0.012189,2.405944,0.449768,-0.003378,0.069273,MOVE_RIGHT
272,1774872081.418730,927.616333,478.115112,66.160927,133.000000,68.000000,2.173612,-0.014245,2.418346,0.449401,-0.003927,0.068918,MOVE_RIGHT
274,1774872081.547192,927.431396,478.080566,66.189224,133.000000,68.000000,2.171285,-0.014500,2.417312,0.449112,-0.003999,0.068947,MOVE_RIGHT
275,1774872081.607686,927.302002,478.056396,66.121201,133.000000,68.000000,2.172541,-0.014697,2.419799,0.448909,-0.004049,0.068876,MOVE_RIGHT
276,1774872081.656258,927.211426,478.189453,66.092834,133.000000,68.000000,2.172788,-0.013697,2.420837,0.448768,-0.003772,0.068847,MOVE_RIGHT
277,1774872081.705848,927.147949,478.132629,66.121201,133.000000,68.000000,2.171376,-0.014121,2.419799,0.448669,-0.003890,0.068876,MOVE_RIGHT
278,1774872081.768753,927.103516,478.092834,66.121201,133.000000,68.000000,2.171040,-0.014422,2.419799,0.448599,-0.003973,0.068876,MOVE_RIGHT
279,1774872081.836984,927.072510,478.065002,66.189224,133.000000,68.000000,2.168574,-0.014617,2.417312,0.448551,-0.004031,0.068947,MOVE_RIGHT
280,1774872081.901119,927.050781,478.045532,66.189224,133.000000,68.000000,2.168410,-0.014764,2.417312,0.448517,-0.004072,0.068947,MOVE_RIGHT
281,1774872081.961062,927.015137,477.881866,66.160919,133.000000,68.000000,2.169069,-0.016007,2.418346,0.448461,-0.004413,0.068918,MOVE_RIGHT
282,1774872082.030068,926.737854,477.767303,66.138298,133.000000,68.000000,2.167714,-0.016879,2.419173,0.448028,-0.004651,0.068894,MOVE_RIGHT
283,1774872082.074368,926.543762,477.687103,66.138298,133.000000,68.000000,2.166247,-0.017485,2.419173,0.447725,-0.004819,0.068894,MOVE_RIGHT
284,1774872082.121894,926.389709,477.630981,66.123070,133.000000,68.000000,2.165581,-0.017914,2.419730,0.447484,-0.004935,0.068878,MOVE_RIGHT
285,1774872082.190057,926.281860,477.591675,66.123070,133.000000,68.000000,2.164765,-0.018211,2.419730,0.447315,-0.005017,0.068878,MOVE_RIGHT
286,1774872082.249850,926.197266,477.714172,66.121201,133.000000,68.000000,2.164187,-0.017285,2.419799,0.447183,-0.004762,0.068876,MOVE_RIGHT
287,1774872082.311957,926.138062,477.799927,66.121201,133.000000,68.000000,2.163739,-0.016637,2.419799,0.447091,-0.004583,0.068876,MOVE_RIGHT
288,1774872082.358613,926.096680,478.009949,66.092834,133.000000,68.000000,2.164355,-0.015055,2.420837,0.447026,-0.004146,0.068847,MOVE_RIGHT
289,1774872082.417123,926.067627,478.156982,66.092834,133.000000,68.000000,2.164135,-0.013943,2.420837,0.446981,-0.003840,0.068847,MOVE_RIGHT
290,1774872082.478440,926.047363,478.259888,66.092834,133.000000,68.000000,2.163982,-0.013164,2.420837,0.446949,-0.003625,0.068847,MOVE_RIGHT
291,1774872082.543413,926.033203,478.331909,66.153328,133.000000,68.000000,2.161896,-0.012608,2.418624,0.446927,-0.003475,0.068910,MOVE_RIGHT
292,1774872082.596486,926.023193,478.232361,66.189224,133.000000,68.000000,2.160648,-0.013353,2.417312,0.446911,-0.003683,0.068947,MOVE_RIGHT
293,1774872082.661047,926.016235,478.162659,66.189224,133.000000,68.000000,2.160595,-0.013879,2.417312,0.446900,-0.003828,0.068947,MOVE_RIGHT
294,1774872082.733536,925.875122,477.963867,65.776276,132.000000,68.000000,2.173087,-0.015478,2.432488,0.446680,-0.004242,0.068517,MOVE_RIGHT
295,1774872082.798770,925.762573,477.824707,65.730606,132.000000,68.000000,2.173741,-0.016547,2.434178,0.446504,-0.004532,0.068469,MOVE_RIGHT
296,1774872082.847784,925.683838,477.577301,65.774338,132.000000,68.000000,2.171697,-0.018417,2.432560,0.446381,-0.005047,0.068515,MOVE_RIGHT
297,1774872082.907568,925.505981,477.554108,66.138298,133.000000,69.000000,2.158401,-0.018491,2.419173,0.446103,-0.005096,0.068894,MOVE_RIGHT
298,1774872082.968810,925.363281,477.537872,66.123070,133.000000,69.000000,2.157819,-0.018618,2.419730,0.445880,-0.005129,0.068878,MOVE_RIGHT
299,1774872083.017284,925.263367,477.526520,66.123070,133.000000,69.000000,2.157064,-0.018704,2.419730,0.445724,-0.005153,0.068878,MOVE_RIGHT
300,1774872083.070165,925.192261,477.668579,66.094704,133.000000,69.000000,2.157452,-0.017637,2.420769,0.445613,-0.004857,0.068849,MOVE_RIGHT
301,1774872083.130861,925.134583,477.918030,66.092834,133.000000,69.000000,2.157076,-0.015750,2.420837,0.445523,-0.004337,0.068847,MOVE_RIGHT
302,1774872083.192816,925.094177,478.092590,66.092834,133.000000,69.000000,2.156771,-0.014430,2.420837,0.445460,-0.003974,0.068847,MOVE_RIGHT
304,1774872083.293608,925.057983,478.064819,66.094704,133.000000,69.000000,2.156436,-0.014639,2.420769,0.445403,-0.004032,0.068849,MOVE_RIGHT
305,1774872083.355123,925.031494,477.895355,66.123070,133.000000,69.000000,2.155311,-0.015915,2.419730,0.445362,-0.004385,0.068878,MOVE_RIGHT
306,1774872083.416396,925.006104,477.776733,66.100433,133.000000,69.000000,2.155857,-0.016817,2.420559,0.445322,-0.004632,0.068855,MOVE_RIGHT
307,1774872083.470086,924.866882,477.543701,65.732521,132.000000,69.000000,2.166864,-0.018684,2.434107,0.445105,-0.005117,0.068471,MOVE_RIGHT
308,1774872083.516127,924.769409,477.380585,65.732521,132.000000,69.000000,2.166123,-0.019925,2.434107,0.444952,-0.005457,0.068471,MOVE_RIGHT
309,1774872083.574552,924.688599,477.266418,65.774338,132.000000,68.000000,2.164131,-0.020780,2.432560,0.444826,-0.005695,0.068515,MOVE_RIGHT
310,1774872083.650319,924.631958,477.186493,65.774338,132.000000,68.000000,2.163701,-0.021388,2.432560,0.444737,-0.005861,0.068515,MOVE_RIGHT
311,1774872083.721771,924.592407,477.130554,65.774338,132.000000,69.000000,2.163400,-0.021813,2.432560,0.444676,-0.005978,0.068515,MOVE_RIGHT
312,1774872083.778301,924.438538,477.091400,66.109886,133.000000,69.000000,2.151256,-0.021998,2.420213,0.444435,-0.006060,0.068864,MOVE_RIGHT
313,1774872083.844795,924.327454,477.213989,66.085304,133.000000,69.000000,2.151215,-0.021079,2.421113,0.444262,-0.005804,0.068839,MOVE_RIGHT
314,1774872083.905108,924.237183,477.149780,66.094704,133.000000,69.000000,2.150227,-0.021562,2.420769,0.444121,-0.005938,0.068849,MOVE_RIGHT
315,1774872083.956336,924.173950,477.104858,66.094704,133.000000,69.000000,2.149748,-0.021901,2.420769,0.444022,-0.006032,0.068849,MOVE_RIGHT
316,1774872084.012751,924.128540,477.223389,66.070122,133.000000,69.000000,2.150204,-0.021013,2.421670,0.443951,-0.005785,0.068823,MOVE_RIGHT
317,1774872084.076009,924.096802,477.306366,66.070122,133.000000,69.000000,2.149964,-0.020385,2.421670,0.443901,-0.005612,0.068823,MOVE_RIGHT
318,1774872084.142205,924.074585,477.364441,66.070122,133.000000,69.000000,2.149796,-0.019945,2.421670,0.443867,-0.005491,0.068823,MOVE_RIGHT
319,1774872084.208764,924.058960,477.405090,66.070122,133.000000,69.000000,2.149678,-0.019638,2.421670,0.443842,-0.005406,0.068823,MOVE_RIGHT
320,1774872084.268704,924.052612,477.433563,66.055031,133.000000,69.000000,2.150121,-0.019427,2.422223,0.443832,-0.005347,0.068807,MOVE_RIGHT
321,1774872084.323321,924.048218,477.453491,66.055031,133.000000,69.000000,2.150088,-0.019276,2.422223,0.443825,-0.005305,0.068807,MOVE_RIGHT
322,1774872084.389031,924.045166,477.467438,66.055031,133.000000,69.000000,2.150065,-0.019170,2.422223,0.443821,-0.005276,0.068807,MOVE_RIGHT
323,1774872084.457778,924.042969,477.477203,66.055031,133.000000,69.000000,2.150048,-0.019096,2.422223,0.443817,-0.005256,0.068807,MOVE_RIGHT
324,1774872084.501763,924.039185,477.484039,66.123131,133.000000,69.000000,2.147805,-0.019025,2.419728,0.443811,-0.005242,0.068878,MOVE_RIGHT
325,1774872084.558238,924.050171,477.488831,66.077759,133.000000,69.000000,2.149363,-0.019002,2.421390,0.443828,-0.005232,0.068831,MOVE_RIGHT
326,1774872084.622375,924.185059,477.042175,65.774338,132.000000,69.000000,2.160303,-0.022485,2.432560,0.444039,-0.006162,0.068515,MOVE_RIGHT
327,1774872084.684655,924.279541,476.729492,65.774338,132.000000,69.000000,2.161022,-0.024862,2.432560,0.444187,-0.006814,0.068515,MOVE_RIGHT
328,1774872084.740199,924.345703,476.660645,65.730606,132.000000,69.000000,2.162963,-0.025402,2.434178,0.444290,-0.006957,0.068469,MOVE_RIGHT
329,1774872084.804731,924.391968,476.612457,65.730606,132.000000,69.000000,2.163315,-0.025768,2.434178,0.444362,-0.007057,0.068469,MOVE_RIGHT
330,1774872084.873586,924.435791,476.578735,65.692596,132.000000,69.000000,2.164900,-0.026040,2.435586,0.444431,-0.007128,0.068430,MOVE_RIGHT
331,1774872084.929624,924.467651,476.405090,65.732521,132.000000,69.000000,2.163827,-0.027345,2.434107,0.444481,-0.007489,0.068471,MOVE_RIGHT
332,1774872084.987750,924.491089,476.133545,65.776276,132.000000,69.000000,2.162566,-0.029391,2.432488,0.444517,-0.008055,0.068517,MOVE_RIGHT
333,1774872085.056572,924.643738,476.393494,66.068245,133.000000,69.000000,2.154165,-0.027294,2.421738,0.444756,-0.007514,0.068821,MOVE_RIGHT
334,1774872085.117892,924.750610,476.725433,66.047432,133.000000,69.000000,2.155652,-0.024790,2.422501,0.444923,-0.006822,0.068799,MOVE_RIGHT
335,1774872085.178732,924.839111,476.807800,66.075844,133.000000,69.000000,2.155395,-0.024156,2.421460,0.445061,-0.006650,0.068829,MOVE_RIGHT
336,1774872085.242470,925.037415,476.715454,65.730606,132.000000,69.000000,2.168224,-0.024985,2.434178,0.445371,-0.006843,0.068469,MOVE_RIGHT
337,1774872085.305542,925.176208,476.650818,65.730606,132.000000,69.000000,2.169280,-0.025477,2.434178,0.445588,-0.006977,0.068469,MOVE_RIGHT
338,1774872085.362453,925.273376,476.455566,65.774338,132.000000,69.000000,2.168577,-0.026944,2.432560,0.445740,-0.007384,0.068515,MOVE_RIGHT
340,1774872085.496447,925.498169,476.768890,66.070122,133.000000,69.000000,2.160569,-0.024452,2.421670,0.446091,-0.006731,0.068823,MOVE_RIGHT
341,1774872085.561999,925.798706,476.538208,65.774338,132.000000,69.000000,2.172570,-0.026316,2.432560,0.446560,-0.007212,0.068515,MOVE_RIGHT
342,1774872085.620054,926.009094,476.376770,65.774338,132.000000,69.000000,2.174169,-0.027543,2.432560,0.446889,-0.007548,0.068515,MOVE_RIGHT
343,1774872085.691772,926.298462,476.563751,66.094757,133.000000,69.000000,2.165818,-0.025995,2.420767,0.447341,-0.007159,0.068849,MOVE_RIGHT
344,1774872085.765025,926.515747,476.844635,66.070122,133.000000,69.000000,2.168270,-0.023879,2.421670,0.447681,-0.006574,0.068823,MOVE_RIGHT
345,1774872085.823862,926.679199,476.891235,66.128784,133.000000,69.000000,2.167583,-0.023505,2.419521,0.447936,-0.006477,0.068884,MOVE_RIGHT
346,1774872085.880430,926.925415,476.773865,65.730606,132.000000,68.000000,2.182586,-0.024541,2.434178,0.448321,-0.006721,0.068469,MOVE_RIGHT
347,1774872085.951031,927.231873,476.691711,66.100433,133.000000,68.000000,2.172693,-0.025025,2.420559,0.448800,-0.006892,0.068855,MOVE_RIGHT
348,1774872086.014807,927.462341,476.634216,66.092834,133.000000,68.000000,2.174686,-0.025463,2.420837,0.449160,-0.007012,0.068847,MOVE_RIGHT
349,1774872086.080083,927.623657,476.593964,66.153328,133.000000,69.000000,2.173917,-0.025743,2.418624,0.449412,-0.007096,0.068910,MOVE_RIGHT
350,1774872086.150360,927.760376,476.415771,66.109917,133.000000,69.000000,2.176378,-0.027108,2.420212,0.449626,-0.007467,0.068864,MOVE_RIGHT
351,1774872086.213688,927.982300,475.991028,65.774338,132.000000,69.000000,2.189169,-0.030475,2.432560,0.449972,-0.008352,0.068515,MOVE_RIGHT
352,1774872086.276906,928.279663,475.993713,66.094757,133.000000,69.000000,2.180806,-0.030307,2.420767,0.450437,-0.008346,0.068849,MOVE_RIGHT
353,1774872086.336653,928.495789,476.145599,66.092834,133.000000,69.000000,2.182504,-0.029159,2.420837,0.450775,-0.008030,0.068847,MOVE_RIGHT
354,1774872086.398922,928.647034,476.101929,66.121201,133.000000,69.000000,2.182712,-0.029477,2.419799,0.451011,-0.008121,0.068876,MOVE_RIGHT
355,1774872086.461716,928.773376,475.921326,66.160927,133.000000,69.000000,2.182356,-0.030824,2.418346,0.451208,-0.008497,0.068918,MOVE_RIGHT
356,1774872086.515651,928.991333,475.644928,65.774338,132.000000,68.000000,2.196840,-0.033106,2.432560,0.451549,-0.009073,0.068515,MOVE_RIGHT
357,1774872086.566832,929.143921,475.301453,65.821831,132.000000,68.000000,2.196414,-0.035691,2.430804,0.451787,-0.009789,0.068564,MOVE_RIGHT
358,1774872086.620837,929.389404,475.361023,66.191147,133.000000,69.000000,2.186013,-0.035042,2.417242,0.452171,-0.009665,0.068949,MOVE_RIGHT
360,1774872086.734584,929.572571,475.402710,66.153328,133.000000,69.000000,2.188647,-0.034747,2.418624,0.452457,-0.009578,0.068910,MOVE_RIGHT
361,1774872086.785553,929.700806,475.431885,66.092834,133.000000,69.000000,2.191620,-0.034558,2.420837,0.452658,-0.009517,0.068847,MOVE_RIGHT
362,1774872086.842555,929.790527,475.452332,66.092834,133.000000,69.000000,2.192299,-0.034404,2.420837,0.452798,-0.009474,0.068847,MOVE_RIGHT
363,1774872086.904110,929.853333,475.466614,66.153328,133.000000,69.000000,2.190769,-0.034264,2.418624,0.452896,-0.009445,0.068910,MOVE_RIGHT
364,1774872086.969040,929.897339,475.476624,66.153328,133.000000,69.000000,2.191102,-0.034189,2.418624,0.452965,-0.009424,0.068910,MOVE_RIGHT
365,1774872087.015176,929.928101,475.483643,66.153328,133.000000,69.000000,2.191334,-0.034136,2.418624,0.453013,-0.009409,0.068910,MOVE_RIGHT
366,1774872087.072253,929.949646,475.488525,66.153328,133.000000,69.000000,2.191497,-0.034099,2.418624,0.453046,-0.009399,0.068910,MOVE_RIGHT
367,1774872087.126962,929.964722,475.491943,66.153328,133.000000,69.000000,2.191611,-0.034073,2.418624,0.453070,-0.009392,0.068910,MOVE_RIGHT
368,1774872087.177614,929.975281,475.494385,66.153328,133.000000,69.000000,2.191691,-0.034054,2.418624,0.453086,-0.009387,0.068910,MOVE_RIGHT
369,1774872087.232744,929.982666,475.496094,66.153328,133.000000,69.000000,2.191747,-0.034041,2.418624,0.453098,-0.009383,0.068910,MOVE_RIGHT
370,1774872087.294037,929.987854,475.497253,66.153328,133.000000,69.000000,2.191786,-0.034033,2.418624,0.453106,-0.009381,0.068910,MOVE_RIGHT
371,1774872087.356930,929.991516,475.498108,66.153328,133.000000,69.000000,2.191814,-0.034026,2.418624,0.453112,-0.009379,0.068910,MOVE_RIGHT
372,1774872087.411989,929.994080,475.498657,66.153328,133.000000,70.000000,2.191833,-0.034022,2.418624,0.453116,-0.009378,0.068910,MOVE_RIGHT
373,1774872087.453386,929.995850,475.499084,66.153328,133.000000,70.000000,2.191846,-0.034019,2.418624,0.453119,-0.009377,0.068910,MOVE_RIGHT
374,1774872087.514887,929.997070,475.649353,66.121201,133.000000,69.000000,2.192920,-0.032899,2.419799,0.453120,-0.009064,0.068876,MOVE_RIGHT
375,1774872087.578588,929.997925,475.754517,66.121201,133.000000,69.000000,2.192927,-0.032104,2.419799,0.453122,-0.008845,0.068876,MOVE_RIGHT
376,1774872087.641790,929.998535,475.828186,66.121201,133.000000,69.000000,2.192932,-0.031547,2.419799,0.453123,-0.008691,0.068876,MOVE_RIGHT
377,1774872087.689005,929.998962,475.879700,66.121201,133.000000,69.000000,2.192935,-0.031157,2.419799,0.453123,-0.008584,0.068876,MOVE_RIGHT
378,1774872087.753947,929.999268,475.915771,66.189224,133.000000,69.000000,2.190683,-0.030853,2.417312,0.453124,-0.008509,0.068947,MOVE_RIGHT
379,1774872087.821196,930.009705,475.941040,66.155205,133.000000,69.000000,2.191889,-0.030678,2.418555,0.453140,-0.008456,0.068912,MOVE_RIGHT
380,1774872087.885975,930.017029,475.958740,66.155205,133.000000,70.000000,2.191944,-0.030544,2.418555,0.453152,-0.008419,0.068912,MOVE_RIGHT
381,1774872087.935450,930.022156,475.971130,66.155205,133.000000,70.000000,2.191983,-0.030450,2.418555,0.453160,-0.008393,0.068912,MOVE_RIGHT
382,1774872087.987956,930.015503,475.979797,66.272263,133.000000,70.000000,2.188061,-0.030331,2.414283,0.453149,-0.008375,0.069034,MOVE_RIGHT
383,1774872088.048488,930.010864,475.985840,66.272263,133.000000,70.000000,2.188026,-0.030285,2.414283,0.453142,-0.008363,0.069034,MOVE_RIGHT
384,1774872088.107671,930.157593,475.840088,65.821831,132.000000,70.000000,2.204114,-0.031600,2.430804,0.453371,-0.008666,0.068564,MOVE_RIGHT
385,1774872088.162139,930.387573,475.888062,66.196831,133.000000,70.000000,2.193365,-0.031058,2.417034,0.453731,-0.008567,0.068955,MOVE_RIGHT
386,1774872088.213125,930.548584,475.921631,66.196831,133.000000,70.000000,2.194581,-0.030805,2.417034,0.453982,-0.008497,0.068955,MOVE_RIGHT
388,1774872088.332959,930.673706,476.245148,66.155205,133.000000,69.000000,2.196907,-0.028379,2.418555,0.454178,-0.007823,0.068912,MOVE_RIGHT
389,1774872088.397742,930.761353,476.471619,66.155205,133.000000,70.000000,2.197570,-0.026667,2.418555,0.454315,-0.007351,0.068912,MOVE_RIGHT
390,1774872088.456042,930.833008,476.780121,66.153328,133.000000,70.000000,2.198174,-0.024336,2.418624,0.454427,-0.006708,0.068910,MOVE_RIGHT
391,1774872088.512528,930.883057,476.846100,66.189224,133.000000,70.000000,2.197360,-0.023825,2.417312,0.454505,-0.006571,0.068947,MOVE_RIGHT
392,1774872088.564152,930.918091,476.892273,66.272263,133.000000,70.000000,2.194871,-0.023447,2.414283,0.454560,-0.006474,0.069034,MOVE_RIGHT
393,1774872088.621914,930.942627,476.774597,66.319405,133.000000,70.000000,2.193495,-0.024317,2.412567,0.454598,-0.006720,0.069083,MOVE_RIGHT
394,1774872088.674063,931.104248,477.442230,66.548950,134.000000,70.000000,2.187144,-0.019217,2.404245,0.454850,-0.005329,0.069322,MOVE_RIGHT
396,1774872088.783892,931.228638,477.909576,66.548958,134.000000,70.000000,2.188078,-0.015706,2.404245,0.455045,-0.004355,0.069322,MOVE_RIGHT
397,1774872088.846600,931.446411,477.786713,66.274185,133.000000,70.000000,2.198793,-0.016698,2.414213,0.455385,-0.004611,0.069036,MOVE_RIGHT
398,1774872088.912779,931.598816,477.700684,66.274185,133.000000,71.000000,2.199943,-0.017347,2.414213,0.455623,-0.004790,0.069036,MOVE_RIGHT
399,1774872088.974140,931.705505,477.640472,66.274185,133.000000,71.000000,2.200748,-0.017801,2.414213,0.455790,-0.004916,0.069036,MOVE_RIGHT
400,1774872089.028000,931.793823,477.598328,66.228867,133.000000,71.000000,2.202920,-0.018132,2.415865,0.455928,-0.005003,0.068988,MOVE_RIGHT
401,1774872089.087144,931.855713,477.568817,66.228867,133.000000,71.000000,2.203387,-0.018354,2.415865,0.456025,-0.005065,0.068988,MOVE_RIGHT
402,1774872089.149705,931.899048,477.548157,66.228867,133.000000,71.000000,2.203715,-0.018510,2.415865,0.456092,-0.005108,0.068988,MOVE_RIGHT
403,1774872089.208464,931.929321,477.533691,66.228867,133.000000,71.000000,2.203943,-0.018620,2.415865,0.456140,-0.005138,0.068988,MOVE_RIGHT
404,1774872089.268775,931.950562,477.523590,66.228867,133.000000,71.000000,2.204104,-0.018696,2.415865,0.456173,-0.005159,0.068988,MOVE_RIGHT
405,1774872089.324373,931.965332,477.516510,66.319405,133.000000,71.000000,2.201206,-0.018724,2.412567,0.456196,-0.005174,0.069083,MOVE_RIGHT
406,1774872089.379391,931.975708,477.511566,66.319405,133.000000,71.000000,2.201284,-0.018761,2.412567,0.456212,-0.005184,0.069083,MOVE_RIGHT
407,1774872089.440849,931.983032,477.508087,66.319405,133.000000,71.000000,2.201339,-0.018787,2.412567,0.456223,-0.005191,0.069083,MOVE_RIGHT
408,1774872089.504671,931.988159,477.505646,66.319405,133.000000,71.000000,2.201378,-0.018806,2.412567,0.456232,-0.005197,0.069083,MOVE_RIGHT
409,1774872089.564224,931.991699,477.503937,66.319405,133.000000,71.000000,2.201405,-0.018818,2.412567,0.456237,-0.005200,0.069083,MOVE_RIGHT
410,1774872089.617553,931.994141,477.352753,66.370270,133.000000,71.000000,2.199736,-0.019943,2.410718,0.456241,-0.005515,0.069136,MOVE_RIGHT
411,1774872089.672369,931.995850,477.246918,66.370270,133.000000,71.000000,2.199749,-0.020740,2.410718,0.456244,-0.005736,0.069136,MOVE_RIGHT
412,1774872089.732344,931.997070,477.172852,66.370270,133.000000,71.000000,2.199758,-0.021298,2.410718,0.456245,-0.005890,0.069136,MOVE_RIGHT
413,1774872089.794489,932.012695,477.121002,66.321289,133.000000,71.000000,2.201500,-0.021705,2.412498,0.456270,-0.005998,0.069085,MOVE_RIGHT
414,1774872089.852510,932.008911,476.784729,66.370270,133.000000,71.000000,2.199847,-0.024222,2.410718,0.456264,-0.006698,0.069136,MOVE_RIGHT
415,1774872089.903111,932.006226,476.549316,66.370270,133.000000,71.000000,2.199827,-0.025996,2.410718,0.456260,-0.007189,0.069136,MOVE_RIGHT
416,1774872089.960940,932.144226,476.684509,66.654083,134.000000,71.000000,2.191495,-0.024871,2.400453,0.456475,-0.006907,0.069431,MOVE_RIGHT
417,1774872090.021241,932.240845,476.779144,66.654083,134.000000,71.000000,2.192220,-0.024161,2.400453,0.456626,-0.006710,0.069431,MOVE_RIGHT
418,1774872090.087381,932.308472,476.845398,66.654083,134.000000,71.000000,2.192727,-0.023664,2.400453,0.456732,-0.006572,0.069431,MOVE_RIGHT
419,1774872090.141737,932.355774,476.891785,66.654083,134.000000,71.000000,2.193082,-0.023316,2.400453,0.456806,-0.006475,0.069431,MOVE_RIGHT
420,1774872090.209517,932.388916,476.924255,66.654083,134.000000,71.000000,2.193331,-0.023072,2.400453,0.456858,-0.006408,0.069431,MOVE_RIGHT
421,1774872090.276418,932.412109,476.946991,66.654083,134.000000,72.000000,2.193505,-0.022902,2.400453,0.456894,-0.006360,0.069431,MOVE_RIGHT
422,1774872090.340454,932.428345,476.962891,66.654083,134.000000,72.000000,2.193627,-0.022783,2.400453,0.456919,-0.006327,0.069431,MOVE_RIGHT
423,1774872090.391688,932.427246,476.974030,66.695351,134.000000,72.000000,2.192261,-0.022685,2.398968,0.456918,-0.006304,0.069474,MOVE_RIGHT
424,1774872090.455235,932.426514,476.981812,66.695351,134.000000,72.000000,2.192256,-0.022627,2.398968,0.456916,-0.006288,0.069474,MOVE_RIGHT
425,1774872090.521760,932.426025,476.987274,66.695351,134.000000,72.000000,2.192252,-0.022586,2.398968,0.456916,-0.006277,0.069474,MOVE_RIGHT
426,1774872090.584604,932.298218,476.541077,66.424866,133.000000,72.000000,2.200217,-0.026036,2.408737,0.456716,-0.007206,0.069193,MOVE_RIGHT
427,1774872090.636675,932.208740,476.378723,66.370270,133.000000,72.000000,2.201353,-0.027281,2.410718,0.456576,-0.007544,0.069136,MOVE_RIGHT
428,1774872090.686007,932.146118,476.265076,66.370270,133.000000,72.000000,2.200881,-0.028137,2.410718,0.456478,-0.007781,0.069136,MOVE_RIGHT
429,1774872090.751579,932.102295,476.185547,66.370270,133.000000,72.000000,2.200551,-0.028736,2.410718,0.456410,-0.007947,0.069136,MOVE_RIGHT
430,1774872090.811356,931.952087,476.129883,66.669128,134.000000,72.000000,2.189560,-0.029025,2.399911,0.456175,-0.008063,0.069447,MOVE_RIGHT
431,1774872090.871146,931.846924,476.090942,66.669128,134.000000,72.000000,2.188771,-0.029317,2.399911,0.456011,-0.008144,0.069447,MOVE_RIGHT
432,1774872090.932589,931.754150,476.213745,66.689674,134.000000,72.000000,2.187401,-0.028387,2.399172,0.455866,-0.007888,0.069468,MOVE_RIGHT
433,1774872090.995071,931.689209,476.299713,66.689674,134.000000,72.000000,2.186914,-0.027743,2.399172,0.455764,-0.007709,0.069468,MOVE_RIGHT
434,1774872091.057079,931.632446,476.359802,66.652184,134.000000,72.000000,2.187719,-0.027307,2.400522,0.455676,-0.007584,0.069429,MOVE_RIGHT
435,1774872091.110568,931.592712,476.701843,66.652184,134.000000,72.000000,2.187421,-0.024742,2.400522,0.455614,-0.006871,0.069429,MOVE_RIGHT
436,1774872091.155873,931.564880,476.641296,66.652184,134.000000,71.000000,2.187212,-0.025196,2.400522,0.455570,-0.006997,0.069429,MOVE_RIGHT
437,1774872091.218613,931.534119,476.598816,66.689713,134.000000,72.000000,2.185750,-0.025500,2.399171,0.455522,-0.007086,0.069468,MOVE_RIGHT
438,1774872091.278908,931.503540,476.569183,66.659698,134.000000,72.000000,2.186505,-0.025734,2.400251,0.455474,-0.007148,0.069437,MOVE_RIGHT
439,1774872091.324258,931.352539,476.248413,66.424866,133.000000,72.000000,2.193098,-0.028239,2.408737,0.455238,-0.007816,0.069193,MOVE_RIGHT
440,1774872091.383217,931.246826,476.173889,66.370270,133.000000,72.000000,2.194106,-0.028824,2.410718,0.455073,-0.007971,0.069136,MOVE_RIGHT
441,1774872091.447226,931.172729,476.121704,66.370270,133.000000,72.000000,2.193548,-0.029217,2.410718,0.454957,-0.008080,0.069136,MOVE_RIGHT
442,1774872091.505443,931.001343,476.085205,66.669136,134.000000,72.000000,2.182429,-0.029360,2.399911,0.454690,-0.008156,0.069447,MOVE_RIGHT
443,1774872091.551111,930.869019,476.059631,66.627853,134.000000,72.000000,2.182788,-0.029570,2.401398,0.454483,-0.008209,0.069404,MOVE_RIGHT
444,1774872091.604110,930.758301,476.191742,66.652184,134.000000,72.000000,2.181161,-0.028568,2.400522,0.454310,-0.007934,0.069429,MOVE_RIGHT
445,1774872091.668381,930.680847,476.434235,66.620293,134.000000,72.000000,2.181624,-0.026762,2.401671,0.454189,-0.007429,0.069396,MOVE_RIGHT
446,1774872091.734537,930.626587,476.603973,66.620293,134.000000,72.000000,2.181217,-0.025488,2.401671,0.454104,-0.007075,0.069396,MOVE_RIGHT
447,1774872091.799132,930.588623,476.572784,66.652184,134.000000,72.000000,2.179888,-0.025710,2.400522,0.454045,-0.007140,0.069429,MOVE_RIGHT
448,1774872091.854876,930.541748,476.550842,66.659752,134.000000,72.000000,2.179289,-0.025871,2.400249,0.453971,-0.007186,0.069437,MOVE_RIGHT
449,1774872091.905315,930.395142,476.235596,66.372169,133.000000,72.000000,2.187627,-0.028358,2.410649,0.453742,-0.007843,0.069138,MOVE_RIGHT
450,1774872091.964095,930.276611,476.164917,66.370270,133.000000,72.000000,2.186797,-0.028892,2.410718,0.453557,-0.007990,0.069136,MOVE_RIGHT
451,1774872092.026896,930.193604,476.115417,66.370270,133.000000,71.000000,2.186172,-0.029264,2.410718,0.453427,-0.008093,0.069136,MOVE_RIGHT
452,1774872092.074742,930.135498,476.080811,66.370270,133.000000,71.000000,2.185734,-0.029525,2.410718,0.453337,-0.008165,0.069136,MOVE_RIGHT
453,1774872092.129905,929.962891,476.056580,66.627853,134.000000,71.000000,2.175989,-0.029593,2.401398,0.453067,-0.008215,0.069404,MOVE_RIGHT
454,1774872092.195709,929.833008,476.189728,66.622169,134.000000,71.000000,2.175199,-0.028596,2.401603,0.452864,-0.007938,0.069398,MOVE_RIGHT
455,1774872092.256942,929.733154,476.582794,66.592140,134.000000,71.000000,2.175431,-0.025658,2.402686,0.452708,-0.007119,0.069367,MOVE_RIGHT
456,1774872092.320565,929.663208,476.707947,66.620293,134.000000,72.000000,2.173986,-0.024708,2.401671,0.452599,-0.006858,0.069396,MOVE_RIGHT
457,1774872092.371768,929.464233,476.345581,66.424866,133.000000,72.000000,2.178885,-0.027508,2.408737,0.452288,-0.007613,0.069193,MOVE_RIGHT
458,1774872092.424458,929.324951,476.241882,66.370270,133.000000,72.000000,2.179628,-0.028312,2.410718,0.452070,-0.007829,0.069136,MOVE_RIGHT
459,1774872092.483153,929.227478,476.169312,66.272263,133.000000,72.000000,2.182116,-0.028901,2.414283,0.451918,-0.007981,0.069034,MOVE_RIGHT
460,1774872092.539992,929.159241,476.118530,66.272263,133.000000,72.000000,2.181601,-0.029284,2.414283,0.451811,-0.008086,0.069034,MOVE_RIGHT
461,1774872092.589375,929.111450,476.082947,66.370270,133.000000,72.000000,2.178019,-0.029509,2.410718,0.451737,-0.008161,0.069136,MOVE_RIGHT
462,1774872092.646061,928.934814,476.807892,66.569664,134.000000,72.000000,2.170169,-0.023976,2.403497,0.451461,-0.006650,0.069343,MOVE_RIGHT
463,1774872092.705025,928.804321,477.315552,66.592140,134.000000,71.000000,2.168457,-0.020156,2.402686,0.451257,-0.005593,0.069367,MOVE_RIGHT
464,1774872092.762990,928.577820,477.220886,66.321289,133.000000,71.000000,2.175605,-0.020952,2.412498,0.450903,-0.005790,0.069085,MOVE_RIGHT
465,1774872092.807894,928.416992,477.154633,66.230789,133.000000,71.000000,2.177363,-0.021481,2.415795,0.450652,-0.005928,0.068990,MOVE_RIGHT
466,1774872092.861098,928.291931,477.258240,66.228867,133.000000,71.000000,2.176482,-0.020699,2.415865,0.450456,-0.005712,0.068988,MOVE_RIGHT
467,1774872092.923164,928.204346,477.180756,66.272263,133.000000,71.000000,2.174396,-0.021270,2.414283,0.450319,-0.005873,0.069034,MOVE_RIGHT
468,1774872092.972569,928.115784,477.126526,66.279846,133.000000,71.000000,2.173480,-0.021677,2.414007,0.450181,-0.005986,0.069042,MOVE_RIGHT
469,1774872093.028132,927.934448,477.988556,66.518906,134.000000,72.000000,2.164305,-0.015119,2.405331,0.449898,-0.004191,0.069291,MOVE_RIGHT
470,1774872093.087941,927.668823,477.691986,66.321289,133.000000,72.000000,2.168752,-0.017400,2.412498,0.449483,-0.004808,0.069085,MOVE_RIGHT
471,1774872093.151004,927.479553,477.634399,66.191147,133.000000,71.000000,2.171586,-0.017869,2.417242,0.449187,-0.004928,0.068949,MOVE_RIGHT
472,1774872093.215945,927.335693,477.744080,66.189224,133.000000,71.000000,2.170562,-0.017041,2.417312,0.448962,-0.004700,0.068947,MOVE_RIGHT
473,1774872093.264781,927.234985,477.820862,66.189224,133.000000,71.000000,2.169802,-0.016461,2.417312,0.448805,-0.004540,0.068947,MOVE_RIGHT
475,1774872093.376092,927.014465,477.574615,65.873085,132.000000,71.000000,2.178541,-0.018410,2.428913,0.448460,-0.005053,0.068618,MOVE_RIGHT
476,1774872093.432780,926.750977,477.552216,66.183708,133.000000,71.000000,2.166326,-0.018492,2.417513,0.448048,-0.005100,0.068941,MOVE_RIGHT
477,1774872093.485512,926.536987,477.536560,66.191147,133.000000,71.000000,2.164466,-0.018609,2.417242,0.447714,-0.005132,0.068949,MOVE_RIGHT
478,1774872093.539412,926.386108,477.675598,66.155258,133.000000,71.000000,2.164500,-0.017568,2.418553,0.447478,-0.004843,0.068912,MOVE_RIGHT
479,1774872093.602261,926.279358,477.922913,66.123070,133.000000,71.000000,2.164746,-0.015706,2.419730,0.447311,-0.004327,0.068878,MOVE_RIGHT
480,1774872093.662460,926.195557,477.946045,66.121201,133.000000,71.000000,2.164174,-0.015532,2.419799,0.447181,-0.004279,0.068876,MOVE_RIGHT
481,1774872093.722705,926.126587,477.962219,66.155258,133.000000,71.000000,2.162539,-0.015402,2.418553,0.447073,-0.004245,0.068912,MOVE_RIGHT
482,1774872093.778927,925.953491,477.673553,65.823746,132.000000,71.000000,2.172115,-0.017672,2.430734,0.446802,-0.004847,0.068566,MOVE_RIGHT
483,1774872093.825058,925.831177,477.621490,65.776276,132.000000,70.000000,2.172753,-0.018080,2.432488,0.446611,-0.004955,0.068517,MOVE_RIGHT
484,1774872093.884259,925.731812,477.585052,65.821831,132.000000,70.000000,2.170494,-0.018345,2.430804,0.446456,-0.005031,0.068564,MOVE_RIGHT
485,1774872093.947629,925.662292,477.559540,65.821831,132.000000,70.000000,2.169966,-0.018538,2.430804,0.446347,-0.005084,0.068564,MOVE_RIGHT
486,1774872093.993047,925.613647,477.541687,65.821831,132.000000,70.000000,2.169597,-0.018674,2.430804,0.446271,-0.005121,0.068564,MOVE_RIGHT
487,1774872094.050231,925.579590,477.229187,65.821831,132.000000,70.000000,2.169338,-0.021048,2.430804,0.446218,-0.005773,0.068564,MOVE_RIGHT
488,1774872094.107552,925.555725,477.010437,65.821831,132.000000,70.000000,2.169157,-0.022710,2.430804,0.446181,-0.006228,0.068564,MOVE_RIGHT
489,1774872094.168638,925.402588,477.307312,66.075844,133.000000,70.000000,2.159659,-0.020376,2.421460,0.445942,-0.005610,0.068829,MOVE_RIGHT
490,1774872094.222752,925.295410,477.515137,66.075844,133.000000,70.000000,2.158848,-0.018803,2.421460,0.445774,-0.005177,0.068829,MOVE_RIGHT
491,1774872094.284359,925.214722,477.660583,66.094704,133.000000,70.000000,2.157622,-0.017697,2.420769,0.445648,-0.004874,0.068849,MOVE_RIGHT
492,1774872094.350428,925.163940,477.762390,66.075844,133.000000,70.000000,2.157853,-0.016932,2.421460,0.445569,-0.004662,0.068829,MOVE_RIGHT
493,1774872094.416653,925.114746,477.833679,66.121201,133.000000,69.000000,2.156001,-0.016381,2.419799,0.445492,-0.004513,0.068876,MOVE_RIGHT
494,1774872094.470698,925.093994,477.883606,66.075813,133.000000,69.000000,2.157325,-0.016015,2.421461,0.445459,-0.004409,0.068829,MOVE_RIGHT
495,1774872094.526800,925.215820,477.318542,65.774338,132.000000,69.000000,2.168139,-0.020384,2.432560,0.445650,-0.005586,0.068515,MOVE_RIGHT
496,1774872094.587697,925.301086,476.922974,65.774338,132.000000,70.000000,2.168787,-0.023391,2.432560,0.445783,-0.006410,0.068515,MOVE_RIGHT
497,1774872094.654665,925.360779,476.646057,65.774338,132.000000,70.000000,2.169241,-0.025496,2.432560,0.445876,-0.006987,0.068515,MOVE_RIGHT
498,1774872094.715614,925.402588,476.452209,65.774338,132.000000,70.000000,2.169559,-0.026969,2.432560,0.445942,-0.007391,0.068515,MOVE_RIGHT
499,1774872094.763822,925.431824,476.316528,65.774338,132.000000,70.000000,2.169781,-0.028001,2.432560,0.445987,-0.007674,0.068515,MOVE_RIGHT
500,1774872094.819016,925.452271,476.371582,65.730606,132.000000,69.000000,2.171380,-0.027601,2.434178,0.446019,-0.007559,0.068469,MOVE_RIGHT
501,1774872094.883135,925.466614,476.410126,65.730606,132.000000,69.000000,2.171489,-0.027307,2.434178,0.446042,-0.007479,0.068469,MOVE_RIGHT
502,1774872094.944917,925.476624,476.437103,65.730606,132.000000,69.000000,2.171565,-0.027102,2.434178,0.446057,-0.007423,0.068469,MOVE_RIGHT
503,1774872094.998976,925.483643,476.305969,65.690659,132.000000,69.000000,2.172939,-0.028117,2.435658,0.446068,-0.007696,0.068428,MOVE_RIGHT
504,1774872095.056068,925.501160,476.214172,65.732521,132.000000,69.000000,2.171689,-0.028797,2.434107,0.446096,-0.007887,0.068471,MOVE_RIGHT
505,1774872095.116200,925.500854,475.999939,65.730606,132.000000,69.000000,2.171750,-0.030428,2.434178,0.446095,-0.008333,0.068469,MOVE_RIGHT
506,1774872095.179720,925.500610,475.699951,65.774338,132.000000,69.000000,2.170304,-0.032688,2.432560,0.446095,-0.008958,0.068515,MOVE_RIGHT
507,1774872095.229995,925.644775,476.089966,66.049347,133.000000,69.000000,2.162359,-0.029599,2.422431,0.446320,-0.008146,0.068801,MOVE_RIGHT
509,1774872095.339742,925.751343,476.212982,66.047432,133.000000,69.000000,2.163228,-0.028669,2.422501,0.446486,-0.007890,0.068799,MOVE_RIGHT
510,1774872095.398739,925.975952,475.849091,65.774338,132.000000,69.000000,2.173917,-0.031554,2.432560,0.446837,-0.008648,0.068515,MOVE_RIGHT
511,1774872095.443966,926.133179,475.744385,65.730606,132.000000,69.000000,2.176560,-0.032372,2.434178,0.447083,-0.008866,0.068469,MOVE_RIGHT
512,1774872095.497572,926.243225,475.671082,65.730606,132.000000,69.000000,2.177397,-0.032929,2.434178,0.447255,-0.009019,0.068469,MOVE_RIGHT
513,1774872095.565034,926.320251,475.769775,65.690659,132.000000,69.000000,2.179307,-0.032198,2.435658,0.447375,-0.008813,0.068428,MOVE_RIGHT
514,1774872095.631513,926.374207,475.838867,65.690659,132.000000,69.000000,2.179718,-0.031672,2.435658,0.447460,-0.008669,0.068428,MOVE_RIGHT
515,1774872095.691288,926.411926,475.737183,65.730606,132.000000,69.000000,2.178680,-0.032426,2.434178,0.447519,-0.008881,0.068469,MOVE_RIGHT
516,1774872095.752234,926.438354,475.666016,65.730606,132.000000,69.000000,2.178881,-0.032968,2.434178,0.447560,-0.009029,0.068469,MOVE_RIGHT
517,1774872095.813373,926.456848,475.466217,65.774338,132.000000,69.000000,2.177573,-0.034465,2.432560,0.447589,-0.009445,0.068515,MOVE_RIGHT
518,1774872095.873564,926.610718,475.926361,66.038002,133.000000,69.000000,2.170044,-0.030843,2.422847,0.447829,-0.008487,0.068790,MOVE_RIGHT
519,1774872095.935864,926.721802,476.248444,66.049347,133.000000,69.000000,2.170512,-0.028400,2.422431,0.448003,-0.007816,0.068801,MOVE_RIGHT
521,1774872096.048362,926.805298,476.623901,66.047432,133.000000,69.000000,2.171207,-0.025558,2.422501,0.448133,-0.007034,0.068799,MOVE_RIGHT
522,1774872096.101182,926.863647,476.886719,66.047432,133.000000,68.000000,2.171649,-0.023569,2.422501,0.448224,-0.006486,0.068799,MOVE_RIGHT
523,1774872096.167255,926.904541,476.920715,66.068245,133.000000,68.000000,2.171274,-0.023304,2.421738,0.448288,-0.006415,0.068821,MOVE_RIGHT
524,1774872096.217354,926.938843,476.944489,66.049309,133.000000,68.000000,2.172156,-0.023131,2.422433,0.448342,-0.006366,0.068801,MOVE_RIGHT
525,1774872096.284653,927.094604,476.661133,65.732536,132.000000,68.000000,2.183809,-0.025397,2.434107,0.448585,-0.006956,0.068471,MOVE_RIGHT
526,1774872096.355106,927.203613,476.462769,65.732536,132.000000,68.000000,2.184638,-0.026906,2.434107,0.448756,-0.007369,0.068471,MOVE_RIGHT
527,1774872096.422540,927.279968,476.323914,65.732536,132.000000,69.000000,2.185219,-0.027962,2.434107,0.448875,-0.007659,0.068471,MOVE_RIGHT
528,1774872096.486093,927.333374,476.226746,65.732536,132.000000,69.000000,2.185625,-0.028702,2.434107,0.448958,-0.007861,0.068471,MOVE_RIGHT
529,1774872096.548787,927.383362,476.158691,65.690659,132.000000,69.000000,2.187399,-0.029238,2.435658,0.449037,-0.008003,0.068428,MOVE_RIGHT
530,1774872096.620302,927.418335,476.111084,65.690659,132.000000,69.000000,2.187665,-0.029600,2.435658,0.449091,-0.008102,0.068428,MOVE_RIGHT
531,1774872096.679747,927.442810,476.077759,65.690659,132.000000,69.000000,2.187851,-0.029854,2.435658,0.449129,-0.008171,0.068428,MOVE_RIGHT
532,1774872096.735727,927.459961,476.054443,65.690659,132.000000,69.000000,2.187982,-0.030031,2.435658,0.449156,-0.008220,0.068428,MOVE_RIGHT
533,1774872096.805489,927.471985,476.038086,65.690659,132.000000,69.000000,2.188074,-0.030156,2.435658,0.449175,-0.008254,0.068428,MOVE_RIGHT
534,1774872096.868194,927.480408,476.026672,65.690659,132.000000,69.000000,2.188138,-0.030243,2.435658,0.449188,-0.008278,0.068428,MOVE_RIGHT
535,1774872096.930556,927.486267,476.018677,65.690659,132.000000,69.000000,2.188182,-0.030304,2.435658,0.449197,-0.008294,0.068428,MOVE_RIGHT
536,1774872096.990313,927.490356,476.013062,65.690659,132.000000,69.000000,2.188213,-0.030346,2.435658,0.449204,-0.008306,0.068428,MOVE_RIGHT
537,1774872097.057125,927.493225,476.009155,65.690659,132.000000,69.000000,2.188235,-0.030376,2.435658,0.449208,-0.008314,0.068428,MOVE_RIGHT
538,1774872097.113409,927.484985,476.006409,65.656395,132.000000,68.000000,2.189314,-0.030413,2.436929,0.449195,-0.008320,0.068392,MOVE_RIGHT
539,1774872097.165038,927.479248,476.004456,65.656395,132.000000,68.000000,2.189271,-0.030428,2.436929,0.449186,-0.008324,0.068392,MOVE_RIGHT
540,1774872097.223114,927.475220,476.003113,65.656395,132.000000,68.000000,2.189240,-0.030438,2.436929,0.449180,-0.008327,0.068392,MOVE_RIGHT
541,1774872097.291974,927.472412,476.002197,65.656395,132.000000,68.000000,2.189219,-0.030445,2.436929,0.449176,-0.008329,0.068392,MOVE_RIGHT
542,1774872097.353708,927.470337,476.001526,65.656395,132.000000,69.000000,2.189203,-0.030450,2.436929,0.449172,-0.008330,0.068392,MOVE_RIGHT
543,1774872097.406718,927.466675,476.001038,65.732536,132.000000,69.000000,2.186639,-0.030418,2.434107,0.449167,-0.008331,0.068471,MOVE_RIGHT
544,1774872097.467110,927.464111,476.000732,65.732536,132.000000,69.000000,2.186620,-0.030421,2.434107,0.449163,-0.008332,0.068471,MOVE_RIGHT
545,1774872097.527085,927.462280,476.000488,65.732536,132.000000,69.000000,2.186606,-0.030423,2.434107,0.449160,-0.008332,0.068471,MOVE_RIGHT
546,1774872097.586642,927.473572,475.850342,65.730606,132.000000,69.000000,2.186756,-0.031566,2.434178,0.449177,-0.008645,0.068469,MOVE_RIGHT
547,1774872097.635081,927.481506,475.595245,65.774338,132.000000,69.000000,2.185362,-0.033484,2.432560,0.449190,-0.009177,0.068515,MOVE_RIGHT
548,1774872097.690019,927.487061,475.416656,65.774338,132.000000,69.000000,2.185404,-0.034841,2.432560,0.449199,-0.009549,0.068515,MOVE_RIGHT
549,1774872097.750838,927.347717,475.741669,66.070122,133.000000,69.000000,2.174566,-0.032226,2.421670,0.448981,-0.008872,0.068823,MOVE_RIGHT
550,1774872097.801440,927.249023,476.119171,66.049309,133.000000,69.000000,2.174504,-0.029378,2.422433,0.448827,-0.008085,0.068801,MOVE_RIGHT
551,1774872097.871190,927.174316,476.383423,66.068245,133.000000,69.000000,2.173316,-0.027370,2.421738,0.448710,-0.007535,0.068821,MOVE_RIGHT
552,1774872097.928903,927.122070,476.718384,66.047432,133.000000,69.000000,2.173605,-0.024843,2.422501,0.448628,-0.006837,0.068799,MOVE_RIGHT
553,1774872097.992341,927.079712,476.802856,66.049347,133.000000,69.000000,2.173221,-0.024203,2.422431,0.448562,-0.006661,0.068801,MOVE_RIGHT
554,1774872098.051444,927.050171,476.862000,66.049347,133.000000,69.000000,2.172998,-0.023755,2.422431,0.448516,-0.006538,0.068801,MOVE_RIGHT
555,1774872098.103711,927.018066,476.903412,66.064491,133.000000,69.000000,2.172257,-0.023436,2.421876,0.448466,-0.006451,0.068817,MOVE_RIGHT
556,1774872098.157128,926.876404,476.482422,65.776276,132.000000,69.000000,2.180698,-0.026739,2.432488,0.448244,-0.007328,0.068517,MOVE_RIGHT
557,1774872098.214711,926.776123,476.337708,65.732521,132.000000,69.000000,2.181387,-0.027858,2.434107,0.448088,-0.007630,0.068471,MOVE_RIGHT
558,1774872098.272628,926.693298,476.236389,65.774338,132.000000,69.000000,2.179370,-0.028610,2.432560,0.447958,-0.007841,0.068515,MOVE_RIGHT
559,1774872098.333709,926.635315,476.165466,65.690659,132.000000,69.000000,2.181705,-0.029186,2.435658,0.447868,-0.007989,0.068428,MOVE_RIGHT
560,1774872098.386153,926.594727,476.115845,65.690659,132.000000,69.000000,2.181396,-0.029564,2.435658,0.447804,-0.008092,0.068428,MOVE_RIGHT
561,1774872098.453126,926.566284,476.081116,65.690659,132.000000,69.000000,2.181180,-0.029828,2.435658,0.447760,-0.008164,0.068428,MOVE_RIGHT
562,1774872098.522075,926.546387,476.056763,65.690659,132.000000,69.000000,2.181028,-0.030014,2.435658,0.447729,-0.008215,0.068428,MOVE_RIGHT
563,1774872098.582036,926.532471,476.039734,65.690659,132.000000,69.000000,2.180923,-0.030143,2.435658,0.447707,-0.008251,0.068428,MOVE_RIGHT
564,1774872098.632860,926.522705,476.027832,65.774338,132.000000,69.000000,2.178074,-0.030195,2.432560,0.447692,-0.008275,0.068515,MOVE_RIGHT
565,1774872098.690100,926.503296,476.019470,65.732521,132.000000,69.000000,2.179312,-0.030278,2.434107,0.447661,-0.008293,0.068471,MOVE_RIGHT
566,1774872098.752034,926.358032,476.613647,66.049309,133.000000,69.000000,2.167759,-0.025635,2.422433,0.447434,-0.007055,0.068801,MOVE_RIGHT
567,1774872098.814219,926.250610,477.029541,66.068245,133.000000,69.000000,2.166325,-0.022480,2.421738,0.447267,-0.006188,0.068821,MOVE_RIGHT
568,1774872098.878704,926.175415,477.470703,66.047432,133.000000,69.000000,2.166439,-0.019148,2.422501,0.447149,-0.005269,0.068799,MOVE_RIGHT
569,1774872098.942455,926.122803,477.629517,66.068245,133.000000,69.000000,2.165358,-0.017940,2.421738,0.447067,-0.004939,0.068821,MOVE_RIGHT
570,1774872098.993910,926.074585,477.890686,66.054985,133.000000,70.000000,2.165428,-0.015966,2.422224,0.446992,-0.004394,0.068807,MOVE_RIGHT
571,1774872099.052394,925.902222,477.473480,65.821831,132.000000,70.000000,2.171789,-0.019192,2.430804,0.446722,-0.005264,0.068564,MOVE_RIGHT
572,1774872099.109792,925.781555,477.331451,65.774338,132.000000,70.000000,2.172440,-0.020286,2.432560,0.446534,-0.005559,0.068515,MOVE_RIGHT
573,1774872099.170641,925.697083,477.382019,65.730606,132.000000,69.000000,2.173242,-0.019914,2.434178,0.446402,-0.005454,0.068469,MOVE_RIGHT
574,1774872099.223246,925.638000,477.417419,65.730606,132.000000,69.000000,2.172793,-0.019645,2.434178,0.446309,-0.005380,0.068469,MOVE_RIGHT
575,1774872099.284220,925.596619,477.442200,65.654495,132.000000,69.000000,2.174997,-0.019479,2.437000,0.446245,-0.005329,0.068390,MOVE_RIGHT
576,1774872099.338427,925.556152,477.459534,65.692596,132.000000,69.000000,2.173427,-0.019336,2.435586,0.446181,-0.005293,0.068430,MOVE_RIGHT
577,1774872099.398596,925.539307,477.471680,65.730606,132.000000,69.000000,2.172042,-0.019232,2.434178,0.446155,-0.005267,0.068469,MOVE_RIGHT
578,1774872099.459229,925.527527,477.480164,65.730606,132.000000,70.000000,2.171953,-0.019168,2.434178,0.446137,-0.005250,0.068469,MOVE_RIGHT
579,1774872099.511249,925.519287,477.486115,65.730606,132.000000,70.000000,2.171890,-0.019123,2.434178,0.446124,-0.005237,0.068469,MOVE_RIGHT
580,1774872099.572024,925.513489,477.490265,65.821831,132.000000,70.000000,2.168836,-0.019065,2.430804,0.446115,-0.005229,0.068564,MOVE_RIGHT
581,1774872099.648067,925.370850,478.093201,66.055031,133.000000,70.000000,2.160099,-0.014433,2.422223,0.445892,-0.003972,0.068807,MOVE_RIGHT
582,1774872099.709904,925.265259,478.665222,66.049309,133.000000,69.000000,2.159487,-0.010104,2.422433,0.445727,-0.002781,0.068801,MOVE_RIGHT
583,1774872099.769632,925.185669,479.065643,66.068245,133.000000,69.000000,2.158266,-0.007071,2.421738,0.445603,-0.001947,0.068821,MOVE_RIGHT
584,1774872099.826519,925.129944,479.345947,66.068245,133.000000,69.000000,2.157844,-0.004950,2.421738,0.445516,-0.001363,0.068821,MOVE_RIGHT
585,1774872099.892145,925.090942,479.542145,66.068245,133.000000,70.000000,2.157549,-0.003465,2.421738,0.445455,-0.000954,0.068821,MOVE_RIGHT
586,1774872099.953940,925.063660,479.679504,66.068245,133.000000,70.000000,2.157342,-0.002425,2.421738,0.445412,-0.000668,0.068821,MOVE_RIGHT
587,1774872100.013036,925.044556,479.775635,66.068245,133.000000,70.000000,2.157198,-0.001698,2.421738,0.445382,-0.000467,0.068821,MOVE_RIGHT
588,1774872100.073020,925.024414,479.992920,66.070160,133.000000,70.000000,2.156983,-0.000054,2.421668,0.445351,-0.000015,0.068823,MOVE_RIGHT
589,1774872100.135660,924.867065,479.545044,65.821831,132.000000,70.000000,2.163925,-0.003456,2.430804,0.445105,-0.000948,0.068564,MOVE_RIGHT
590,1774872100.184047,924.756958,479.231506,65.821831,132.000000,70.000000,2.163089,-0.005838,2.430804,0.444933,-0.001601,0.068564,MOVE_RIGHT
591,1774872100.239810,924.679810,479.012024,65.821831,132.000000,70.000000,2.162503,-0.007505,2.430804,0.444812,-0.002058,0.068564,MOVE_RIGHT
592,1774872100.300393,924.625854,478.858398,65.821831,132.000000,70.000000,2.162093,-0.008672,2.430804,0.444728,-0.002378,0.068564,MOVE_RIGHT
593,1774872100.359270,924.600708,478.900879,65.732521,132.000000,70.000000,2.164839,-0.008361,2.434107,0.444689,-0.002290,0.068471,MOVE_RIGHT
594,1774872100.410289,924.570435,478.930634,65.774338,132.000000,70.000000,2.163233,-0.008129,2.432560,0.444641,-0.002228,0.068515,MOVE_RIGHT
595,1774872100.465530,924.549316,478.951447,65.774338,132.000000,70.000000,2.163072,-0.007971,2.432560,0.444608,-0.002184,0.068515,MOVE_RIGHT
596,1774872100.527300,924.534546,478.966034,65.774338,132.000000,70.000000,2.162960,-0.007860,2.432560,0.444585,-0.002154,0.068515,MOVE_RIGHT
597,1774872100.590193,924.536804,478.976227,65.732521,132.000000,70.000000,2.164353,-0.007787,2.434107,0.444589,-0.002133,0.068471,MOVE_RIGHT
598,1774872100.635563,924.525757,478.983368,65.690659,132.000000,70.000000,2.165649,-0.007738,2.435658,0.444571,-0.002118,0.068428,MOVE_RIGHT
599,1774872100.694944,924.518066,478.988373,65.774338,132.000000,70.000000,2.162835,-0.007690,2.432560,0.444559,-0.002108,0.068515,MOVE_RIGHT
600,1774872100.755604,924.512695,478.841858,65.730606,132.000000,70.000000,2.164233,-0.008810,2.434178,0.444551,-0.002413,0.068469,MOVE_RIGHT
601,1774872100.817075,924.508911,478.739319,65.730606,132.000000,70.000000,2.164204,-0.009590,2.434178,0.444545,-0.002626,0.068469,MOVE_RIGHT
602,1774872100.866100,924.506226,478.517517,65.774338,132.000000,70.000000,2.162745,-0.011269,2.432560,0.444541,-0.003089,0.068515,MOVE_RIGHT
603,1774872100.924496,924.504395,478.362244,65.774338,132.000000,70.000000,2.162731,-0.012450,2.432560,0.444538,-0.003412,0.068515,MOVE_RIGHT
604,1774872100.984789,924.503052,478.253601,65.774338,132.000000,70.000000,2.162721,-0.013276,2.432560,0.444536,-0.003638,0.068515,MOVE_RIGHT
605,1774872101.040097,924.502075,478.027527,65.730606,132.000000,70.000000,2.164152,-0.015004,2.434178,0.444534,-0.004109,0.068469,MOVE_RIGHT
606,1774872101.095602,924.501465,477.719269,65.774338,132.000000,70.000000,2.162709,-0.017338,2.432560,0.444534,-0.004752,0.068515,MOVE_RIGHT
607,1774872101.148218,924.500977,477.503479,65.774338,132.000000,70.000000,2.162705,-0.018978,2.432560,0.444533,-0.005201,0.068515,MOVE_RIGHT
608,1774872101.202486,924.500732,477.202454,65.821831,132.000000,70.000000,2.161143,-0.021251,2.430804,0.444532,-0.005828,0.068564,MOVE_RIGHT
609,1774872101.270075,924.500488,476.841736,65.774338,132.000000,70.000000,2.162701,-0.024008,2.432560,0.444532,-0.006580,0.068515,MOVE_RIGHT
611,1774872101.371002,924.475159,476.439148,65.738304,132.000000,70.000000,2.163694,-0.027084,2.433893,0.444492,-0.007418,0.068477,MOVE_RIGHT
612,1774872101.425179,924.457458,476.157288,65.738304,132.000000,70.000000,2.163559,-0.029227,2.433893,0.444465,-0.008006,0.068477,MOVE_RIGHT
613,1774872101.488787,924.470215,475.660095,65.821831,132.000000,70.000000,2.160911,-0.032967,2.430804,0.444485,-0.009041,0.068564,MOVE_RIGHT
614,1774872101.536868,924.453979,475.311981,65.738304,132.000000,70.000000,2.163533,-0.035657,2.433893,0.444459,-0.009767,0.068477,MOVE_RIGHT
615,1774872101.594925,924.213623,474.918396,65.721298,132.000000,69.000000,2.162264,-0.038660,2.434523,0.444084,-0.010587,0.068460,MOVE_RIGHT
616,1774872101.659038,924.014404,474.642883,65.823746,132.000000,70.000000,2.157386,-0.040693,2.430734,0.443772,-0.011161,0.068566,MOVE_RIGHT
617,1774872101.723009,923.885254,474.299988,65.738251,132.000000,70.000000,2.159209,-0.043354,2.433895,0.443571,-0.011875,0.068477,MOVE_RIGHT
618,1774872101.772516,923.794861,474.059998,65.738251,132.000000,70.000000,2.158522,-0.045179,2.433895,0.443429,-0.012375,0.068477,MOVE_RIGHT
619,1774872101.821981,923.731567,473.891968,65.738251,132.000000,69.000000,2.158040,-0.046457,2.433895,0.443331,-0.012725,0.068477,MOVE_RIGHT
620,1774872101.884965,923.674683,473.924377,65.732521,132.000000,69.000000,2.157796,-0.046215,2.434107,0.443242,-0.012658,0.068471,MOVE_RIGHT
621,1774872101.943954,923.622314,473.797058,65.730606,132.000000,69.000000,2.157460,-0.047185,2.434178,0.443160,-0.012923,0.068469,MOVE_RIGHT
622,1774872102.018737,923.585571,473.707947,65.730606,132.000000,69.000000,2.157181,-0.047862,2.434178,0.443102,-0.013108,0.068469,MOVE_RIGHT
623,1774872102.069000,923.559937,473.645569,65.654495,132.000000,70.000000,2.159486,-0.048393,2.437000,0.443062,-0.013238,0.068390,MOVE_RIGHT
624,1774872102.128019,923.541992,473.601868,65.654495,132.000000,70.000000,2.159349,-0.048726,2.437000,0.443034,-0.013329,0.068390,MOVE_RIGHT
625,1774872102.189717,923.529419,473.571289,65.654495,132.000000,69.000000,2.159254,-0.048959,2.437000,0.443015,-0.013393,0.068390,MOVE_RIGHT
626,1774872102.249037,923.520630,473.699921,65.622124,132.000000,69.000000,2.160252,-0.048003,2.438202,0.443001,-0.013125,0.068356,MOVE_RIGHT
627,1774872102.289759,923.514404,473.789948,65.622124,132.000000,69.000000,2.160204,-0.047317,2.438202,0.442991,-0.012938,0.068356,MOVE_RIGHT
628,1774872102.352796,923.510132,473.852966,65.622124,132.000000,69.000000,2.160172,-0.046837,2.438202,0.442985,-0.012806,0.068356,MOVE_RIGHT
629,1774872102.418426,923.507080,474.047089,65.593544,132.000000,69.000000,2.161090,-0.045377,2.439264,0.442980,-0.012402,0.068327,MOVE_RIGHT
630,1774872102.479451,923.505005,474.182953,65.593544,132.000000,69.000000,2.161074,-0.044342,2.439264,0.442977,-0.012119,0.068327,MOVE_RIGHT
631,1774872102.527655,923.503540,474.278076,65.593544,132.000000,69.000000,2.161063,-0.043617,2.439264,0.442974,-0.011921,0.068327,MOVE_RIGHT
632,1774872102.589241,923.502441,474.344666,65.593544,132.000000,69.000000,2.161054,-0.043109,2.439264,0.442973,-0.011782,0.068327,MOVE_RIGHT
633,1774872102.650179,923.501709,474.391266,65.593544,132.000000,69.000000,2.161049,-0.042754,2.439264,0.442971,-0.011685,0.068327,MOVE_RIGHT
634,1774872102.711723,923.501221,474.423889,65.593544,132.000000,69.000000,2.161045,-0.042505,2.439264,0.442971,-0.011617,0.068327,MOVE_RIGHT
635,1774872102.760262,923.500854,474.446716,65.593544,132.000000,68.000000,2.161042,-0.042331,2.439264,0.442970,-0.011569,0.068327,MOVE_RIGHT
636,1774872102.815310,923.500610,474.462708,65.654495,132.000000,69.000000,2.159034,-0.042170,2.437000,0.442970,-0.011536,0.068390,MOVE_RIGHT
637,1774872102.874328,923.509644,474.474030,65.623993,132.000000,69.000000,2.160107,-0.042103,2.438133,0.442984,-0.011512,0.068358,MOVE_RIGHT
638,1774872102.934100,923.515869,474.481934,65.623993,132.000000,69.000000,2.160154,-0.042043,2.438133,0.442994,-0.011496,0.068358,MOVE_RIGHT
639,1774872102.985944,923.511108,474.487366,65.730606,132.000000,69.000000,2.156614,-0.041934,2.434178,0.442986,-0.011485,0.068469,MOVE_RIGHT
640,1774872103.037531,923.507812,474.491150,65.730606,132.000000,69.000000,2.156589,-0.041905,2.434178,0.442981,-0.011477,0.068469,MOVE_RIGHT
641,1774872103.095382,923.641602,474.493805,65.278351,131.000000,69.000000,2.172555,-0.042175,2.451042,0.443190,-0.011471,0.067998,MOVE_RIGHT
642,1774872103.159306,923.749146,474.495667,65.324287,131.000000,68.000000,2.171850,-0.042131,2.449319,0.443358,-0.011467,0.068046,MOVE_RIGHT
643,1774872103.223045,923.953796,474.496979,65.662125,132.000000,68.000000,2.162234,-0.041904,2.436717,0.443678,-0.011465,0.068398,MOVE_RIGHT
644,1774872103.287312,924.107300,474.647888,65.656395,132.000000,68.000000,2.163592,-0.040758,2.436929,0.443918,-0.011150,0.068392,MOVE_RIGHT
645,1774872103.342757,924.215942,474.903503,65.624046,132.000000,68.000000,2.165486,-0.038831,2.438131,0.444087,-0.010618,0.068358,MOVE_RIGHT
646,1774872103.404497,924.291992,475.082458,65.624046,132.000000,68.000000,2.166066,-0.037468,2.438131,0.444206,-0.010245,0.068358,MOVE_RIGHT
647,1774872103.464150,924.346375,475.357727,65.595436,132.000000,69.000000,2.167425,-0.035386,2.439194,0.444291,-0.009671,0.068329,MOVE_RIGHT
648,1774872103.527985,924.392456,475.550415,65.622124,132.000000,69.000000,2.166895,-0.033903,2.438202,0.444363,-0.009270,0.068356,MOVE_RIGHT
649,1774872103.589351,924.424683,475.685303,65.622124,132.000000,68.000000,2.167140,-0.032875,2.438202,0.444414,-0.008989,0.068356,MOVE_RIGHT
650,1774872103.640557,924.447266,475.629700,65.654495,132.000000,68.000000,2.166244,-0.033283,2.437000,0.444449,-0.009105,0.068390,MOVE_RIGHT
651,1774872103.701463,924.473389,475.740784,65.656425,132.000000,68.000000,2.166379,-0.032436,2.436928,0.444490,-0.008873,0.068392,MOVE_RIGHT
652,1774872103.765832,924.492798,475.668457,65.692574,132.000000,68.000000,2.165335,-0.032968,2.435587,0.444520,-0.009024,0.068430,MOVE_RIGHT
653,1774872103.828747,924.642700,476.517944,66.009575,133.000000,68.000000,2.156071,-0.026375,2.423891,0.444754,-0.007254,0.068760,MOVE_RIGHT
654,1774872103.894064,924.752197,477.112549,66.009560,133.000000,68.000000,2.156901,-0.021871,2.423891,0.444925,-0.006016,0.068760,MOVE_RIGHT
655,1774872103.956285,924.955933,476.928894,65.662155,132.000000,69.000000,2.169864,-0.023386,2.436716,0.445244,-0.006398,0.068398,MOVE_RIGHT
656,1774872104.005735,925.119141,476.950226,65.690659,132.000000,68.000000,2.170165,-0.023213,2.435658,0.445499,-0.006354,0.068428,MOVE_RIGHT
657,1774872104.058863,925.233398,476.965149,65.690659,132.000000,68.000000,2.171035,-0.023100,2.435658,0.445677,-0.006323,0.068428,MOVE_RIGHT
658,1774872104.116622,925.313416,476.975616,65.622124,132.000000,68.000000,2.173912,-0.023044,2.438202,0.445802,-0.006301,0.068356,MOVE_RIGHT
659,1774872104.176867,925.369385,476.982941,65.690659,132.000000,68.000000,2.172070,-0.022964,2.435658,0.445890,-0.006286,0.068428,MOVE_RIGHT
660,1774872104.230497,925.408569,476.838074,65.730606,132.000000,68.000000,2.171048,-0.024052,2.434178,0.445951,-0.006587,0.068469,MOVE_RIGHT
661,1774872104.285398,925.436035,476.736664,65.730606,132.000000,68.000000,2.171257,-0.024824,2.434178,0.445994,-0.006799,0.068469,MOVE_RIGHT
662,1774872104.346185,925.600708,477.265686,66.032303,133.000000,68.000000,2.162583,-0.020704,2.423056,0.446251,-0.005696,0.068784,MOVE_RIGHT
664,1774872104.459103,925.720459,477.635986,66.047432,133.000000,68.000000,2.162994,-0.017896,2.422501,0.446438,-0.004925,0.068799,MOVE_RIGHT
665,1774872104.517026,925.808899,477.895203,66.032272,133.000000,68.000000,2.164161,-0.015938,2.423058,0.446576,-0.004385,0.068784,MOVE_RIGHT
666,1774872104.574631,925.871948,477.926636,66.049309,133.000000,68.000000,2.164080,-0.015696,2.422433,0.446675,-0.004320,0.068801,MOVE_RIGHT
667,1774872104.631100,926.047729,477.648651,65.732536,132.000000,68.000000,2.175846,-0.017886,2.434107,0.446950,-0.004899,0.068471,MOVE_RIGHT
668,1774872104.678526,926.171997,477.604187,65.692528,132.000000,68.000000,2.178117,-0.018235,2.435589,0.447144,-0.004991,0.068430,MOVE_RIGHT
669,1774872104.737302,926.270386,477.572937,65.730606,132.000000,68.000000,2.177603,-0.018462,2.434178,0.447297,-0.005056,0.068469,MOVE_RIGHT
670,1774872104.799770,926.339294,477.551056,65.730606,132.000000,68.000000,2.178128,-0.018629,2.434178,0.447405,-0.005102,0.068469,MOVE_RIGHT
671,1774872104.861866,926.387512,477.535736,65.730606,132.000000,68.000000,2.178494,-0.018745,2.434178,0.447480,-0.005134,0.068469,MOVE_RIGHT
672,1774872104.922482,926.421265,477.525024,65.730606,132.000000,68.000000,2.178751,-0.018827,2.434178,0.447533,-0.005156,0.068469,MOVE_RIGHT
673,1774872104.979738,926.444885,477.517517,65.730606,132.000000,68.000000,2.178931,-0.018884,2.434178,0.447570,-0.005172,0.068469,MOVE_RIGHT
674,1774872105.027622,926.461426,477.512268,65.730606,132.000000,68.000000,2.179057,-0.018924,2.434178,0.447596,-0.005183,0.068469,MOVE_RIGHT
675,1774872105.082886,926.461548,477.508575,65.692596,132.000000,68.000000,2.180318,-0.018963,2.435586,0.447596,-0.005190,0.068430,MOVE_RIGHT
676,1774872105.143962,926.329895,477.806030,66.070122,133.000000,68.000000,2.166864,-0.016603,2.421670,0.447390,-0.004571,0.068823,MOVE_RIGHT
677,1774872105.198075,926.230957,478.164215,66.068245,133.000000,68.000000,2.166176,-0.013893,2.421738,0.447236,-0.003825,0.068821,MOVE_RIGHT
678,1774872105.255122,926.161621,478.414948,66.068245,133.000000,68.000000,2.165652,-0.011996,2.421738,0.447128,-0.003302,0.068821,MOVE_RIGHT
679,1774872105.317794,926.113159,478.740479,66.047432,133.000000,68.000000,2.165967,-0.009535,2.422501,0.447052,-0.002624,0.068799,MOVE_RIGHT
680,1774872105.376437,926.073486,479.118317,66.049347,133.000000,68.000000,2.165604,-0.006674,2.422431,0.446990,-0.001837,0.068801,MOVE_RIGHT
681,1774872105.439908,926.045776,479.382812,66.049347,133.000000,68.000000,2.165394,-0.004672,2.422431,0.446947,-0.001286,0.068801,MOVE_RIGHT
682,1774872105.500569,926.025269,479.417969,66.070160,133.000000,68.000000,2.164557,-0.004405,2.421668,0.446914,-0.001213,0.068823,MOVE_RIGHT
683,1774872105.561944,926.006287,479.442566,66.054985,133.000000,68.000000,2.164911,-0.004219,2.422224,0.446885,-0.001161,0.068807,MOVE_RIGHT
684,1774872105.611322,925.854431,479.309814,65.690659,132.000000,68.000000,2.175762,-0.005253,2.435658,0.446648,-0.001438,0.068428,MOVE_RIGHT
685,1774872105.672648,925.748108,479.216888,65.690659,132.000000,68.000000,2.174952,-0.005961,2.435658,0.446481,-0.001631,0.068428,MOVE_RIGHT
686,1774872105.731305,925.663391,479.151825,65.656395,132.000000,68.000000,2.175442,-0.006459,2.436929,0.446349,-0.001767,0.068392,MOVE_RIGHT
687,1774872105.789462,925.601807,479.106293,65.732536,132.000000,68.000000,2.172454,-0.006798,2.434107,0.446253,-0.001862,0.068471,MOVE_RIGHT
688,1774872105.836790,925.426941,479.374390,66.049309,133.000000,68.000000,2.160711,-0.004736,2.422433,0.445980,-0.001303,0.068801,MOVE_RIGHT
689,1774872105.891884,925.298828,479.712097,66.047432,133.000000,68.000000,2.159803,-0.002180,2.422501,0.445779,-0.000600,0.068799,MOVE_RIGHT
690,1774872105.951178,925.209167,480.098450,66.030396,133.000000,68.000000,2.159681,0.000745,2.423126,0.445639,0.000205,0.068782,MOVE_RIGHT
691,1774872106.003784,925.146423,480.218933,66.047432,133.000000,67.000000,2.158649,0.001657,2.422501,0.445541,0.000456,0.068799,MOVE_RIGHT
692,1774872106.053959,925.095703,480.303284,66.070160,133.000000,68.000000,2.157522,0.002295,2.421668,0.445462,0.000632,0.068823,MOVE_RIGHT
693,1774872106.112316,925.055603,480.362305,66.054985,133.000000,68.000000,2.157715,0.002742,2.422224,0.445399,0.000755,0.068807,MOVE_RIGHT
694,1774872106.171783,924.888916,480.103607,65.730606,132.000000,68.000000,2.167095,0.000788,2.434178,0.445139,0.000216,0.068469,MOVE_RIGHT
695,1774872106.234335,924.772217,479.922516,65.730606,132.000000,68.000000,2.166207,-0.000589,2.434178,0.444957,-0.000161,0.068469,MOVE_RIGHT
696,1774872106.290174,924.690552,479.945770,65.690659,132.000000,68.000000,2.166903,-0.000413,2.435658,0.444829,-0.000113,0.068428,MOVE_RIGHT
697,1774872106.345574,924.633423,479.962036,65.690659,132.000000,68.000000,2.166468,-0.000289,2.435658,0.444740,-0.000079,0.068428,MOVE_RIGHT
698,1774872106.407329,924.593384,479.823425,65.730606,132.000000,68.000000,2.164847,-0.001343,2.434178,0.444677,-0.000368,0.068469,MOVE_RIGHT
699,1774872106.471791,924.565308,479.726410,65.730606,132.000000,69.000000,2.164633,-0.002081,2.434178,0.444633,-0.000570,0.068469,MOVE_RIGHT
700,1774872106.528574,924.545654,479.658478,65.730606,132.000000,69.000000,2.164484,-0.002598,2.434178,0.444603,-0.000712,0.068469,MOVE_RIGHT
701,1774872106.573670,924.387634,479.760925,66.049309,133.000000,68.000000,2.152843,-0.001810,2.422433,0.444356,-0.000498,0.068801,MOVE_RIGHT
702,1774872106.632420,924.277039,479.832642,66.049309,133.000000,68.000000,2.152006,-0.001267,2.422433,0.444183,-0.000349,0.068801,MOVE_RIGHT
703,1774872106.694322,924.198486,480.032837,66.032272,133.000000,68.000000,2.151967,0.000249,2.423058,0.444060,0.000068,0.068784,MOVE_RIGHT
704,1774872106.758974,924.138916,480.172974,66.047432,133.000000,68.000000,2.151022,0.001309,2.422501,0.443967,0.000360,0.068799,MOVE_RIGHT
705,1774872106.817516,924.097229,480.271057,66.047432,133.000000,68.000000,2.150706,0.002052,2.422501,0.443902,0.000565,0.068799,MOVE_RIGHT
706,1774872106.871999,924.068054,480.339722,66.047432,133.000000,68.000000,2.150485,0.002572,2.422501,0.443856,0.000708,0.068799,MOVE_RIGHT
707,1774872106.925068,924.047668,480.387817,66.047432,133.000000,68.000000,2.150331,0.002936,2.422501,0.443824,0.000808,0.068799,MOVE_RIGHT
708,1774872106.991663,924.033386,480.421448,66.092834,133.000000,68.000000,2.148746,0.003188,2.420837,0.443802,0.000878,0.068847,MOVE_RIGHT
709,1774872107.050390,924.023376,480.445007,66.092834,133.000000,68.000000,2.148670,0.003367,2.420837,0.443787,0.000927,0.068847,MOVE_RIGHT
710,1774872107.097421,924.009521,480.161499,66.070122,133.000000,69.000000,2.149304,0.001222,2.421670,0.443765,0.000336,0.068823,MOVE_RIGHT
711,1774872107.152295,923.995239,479.963043,66.055031,133.000000,69.000000,2.149687,-0.000280,2.422223,0.443743,-0.000077,0.068807,MOVE_RIGHT
712,1774872107.213522,923.859253,479.374146,65.732521,132.000000,68.000000,2.159199,-0.004761,2.434107,0.443530,-0.001304,0.068471,MOVE_RIGHT
713,1774872107.256951,923.764099,478.961914,65.732521,132.000000,68.000000,2.158476,-0.007896,2.434107,0.443381,-0.002163,0.068471,MOVE_RIGHT
714,1774872107.314427,923.698608,478.523346,65.776276,132.000000,69.000000,2.156542,-0.011225,2.432488,0.443279,-0.003076,0.068517,MOVE_RIGHT
715,1774872107.380030,923.639038,478.066345,65.774338,132.000000,69.000000,2.156153,-0.014699,2.432560,0.443186,-0.004028,0.068515,MOVE_RIGHT
716,1774872107.437462,923.609924,477.746429,65.732521,132.000000,69.000000,2.157303,-0.017142,2.434107,0.443141,-0.004695,0.068471,MOVE_RIGHT
717,1774872107.498472,923.589539,477.522491,65.732521,132.000000,68.000000,2.157148,-0.018845,2.434107,0.443109,-0.005161,0.068471,MOVE_RIGHT
718,1774872107.560809,923.576416,477.215759,65.776276,132.000000,69.000000,2.155613,-0.021164,2.432488,0.443088,-0.005801,0.068517,MOVE_RIGHT
719,1774872107.609525,923.567261,477.001038,65.776276,132.000000,69.000000,2.155544,-0.022797,2.432488,0.443074,-0.006248,0.068517,MOVE_RIGHT
720,1774872107.669270,923.690308,477.150726,66.070160,133.000000,69.000000,2.146887,-0.021562,2.421668,0.443266,-0.005936,0.068823,MOVE_RIGHT
721,1774872107.733046,923.783203,477.105499,66.068245,133.000000,69.000000,2.147652,-0.021905,2.421738,0.443411,-0.006030,0.068821,MOVE_RIGHT
722,1774872107.792262,923.848267,477.073853,66.068245,133.000000,69.000000,2.148144,-0.022145,2.421738,0.443513,-0.006096,0.068821,MOVE_RIGHT
723,1774872107.842831,923.893799,477.051697,66.068245,133.000000,69.000000,2.148489,-0.022313,2.421738,0.443584,-0.006142,0.068821,MOVE_RIGHT
724,1774872107.896914,923.925659,477.186188,66.047432,133.000000,69.000000,2.149407,-0.021301,2.422501,0.443634,-0.005862,0.068799,MOVE_RIGHT
725,1774872107.961766,923.947937,477.130341,66.068245,133.000000,69.000000,2.148899,-0.021717,2.421738,0.443669,-0.005978,0.068821,MOVE_RIGHT
726,1774872108.014400,923.963562,477.091248,66.121201,133.000000,69.000000,2.147296,-0.021996,2.419799,0.443693,-0.006060,0.068876,MOVE_RIGHT
727,1774872108.066723,923.994934,476.913879,66.085312,133.000000,69.000000,2.148699,-0.023350,2.421113,0.443742,-0.006429,0.068839,MOVE_RIGHT
728,1774872108.131926,924.146484,476.339722,65.774338,132.000000,70.000000,2.160010,-0.027825,2.432560,0.443979,-0.007626,0.068515,MOVE_RIGHT
729,1774872108.197327,924.252563,475.937805,65.774338,132.000000,70.000000,2.160817,-0.030880,2.432560,0.444145,-0.008463,0.068515,MOVE_RIGHT
730,1774872108.250980,924.326782,475.656464,65.774338,132.000000,69.000000,2.161381,-0.033018,2.432560,0.444261,-0.009049,0.068515,MOVE_RIGHT
731,1774872108.305599,924.378784,475.609558,65.730606,132.000000,69.000000,2.163214,-0.033397,2.434178,0.444342,-0.009147,0.068469,MOVE_RIGHT
732,1774872108.357900,924.415161,475.426697,65.774338,132.000000,69.000000,2.162053,-0.034765,2.432560,0.444399,-0.009528,0.068515,MOVE_RIGHT
733,1774872108.420350,924.440552,475.298676,65.774338,132.000000,69.000000,2.162246,-0.035738,2.432560,0.444438,-0.009794,0.068515,MOVE_RIGHT
734,1774872108.480750,924.458374,475.059082,65.821831,132.000000,69.000000,2.160821,-0.037533,2.430804,0.444466,-0.010294,0.068564,MOVE_RIGHT
735,1774872108.532861,924.604980,475.191345,66.100410,133.000000,69.000000,2.152823,-0.036374,2.420560,0.444695,-0.010018,0.068855,MOVE_RIGHT
736,1774872108.591133,924.723450,475.283936,66.092834,133.000000,69.000000,2.153966,-0.035678,2.420837,0.444880,-0.009825,0.068847,MOVE_RIGHT
737,1774872108.653146,924.806396,475.348755,66.092834,133.000000,69.000000,2.154594,-0.035187,2.420837,0.445010,-0.009690,0.068847,MOVE_RIGHT
738,1774872108.714863,924.864441,475.394104,66.092834,133.000000,69.000000,2.155033,-0.034844,2.420837,0.445101,-0.009596,0.068847,MOVE_RIGHT
739,1774872108.763455,924.905090,475.725891,66.092834,133.000000,70.000000,2.155340,-0.032334,2.420837,0.445164,-0.008904,0.068847,MOVE_RIGHT
740,1774872108.819885,924.933533,475.658142,66.092834,133.000000,70.000000,2.155555,-0.032847,2.420837,0.445209,-0.009046,0.068847,MOVE_RIGHT
741,1774872108.881525,924.961426,475.760681,66.094704,133.000000,70.000000,2.155705,-0.032070,2.420769,0.445252,-0.008832,0.068849,MOVE_RIGHT
742,1774872108.940547,924.972961,475.832458,66.189224,133.000000,70.000000,2.152714,-0.031482,2.417312,0.445270,-0.008682,0.068947,MOVE_RIGHT
743,1774872109.003989,924.981079,475.882690,66.189224,133.000000,70.000000,2.152775,-0.031103,2.417312,0.445283,-0.008578,0.068947,MOVE_RIGHT
744,1774872109.065265,924.986755,475.917908,66.189224,133.000000,70.000000,2.152818,-0.030837,2.417312,0.445292,-0.008504,0.068947,MOVE_RIGHT
745,1774872109.112718,925.000977,475.942505,66.155205,133.000000,70.000000,2.154033,-0.030666,2.418555,0.445314,-0.008453,0.068912,MOVE_RIGHT
746,1774872109.170138,925.010925,475.959778,66.155205,133.000000,69.000000,2.154108,-0.030536,2.418555,0.445330,-0.008417,0.068912,MOVE_RIGHT
747,1774872109.233353,925.025818,475.971863,66.128792,133.000000,70.000000,2.155081,-0.030457,2.419521,0.445353,-0.008392,0.068884,MOVE_RIGHT
748,1774872109.289798,925.168091,475.830322,65.821831,132.000000,70.000000,2.166212,-0.031674,2.430804,0.445575,-0.008687,0.068564,MOVE_RIGHT
749,1774872109.353050,925.135864,475.881226,66.128792,133.000000,70.000000,2.155913,-0.031142,2.419521,0.445525,-0.008581,0.068884,MOVE_RIGHT
750,1774872109.423147,925.245117,475.916870,65.774338,132.000000,70.000000,2.168362,-0.031039,2.432560,0.445695,-0.008507,0.068515,MOVE_RIGHT
751,1774872109.487372,925.321594,475.941833,65.774338,132.000000,70.000000,2.168943,-0.030849,2.432560,0.445815,-0.008455,0.068515,MOVE_RIGHT
752,1774872109.552261,925.375122,475.959290,65.774338,132.000000,70.000000,2.169350,-0.030716,2.432560,0.445899,-0.008418,0.068515,MOVE_RIGHT
753,1774872109.624695,925.412598,476.121521,65.730606,132.000000,70.000000,2.171078,-0.029503,2.434178,0.445957,-0.008080,0.068469,MOVE_RIGHT
754,1774872109.695145,925.438843,476.385071,65.774338,132.000000,70.000000,2.169834,-0.027480,2.432560,0.445998,-0.007531,0.068515,MOVE_RIGHT
755,1774872109.755464,925.457214,476.569550,65.774338,132.000000,70.000000,2.169974,-0.026077,2.432560,0.446027,-0.007147,0.068515,MOVE_RIGHT
756,1774872109.821829,925.470093,476.698700,65.774338,132.000000,69.000000,2.170072,-0.025096,2.432560,0.446047,-0.006878,0.068515,MOVE_RIGHT
757,1774872109.895536,925.479065,476.789093,65.774338,132.000000,70.000000,2.170140,-0.024409,2.432560,0.446061,-0.006689,0.068515,MOVE_RIGHT
758,1774872109.971301,925.485352,477.002350,65.730606,132.000000,70.000000,2.171632,-0.022803,2.434178,0.446071,-0.006245,0.068469,MOVE_RIGHT
759,1774872110.034211,925.489746,477.151642,65.730606,132.000000,70.000000,2.171665,-0.021667,2.434178,0.446078,-0.005934,0.068469,MOVE_RIGHT
760,1774872110.100734,925.492859,477.256134,65.730606,132.000000,70.000000,2.171689,-0.020872,2.434178,0.446083,-0.005716,0.068469,MOVE_RIGHT
761,1774872110.178340,925.494995,477.479309,65.774338,132.000000,70.000000,2.170261,-0.019162,2.432560,0.446086,-0.005251,0.068515,MOVE_RIGHT
762,1774872110.246239,925.496521,477.635498,65.774338,132.000000,70.000000,2.170273,-0.017974,2.432560,0.446088,-0.004926,0.068515,MOVE_RIGHT
763,1774872110.316251,925.497559,477.744873,65.774338,132.000000,69.000000,2.170281,-0.017143,2.432560,0.446090,-0.004698,0.068515,MOVE_RIGHT
764,1774872110.390181,925.498291,477.821411,65.774338,132.000000,69.000000,2.170286,-0.016561,2.432560,0.446091,-0.004539,0.068515,MOVE_RIGHT
765,1774872110.451060,925.498840,477.875000,65.774338,132.000000,69.000000,2.170290,-0.016154,2.432560,0.446092,-0.004427,0.068515,MOVE_RIGHT
766,1774872110.518612,925.376465,478.062500,66.138245,133.000000,69.000000,2.157424,-0.014647,2.419175,0.445901,-0.004036,0.068894,MOVE_RIGHT
767,1774872110.593044,925.274902,478.193726,66.191147,133.000000,69.000000,2.154932,-0.013644,2.417242,0.445742,-0.003763,0.068949,MOVE_RIGHT
768,1774872110.645333,925.202698,478.435608,66.155258,133.000000,69.000000,2.155556,-0.011824,2.418553,0.445629,-0.003259,0.068912,MOVE_RIGHT
769,1774872110.721978,925.152161,478.604919,66.155258,133.000000,69.000000,2.155174,-0.010544,2.418553,0.445550,-0.002906,0.068912,MOVE_RIGHT
770,1774872110.802704,925.116760,478.723450,66.155258,133.000000,69.000000,2.154906,-0.009648,2.418553,0.445495,-0.002659,0.068912,MOVE_RIGHT
771,1774872110.868684,925.090820,478.956421,66.123070,133.000000,69.000000,2.155759,-0.007891,2.419730,0.445454,-0.002174,0.068878,MOVE_RIGHT
772,1774872110.940764,925.072632,479.119507,66.123070,133.000000,70.000000,2.155622,-0.006658,2.419730,0.445426,-0.001834,0.068878,MOVE_RIGHT
773,1774872111.020187,925.050842,479.083649,66.121201,133.000000,69.000000,2.155518,-0.006929,2.419799,0.445392,-0.001909,0.068876,MOVE_RIGHT
774,1774872111.100761,925.035583,479.208557,66.092834,133.000000,69.000000,2.156327,-0.005987,2.420837,0.445368,-0.001649,0.068847,MOVE_RIGHT
775,1774872111.174372,925.024902,479.295990,66.092834,133.000000,69.000000,2.156247,-0.005326,2.420837,0.445351,-0.001467,0.068847,MOVE_RIGHT
776,1774872111.247828,925.017395,479.357208,66.092834,133.000000,69.000000,2.156190,-0.004863,2.420837,0.445340,-0.001339,0.068847,MOVE_RIGHT
777,1774872111.342567,925.012146,479.400055,66.153328,133.000000,69.000000,2.154178,-0.004535,2.418624,0.445331,-0.001250,0.068910,MOVE_RIGHT
778,1774872111.413449,925.008484,479.430054,66.153328,133.000000,69.000000,2.154151,-0.004308,2.418624,0.445326,-0.001187,0.068910,MOVE_RIGHT
